Timestamp,pH,COD_mg_L,BOD_mg_L,TDS_mg_L,Temperature_C,Trend_COD,Spike_Status,Spike_Parameter
2025-01-01 00:00:00,7.536,42.93,3.8,839.12,27.3,Stable,NORMAL,None
2025-01-01 01:00:00,7.515,62.74,4.93,849.37,27.6,Stable,NORMAL,None
2025-01-01 02:00:00,7.504,55.21,3.64,844.52,27.67,Stable,NORMAL,None
2025-01-01 03:00:00,7.476,59.06,1.91,842.68,28.0,Stable,NORMAL,None
2025-01-01 04:00:00,7.385,75.13,2.56,849.51,28.13,Stable,NORMAL,None
2025-01-01 05:00:00,7.21,62.62,4.03,843.43,27.85,Stable,NORMAL,None
2025-01-01 06:00:00,7.133,85.96,4.6,849.27,29.33,Increasing,NORMAL,None
2025-01-01 07:00:00,7.495,30.0,5.0,842.14,29.04,Decreasing,NORMAL,None
2025-01-01 08:00:00,7.382,106.83,6.37,829.66,29.73,Increasing,NORMAL,None
2025-01-01 09:00:00,7.446,58.41,5.52,846.76,30.33,Stable,NORMAL,None
2025-01-01 10:00:00,7.351,72.94,7.36,845.42,30.78,Stable,NORMAL,None
2025-01-01 11:00:00,7.415,80.79,6.3,848.86,30.89,Increasing,NORMAL,None
2025-01-01 12:00:00,7.243,84.97,4.82,817.65,30.89,Stable,NORMAL,None
2025-01-01 13:00:00,7.301,62.4,4.4,818.94,30.64,Increasing,NORMAL,None
2025-01-01 14:00:00,7.384,57.13,4.16,832.13,30.77,Decreasing,NORMAL,None
2025-01-01 15:00:00,7.428,47.43,3.76,828.3,30.56,Decreasing,NORMAL,None
2025-01-01 16:00:00,7.361,94.37,4.3,823.59,29.46,Increasing,NORMAL,None
2025-01-01 17:00:00,7.42,46.48,3.91,807.06,29.93,Decreasing,NORMAL,None
2025-01-01 18:00:00,7.219,57.64,5.01,793.32,28.9,Decreasing,NORMAL,None
2025-01-01 19:00:00,7.257,30.0,4.31,791.32,28.48,Decreasing,NORMAL,None
2025-01-01 20:00:00,7.459,43.9,2.92,767.05,28.6,Decreasing,NORMAL,None
2025-01-01 21:00:00,7.255,79.33,2.77,783.79,28.66,Increasing,NORMAL,None
2025-01-01 22:00:00,7.406,42.15,2.97,775.57,27.49,Decreasing,NORMAL,None
2025-01-01 23:00:00,7.378,53.44,2.71,771.19,27.49,Increasing,NORMAL,None
2025-01-02 00:00:00,7.458,47.91,3.87,753.12,26.9,Decreasing,NORMAL,None
2025-01-02 01:00:00,7.347,48.83,3.87,786.62,27.47,Increasing,NORMAL,None
2025-01-02 02:00:00,7.374,61.79,4.96,762.42,28.04,Increasing,NORMAL,None
2025-01-02 03:00:00,7.395,30.9,5.8,787.27,27.96,Decreasing,NORMAL,None
2025-01-02 04:00:00,7.299,69.92,6.73,779.86,28.44,Increasing,NORMAL,None
2025-01-02 05:00:00,7.384,114.89,6.37,764.99,28.76,Increasing,NORMAL,None
2025-01-02 06:00:00,7.413,52.94,6.47,771.76,29.14,Increasing,NORMAL,None
2025-01-02 07:00:00,7.434,45.35,5.33,772.79,29.65,Decreasing,NORMAL,None
2025-01-02 08:00:00,7.134,30.0,6.04,750.22,30.46,Decreasing,NORMAL,None
2025-01-02 09:00:00,7.25,30.0,10.06,762.14,30.2,Stable,NORMAL,None
2025-01-02 10:00:00,7.364,66.95,11.29,798.16,30.35,Decreasing,NORMAL,None
2025-01-02 11:00:00,7.288,88.03,8.87,788.83,31.07,Decreasing,NORMAL,None
2025-01-02 12:00:00,7.566,41.02,7.53,784.53,31.25,Decreasing,NORMAL,None
2025-01-02 13:00:00,7.373,42.78,8.1,772.11,30.87,Decreasing,NORMAL,None
2025-01-02 14:00:00,7.394,76.07,9.72,778.17,30.81,Increasing,NORMAL,None
2025-01-02 15:00:00,7.233,118.52,10.52,789.27,30.71,Increasing,NORMAL,None
2025-01-02 16:00:00,7.21,54.96,8.62,797.56,30.51,Decreasing,NORMAL,None
2025-01-02 17:00:00,7.383,41.73,9.55,785.8,29.56,Decreasing,NORMAL,None
2025-01-02 18:00:00,7.314,74.82,7.34,787.7,29.0,Increasing,NORMAL,None
2025-01-02 19:00:00,7.445,56.19,8.45,799.53,29.14,Increasing,NORMAL,None
2025-01-02 20:00:00,7.404,90.54,7.32,787.14,28.67,Increasing,NORMAL,None
2025-01-02 21:00:00,7.287,87.47,7.71,793.1,27.77,Decreasing,NORMAL,None
2025-01-02 22:00:00,7.469,57.22,7.62,794.13,27.39,Increasing,NORMAL,None
2025-01-02 23:00:00,7.253,96.44,6.14,812.16,27.67,Increasing,NORMAL,None
2025-01-03 00:00:00,7.331,108.2,6.03,833.21,27.71,Increasing,NORMAL,None
2025-01-03 01:00:00,7.429,73.67,6.56,844.68,27.33,Increasing,NORMAL,None
2025-01-03 02:00:00,7.486,30.0,5.23,850.91,27.72,Decreasing,NORMAL,None
2025-01-03 03:00:00,7.354,30.0,5.21,818.83,27.8,Decreasing,NORMAL,None
2025-01-03 04:00:00,7.329,67.22,4.63,795.46,28.04,Increasing,NORMAL,None
2025-01-03 05:00:00,7.275,94.11,3.46,830.07,28.91,Stable,NORMAL,None
2025-01-03 06:00:00,7.381,47.05,4.38,831.09,29.21,Decreasing,NORMAL,None
2025-01-03 07:00:00,7.555,43.62,3.58,825.06,29.45,Decreasing,NORMAL,None
2025-01-03 08:00:00,7.193,69.41,1.85,809.41,29.45,Increasing,NORMAL,None
2025-01-03 09:00:00,7.421,75.78,2.48,801.47,30.5,Increasing,NORMAL,None
2025-01-03 10:00:00,7.387,61.3,2.05,789.78,30.7,Decreasing,NORMAL,None
2025-01-03 11:00:00,7.306,59.0,2.15,792.36,30.65,Decreasing,NORMAL,None
2025-01-03 12:00:00,7.17,43.33,1.66,793.3,30.47,Decreasing,NORMAL,None
2025-01-03 13:00:00,7.41,30.0,2.93,760.95,30.89,Decreasing,NORMAL,None
2025-01-03 14:00:00,7.453,41.57,3.03,734.4,30.52,Decreasing,NORMAL,None
2025-01-03 15:00:00,7.387,76.11,3.68,751.26,30.35,Stable,NORMAL,None
2025-01-03 16:00:00,7.281,114.62,7.56,752.73,30.12,Increasing,NORMAL,None
2025-01-03 17:00:00,7.372,30.0,5.95,738.48,29.41,Decreasing,NORMAL,None
2025-01-03 18:00:00,7.315,30.0,5.63,737.08,29.02,Decreasing,NORMAL,None
2025-01-03 19:00:00,7.432,81.65,5.86,756.53,28.6,Increasing,NORMAL,None
2025-01-03 20:00:00,7.409,63.84,6.06,729.88,27.89,Increasing,NORMAL,None
2025-01-03 21:00:00,7.278,41.54,7.03,725.84,27.19,Decreasing,NORMAL,None
2025-01-03 22:00:00,7.328,115.29,7.45,743.86,27.52,Stable,NORMAL,None
2025-01-03 23:00:00,7.242,53.32,10.31,760.4,27.36,Increasing,NORMAL,None
2025-01-04 00:00:00,7.294,82.24,8.69,785.22,27.38,Increasing,NORMAL,None
2025-01-04 01:00:00,7.329,82.49,7.54,760.28,28.07,Stable,NORMAL,None
2025-01-04 02:00:00,7.438,94.61,6.12,749.39,27.14,Increasing,NORMAL,None
2025-01-04 03:00:00,7.27,43.81,5.84,752.22,27.71,Increasing,NORMAL,None
2025-01-04 04:00:00,7.316,52.02,4.46,757.18,28.18,Decreasing,NORMAL,None
2025-01-04 05:00:00,7.367,59.25,4.68,758.07,28.81,Increasing,NORMAL,None
2025-01-04 06:00:00,7.401,30.0,4.72,741.14,29.01,Decreasing,NORMAL,None
2025-01-04 07:00:00,7.386,51.35,4.65,751.45,29.52,Decreasing,NORMAL,None
2025-01-04 08:00:00,7.366,51.38,4.88,757.2,29.91,Decreasing,NORMAL,None
2025-01-04 09:00:00,7.309,83.84,4.44,772.57,30.42,Increasing,NORMAL,None
2025-01-04 10:00:00,7.207,77.05,5.58,768.07,30.51,Increasing,NORMAL,None
2025-01-04 11:00:00,7.244,64.82,8.7,780.18,30.99,Increasing,NORMAL,None
2025-01-04 12:00:00,7.264,61.93,8.55,795.18,30.39,Increasing,NORMAL,None
2025-01-04 13:00:00,7.404,70.05,9.4,794.78,31.04,Increasing,NORMAL,None
2025-01-04 14:00:00,7.467,40.59,9.08,786.96,31.06,Decreasing,NORMAL,None
2025-01-04 15:00:00,7.569,54.87,7.9,782.38,30.3,Decreasing,NORMAL,None
2025-01-04 16:00:00,7.34,90.25,6.41,801.22,29.69,Increasing,NORMAL,None
2025-01-04 17:00:00,7.246,68.97,5.19,782.4,29.51,Increasing,NORMAL,None
2025-01-04 18:00:00,7.284,73.31,5.39,791.48,29.11,Increasing,NORMAL,None
2025-01-04 19:00:00,7.27,36.79,5.86,796.14,28.14,Decreasing,NORMAL,None
2025-01-04 20:00:00,7.328,80.37,7.46,801.89,27.36,Increasing,NORMAL,None
2025-01-04 21:00:00,7.569,58.31,5.44,800.47,27.87,Increasing,NORMAL,None
2025-01-04 22:00:00,7.352,54.37,6.05,799.43,27.7,Decreasing,NORMAL,None
2025-01-04 23:00:00,7.216,71.32,6.98,816.77,27.39,Increasing,NORMAL,None
2025-01-05 00:00:00,7.395,54.45,5.19,805.04,27.55,Decreasing,NORMAL,None
2025-01-05 01:00:00,7.506,44.84,6.18,818.53,27.28,Increasing,NORMAL,None
2025-01-05 02:00:00,7.38,113.06,6.3,816.06,27.82,Increasing,NORMAL,None
2025-01-05 03:00:00,7.082,50.78,5.82,824.43,27.89,Decreasing,NORMAL,None
2025-01-05 04:00:00,7.338,62.64,3.87,826.38,28.39,Increasing,NORMAL,None
2025-01-05 05:00:00,7.258,30.0,3.67,829.39,28.75,Decreasing,NORMAL,None
2025-01-05 06:00:00,7.283,101.44,5.03,846.21,28.78,Increasing,NORMAL,None
2025-01-05 07:00:00,7.19,60.46,7.96,832.47,29.42,Increasing,NORMAL,None
2025-01-05 08:00:00,7.497,30.0,7.78,827.29,29.81,Decreasing,NORMAL,None
2025-01-05 09:00:00,7.468,40.14,7.0,794.52,31.04,Decreasing,NORMAL,None
2025-01-05 10:00:00,7.228,61.63,7.95,798.83,31.02,Stable,NORMAL,None
2025-01-05 11:00:00,7.242,72.12,7.9,795.64,31.3,Increasing,NORMAL,None
2025-01-05 12:00:00,7.527,66.42,8.52,794.35,30.63,Decreasing,NORMAL,None
2025-01-05 13:00:00,7.353,60.97,8.62,786.13,30.87,Stable,NORMAL,None
2025-01-05 14:00:00,7.3,59.3,6.4,764.18,30.66,Increasing,NORMAL,None
2025-01-05 15:00:00,7.177,119.41,9.22,770.48,30.84,Increasing,NORMAL,None
2025-01-05 16:00:00,7.18,79.28,8.98,764.25,29.38,Increasing,NORMAL,None
2025-01-05 17:00:00,7.208,53.24,10.22,740.82,29.77,Decreasing,NORMAL,None
2025-01-05 18:00:00,7.5,40.88,9.05,755.52,29.25,Decreasing,NORMAL,None
2025-01-05 19:00:00,7.38,92.2,8.8,755.21,28.42,Increasing,NORMAL,None
2025-01-05 20:00:00,7.432,62.31,8.66,769.53,28.13,Increasing,NORMAL,None
2025-01-05 21:00:00,7.276,68.92,7.5,775.55,27.97,Decreasing,NORMAL,None
2025-01-05 22:00:00,7.146,62.52,6.58,779.58,27.44,Decreasing,NORMAL,None
2025-01-05 23:00:00,7.475,81.58,9.96,795.44,27.45,Increasing,NORMAL,None
2025-01-06 00:00:00,7.346,82.96,7.88,815.05,27.11,Increasing,NORMAL,None
2025-01-06 01:00:00,7.375,99.86,7.34,824.03,27.35,Increasing,NORMAL,None
2025-01-06 02:00:00,7.252,101.92,8.39,820.95,27.46,Increasing,NORMAL,None
2025-01-06 03:00:00,7.158,83.1,7.51,795.0,27.68,Increasing,NORMAL,None
2025-01-06 04:00:00,7.301,64.91,6.83,803.17,28.01,Increasing,NORMAL,None
2025-01-06 05:00:00,7.464,95.8,7.72,820.05,28.07,Increasing,NORMAL,None
2025-01-06 06:00:00,7.362,72.0,7.18,810.16,29.42,Decreasing,NORMAL,None
2025-01-06 07:00:00,7.28,75.59,6.94,811.87,29.8,Decreasing,NORMAL,None
2025-01-06 08:00:00,7.417,46.51,6.71,830.55,29.29,Decreasing,NORMAL,None
2025-01-06 09:00:00,7.446,61.08,5.51,826.11,30.45,Decreasing,NORMAL,None
2025-01-06 10:00:00,7.468,53.15,4.87,822.17,30.12,Decreasing,NORMAL,None
2025-01-06 11:00:00,7.293,142.3,7.08,819.8,31.25,Increasing,NORMAL,None
2025-01-06 12:00:00,7.354,43.9,6.11,791.66,30.81,Decreasing,NORMAL,None
2025-01-06 13:00:00,7.561,49.93,7.61,777.79,31.09,Decreasing,NORMAL,None
2025-01-06 14:00:00,7.488,30.0,7.37,787.81,30.39,Decreasing,NORMAL,None
2025-01-06 15:00:00,7.138,75.15,7.45,800.59,30.44,Increasing,NORMAL,None
2025-01-06 16:00:00,7.41,54.83,6.66,808.58,29.85,Increasing,NORMAL,None
2025-01-06 17:00:00,7.506,89.21,9.16,792.98,29.65,Decreasing,NORMAL,None
2025-01-06 18:00:00,7.481,73.21,8.98,794.31,28.93,Increasing,NORMAL,None
2025-01-06 19:00:00,7.239,95.7,9.44,809.68,28.67,Increasing,NORMAL,None
2025-01-06 20:00:00,7.521,30.0,8.05,826.79,28.23,Stable,NORMAL,None
2025-01-06 21:00:00,7.323,67.96,6.21,792.21,27.93,Decreasing,NORMAL,None
2025-01-06 22:00:00,7.39,86.97,6.35,783.91,27.11,Increasing,NORMAL,None
2025-01-06 23:00:00,7.344,54.67,7.32,759.6,27.58,Decreasing,NORMAL,None
2025-01-07 00:00:00,7.486,76.73,7.32,754.6,27.56,Increasing,NORMAL,None
2025-01-07 01:00:00,7.226,75.21,8.16,763.91,27.48,Decreasing,NORMAL,None
2025-01-07 02:00:00,7.43,78.82,6.83,763.4,27.46,Increasing,NORMAL,None
2025-01-07 03:00:00,7.281,73.68,12.32,775.34,27.57,Increasing,NORMAL,None
2025-01-07 04:00:00,7.195,81.91,11.19,794.84,28.28,Decreasing,NORMAL,None
2025-01-07 05:00:00,7.352,30.0,11.33,764.25,28.64,Decreasing,NORMAL,None
2025-01-07 06:00:00,7.273,71.26,14.22,747.63,29.2,Decreasing,NORMAL,None
2025-01-07 07:00:00,7.361,109.35,12.05,774.83,29.82,Increasing,NORMAL,None
2025-01-07 08:00:00,7.277,59.74,11.66,796.15,29.98,Decreasing,NORMAL,None
2025-01-07 09:00:00,7.169,130.42,9.95,803.99,30.36,Increasing,NORMAL,None
2025-01-07 10:00:00,7.232,75.45,8.34,799.27,30.35,Decreasing,NORMAL,None
2025-01-07 11:00:00,7.353,54.0,7.15,816.15,30.74,Increasing,NORMAL,None
2025-01-07 12:00:00,7.25,92.19,7.29,807.4,30.78,Increasing,NORMAL,None
2025-01-07 13:00:00,7.348,48.48,7.14,811.58,30.53,Decreasing,NORMAL,None
2025-01-07 14:00:00,7.414,60.49,8.68,791.62,30.71,Stable,NORMAL,None
2025-01-07 15:00:00,7.325,76.55,7.44,798.55,30.6,Decreasing,NORMAL,None
2025-01-07 16:00:00,7.362,51.24,8.69,800.45,30.01,Decreasing,NORMAL,None
2025-01-07 17:00:00,7.386,66.18,13.77,798.87,29.81,Increasing,NORMAL,None
2025-01-07 18:00:00,7.312,85.54,11.35,786.33,29.53,Decreasing,NORMAL,None
2025-01-07 19:00:00,7.211,120.14,12.97,824.55,29.22,Increasing,NORMAL,None
2025-01-07 20:00:00,7.223,73.73,11.87,828.54,28.77,Increasing,NORMAL,None
2025-01-07 21:00:00,7.148,90.72,16.3,829.54,27.69,Increasing,NORMAL,None
2025-01-07 22:00:00,7.2,97.19,17.32,842.96,27.63,Increasing,NORMAL,None
2025-01-07 23:00:00,7.408,129.86,15.9,843.84,27.42,Increasing,NORMAL,None
2025-01-08 00:00:00,7.345,108.03,14.31,872.15,27.14,Increasing,NORMAL,None
2025-01-08 01:00:00,7.342,85.66,13.07,852.69,27.82,Decreasing,NORMAL,None
2025-01-08 02:00:00,7.308,115.08,12.79,864.15,27.57,Increasing,NORMAL,None
2025-01-08 03:00:00,7.344,111.33,13.41,861.82,27.67,Increasing,NORMAL,None
2025-01-08 04:00:00,7.441,59.29,13.26,848.42,28.66,Decreasing,NORMAL,None
2025-01-08 05:00:00,7.279,99.95,13.67,822.98,28.73,Decreasing,NORMAL,None
2025-01-08 06:00:00,7.372,90.51,13.05,817.29,29.09,Decreasing,NORMAL,None
2025-01-08 07:00:00,7.379,45.52,12.35,826.21,29.4,Decreasing,NORMAL,None
2025-01-08 08:00:00,7.409,46.73,11.22,817.15,30.09,Decreasing,NORMAL,None
2025-01-08 09:00:00,7.223,136.61,9.96,812.95,30.16,Increasing,NORMAL,None
2025-01-08 10:00:00,7.307,79.93,8.32,814.34,30.09,Increasing,NORMAL,None
2025-01-08 11:00:00,7.331,86.11,8.38,834.09,31.04,Decreasing,NORMAL,None
2025-01-08 12:00:00,7.325,66.92,5.41,851.84,30.98,Decreasing,NORMAL,None
2025-01-08 13:00:00,7.386,70.49,4.69,816.2,30.57,Increasing,NORMAL,None
2025-01-08 14:00:00,7.575,52.6,4.92,819.54,30.27,Increasing,NORMAL,None
2025-01-08 15:00:00,7.3,70.8,5.05,809.83,30.43,Decreasing,NORMAL,None
2025-01-08 16:00:00,7.301,77.64,11.71,826.73,30.24,Stable,NORMAL,None
2025-01-08 17:00:00,7.275,81.14,11.31,817.83,29.4,Decreasing,NORMAL,None
2025-01-08 18:00:00,7.286,78.18,9.14,810.68,29.14,Increasing,NORMAL,None
2025-01-08 19:00:00,7.486,94.11,9.68,819.52,28.62,Increasing,NORMAL,None
2025-01-08 20:00:00,7.329,58.5,10.27,795.22,28.93,Increasing,NORMAL,None
2025-01-08 21:00:00,7.364,30.0,10.5,789.32,28.12,Decreasing,NORMAL,None
2025-01-08 22:00:00,7.084,86.79,10.63,806.39,28.06,Increasing,NORMAL,None
2025-01-08 23:00:00,7.195,93.73,9.21,822.95,26.74,Increasing,NORMAL,None
2025-01-09 00:00:00,7.484,62.57,9.63,808.53,27.3,Decreasing,NORMAL,None
2025-01-09 01:00:00,7.447,46.91,8.53,801.87,27.14,Decreasing,NORMAL,None
2025-01-09 02:00:00,7.423,70.54,6.79,820.86,27.62,Increasing,NORMAL,None
2025-01-09 03:00:00,7.576,30.0,4.4,836.01,27.79,Stable,NORMAL,None
2025-01-09 04:00:00,7.425,63.14,3.55,814.05,28.7,Decreasing,NORMAL,None
2025-01-09 05:00:00,7.396,98.34,4.53,838.34,28.12,Increasing,NORMAL,None
2025-01-09 06:00:00,7.359,30.0,2.99,825.97,29.24,Decreasing,NORMAL,None
2025-01-09 07:00:00,7.498,30.0,1.68,799.69,29.88,Decreasing,NORMAL,None
2025-01-09 08:00:00,7.302,42.13,1.14,790.31,30.53,Decreasing,NORMAL,None
2025-01-09 09:00:00,7.638,35.38,2.44,800.7,30.78,Increasing,NORMAL,None
2025-01-09 10:00:00,7.431,30.0,2.17,785.22,30.97,Decreasing,NORMAL,None
2025-01-09 11:00:00,7.412,30.0,2.42,751.04,30.62,Decreasing,NORMAL,None
2025-01-09 12:00:00,7.454,36.36,1.31,740.69,31.39,Increasing,NORMAL,None
2025-01-09 13:00:00,7.265,82.25,2.5,757.03,30.38,Increasing,NORMAL,None
2025-01-09 14:00:00,7.293,83.82,3.05,743.97,30.57,Increasing,NORMAL,None
2025-01-09 15:00:00,7.281,57.45,2.11,746.68,30.32,Increasing,NORMAL,None
2025-01-09 16:00:00,7.399,30.0,1.83,739.81,29.41,Stable,NORMAL,None
2025-01-09 17:00:00,7.339,30.0,1.73,730.54,29.49,Stable,NORMAL,None
2025-01-09 18:00:00,7.235,54.78,2.25,713.11,29.27,Increasing,NORMAL,None
2025-01-09 19:00:00,7.378,30.0,1.83,676.11,29.13,Decreasing,NORMAL,None
2025-01-09 20:00:00,7.153,54.64,7.12,700.93,28.59,Decreasing,NORMAL,None
2025-01-09 21:00:00,7.413,67.88,6.0,718.94,28.0,Increasing,NORMAL,None
2025-01-09 22:00:00,7.359,90.13,7.19,747.11,28.21,Increasing,NORMAL,None
2025-01-09 23:00:00,7.489,65.65,11.12,755.17,27.59,Increasing,NORMAL,None
2025-01-10 00:00:00,7.303,92.97,9.7,769.11,27.6,Increasing,NORMAL,None
2025-01-10 01:00:00,7.398,30.0,8.24,768.33,27.68,Stable,NORMAL,None
2025-01-10 02:00:00,7.286,85.12,10.83,768.43,28.17,Increasing,NORMAL,None
2025-01-10 03:00:00,7.475,83.81,9.45,766.04,28.14,Increasing,NORMAL,None
2025-01-10 04:00:00,7.405,71.09,9.24,777.16,28.32,Decreasing,NORMAL,None
2025-01-10 05:00:00,7.445,87.9,9.91,787.35,28.46,Increasing,NORMAL,None
2025-01-10 06:00:00,7.196,61.26,11.37,798.29,29.53,Decreasing,NORMAL,None
2025-01-10 07:00:00,7.332,84.6,10.29,802.87,30.31,Increasing,NORMAL,None
2025-01-10 08:00:00,7.345,63.06,11.05,761.26,29.68,Decreasing,NORMAL,None
2025-01-10 09:00:00,7.189,63.3,12.84,769.45,30.58,Decreasing,NORMAL,None
2025-01-10 10:00:00,7.318,45.93,11.53,762.25,30.76,Decreasing,NORMAL,None
2025-01-10 11:00:00,7.402,85.41,9.11,775.11,30.74,Stable,NORMAL,None
2025-01-10 12:00:00,7.276,64.97,8.3,795.32,31.03,Increasing,NORMAL,None
2025-01-10 13:00:00,7.276,74.83,10.69,785.55,30.41,Decreasing,NORMAL,None
2025-01-10 14:00:00,7.368,41.51,9.73,798.87,31.25,Decreasing,NORMAL,None
2025-01-10 15:00:00,7.265,89.39,11.29,806.41,30.88,Increasing,NORMAL,None
2025-01-10 16:00:00,7.398,92.21,9.33,813.33,30.2,Increasing,NORMAL,None
2025-01-10 17:00:00,7.31,90.73,11.26,828.35,29.81,Increasing,NORMAL,None
2025-01-10 18:00:00,7.433,100.88,9.74,822.26,29.19,Increasing,NORMAL,None
2025-01-10 19:00:00,7.267,65.79,8.01,809.18,28.93,Decreasing,NORMAL,None
2025-01-10 20:00:00,7.125,48.62,6.86,791.09,28.24,Increasing,NORMAL,None
2025-01-10 21:00:00,7.517,56.58,5.61,766.62,27.98,Decreasing,NORMAL,None
2025-01-10 22:00:00,7.477,77.14,3.76,767.34,27.58,Decreasing,NORMAL,None
2025-01-10 23:00:00,7.57,56.38,6.04,759.82,27.98,Decreasing,NORMAL,None
2025-01-11 00:00:00,7.343,30.0,3.49,787.88,27.06,Decreasing,NORMAL,None
2025-01-11 01:00:00,7.481,64.36,4.47,792.48,27.38,Stable,NORMAL,None
2025-01-11 02:00:00,7.23,54.81,5.4,781.9,27.67,Increasing,NORMAL,None
2025-01-11 03:00:00,7.238,55.92,4.44,796.61,27.78,Stable,NORMAL,None
2025-01-11 04:00:00,7.259,88.36,5.79,805.96,28.57,Increasing,NORMAL,None
2025-01-11 05:00:00,7.324,58.33,6.93,779.54,28.77,Increasing,NORMAL,None
2025-01-11 06:00:00,7.421,42.86,5.69,788.3,29.24,Increasing,NORMAL,None
2025-01-11 07:00:00,7.538,33.06,6.19,800.29,29.34,Decreasing,NORMAL,None
2025-01-11 08:00:00,7.303,85.09,7.25,806.84,29.74,Increasing,NORMAL,None
2025-01-11 09:00:00,7.377,119.21,8.81,809.69,30.46,Increasing,NORMAL,None
2025-01-11 10:00:00,7.26,73.72,8.87,805.93,30.8,Decreasing,NORMAL,None
2025-01-11 11:00:00,7.318,30.25,10.31,796.55,31.03,Decreasing,NORMAL,None
2025-01-11 12:00:00,7.338,91.6,9.33,777.52,31.25,Increasing,NORMAL,None
2025-01-11 13:00:00,7.366,61.68,10.06,806.55,30.87,Increasing,NORMAL,None
2025-01-11 14:00:00,7.379,74.76,8.71,796.73,30.55,Decreasing,NORMAL,None
2025-01-11 15:00:00,7.326,30.28,9.85,795.09,30.27,Decreasing,NORMAL,None
2025-01-11 16:00:00,7.376,78.16,10.11,793.25,30.16,Increasing,NORMAL,None
2025-01-11 17:00:00,7.21,40.74,9.39,807.84,29.58,Increasing,NORMAL,None
2025-01-11 18:00:00,7.419,126.98,10.19,803.63,29.45,Increasing,NORMAL,None
2025-01-11 19:00:00,7.444,41.35,10.32,808.57,29.0,Decreasing,NORMAL,None
2025-01-11 20:00:00,7.363,80.96,9.04,813.1,28.0,Increasing,NORMAL,None
2025-01-11 21:00:00,7.271,103.71,14.1,807.92,28.03,Increasing,NORMAL,None
2025-01-11 22:00:00,7.379,79.5,11.54,813.68,27.55,Stable,NORMAL,None
2025-01-11 23:00:00,7.361,74.02,10.09,841.37,27.59,Increasing,NORMAL,None
2025-01-12 00:00:00,7.498,81.33,9.51,828.72,27.66,Decreasing,NORMAL,None
2025-01-12 01:00:00,7.123,87.16,8.72,818.46,27.25,Increasing,NORMAL,None
2025-01-12 02:00:00,7.305,116.19,10.47,814.18,27.86,Increasing,NORMAL,None
2025-01-12 03:00:00,7.146,98.58,9.61,792.82,27.65,Decreasing,NORMAL,None
2025-01-12 04:00:00,7.335,57.22,9.32,797.86,28.52,Decreasing,NORMAL,None
2025-01-12 05:00:00,7.141,67.41,7.84,785.74,28.96,Decreasing,NORMAL,None
2025-01-12 06:00:00,7.235,92.55,8.62,788.63,29.68,Increasing,NORMAL,None
2025-01-12 07:00:00,7.633,40.13,7.2,768.7,30.22,Decreasing,NORMAL,None
2025-01-12 08:00:00,7.409,51.02,6.89,776.81,30.46,Decreasing,NORMAL,None
2025-01-12 09:00:00,7.337,72.96,6.32,775.51,30.66,Decreasing,NORMAL,None
2025-01-12 10:00:00,7.285,103.09,6.35,772.17,30.39,Increasing,NORMAL,None
2025-01-12 11:00:00,7.396,75.25,6.41,783.47,30.84,Increasing,NORMAL,None
2025-01-12 12:00:00,7.387,30.0,5.39,780.67,31.47,Decreasing,NORMAL,None
2025-01-12 13:00:00,7.368,30.0,4.05,757.85,30.52,Decreasing,NORMAL,None
2025-01-12 14:00:00,7.361,74.12,5.1,780.07,30.42,Increasing,NORMAL,None
2025-01-12 15:00:00,7.352,30.0,6.5,793.49,30.51,Decreasing,NORMAL,None
2025-01-12 16:00:00,7.525,61.4,7.08,788.82,30.53,Decreasing,NORMAL,None
2025-01-12 17:00:00,7.441,30.0,8.0,794.85,29.67,Decreasing,NORMAL,None
2025-01-12 18:00:00,7.307,64.02,7.55,801.08,28.99,Increasing,NORMAL,None
2025-01-12 19:00:00,7.415,30.0,5.18,814.07,28.25,Stable,NORMAL,None
2025-01-12 20:00:00,7.311,66.98,4.08,794.21,28.16,Decreasing,NORMAL,None
2025-01-12 21:00:00,7.274,33.56,4.34,756.46,27.72,Increasing,NORMAL,None
2025-01-12 22:00:00,7.145,45.85,2.64,751.51,27.62,Decreasing,NORMAL,None
2025-01-12 23:00:00,7.487,100.18,3.01,766.15,27.9,Increasing,NORMAL,None
2025-01-13 00:00:00,7.462,95.57,5.57,781.53,27.51,Increasing,NORMAL,None
2025-01-13 01:00:00,7.329,41.99,5.74,760.1,27.11,Increasing,NORMAL,None
2025-01-13 02:00:00,7.412,72.51,5.49,768.18,28.05,Increasing,NORMAL,None
2025-01-13 03:00:00,7.356,81.5,4.69,772.22,27.54,Increasing,NORMAL,None
2025-01-13 04:00:00,7.32,56.6,4.83,781.17,28.31,Increasing,NORMAL,None
2025-01-13 05:00:00,7.376,35.34,5.38,786.0,29.22,Decreasing,NORMAL,None
2025-01-13 06:00:00,7.402,50.06,4.84,780.93,29.39,Decreasing,NORMAL,None
2025-01-13 07:00:00,7.378,69.83,2.81,794.82,29.52,Increasing,NORMAL,None
2025-01-13 08:00:00,7.359,79.31,6.08,782.27,30.29,Increasing,NORMAL,None
2025-01-13 09:00:00,7.307,59.18,5.9,774.74,30.6,Decreasing,NORMAL,None
2025-01-13 10:00:00,7.408,70.71,5.99,773.31,30.75,Increasing,NORMAL,None
2025-01-13 11:00:00,7.28,95.59,6.48,778.88,31.43,Increasing,NORMAL,None
2025-01-13 12:00:00,7.311,30.0,7.48,789.91,31.05,Decreasing,NORMAL,None
2025-01-13 13:00:00,7.418,82.05,7.19,805.75,31.41,Increasing,NORMAL,None
2025-01-13 14:00:00,7.343,70.04,7.53,821.32,30.66,Decreasing,NORMAL,None
2025-01-13 15:00:00,7.413,30.0,5.45,805.31,30.36,Decreasing,NORMAL,None
2025-01-13 16:00:00,7.357,99.62,3.16,787.51,30.39,Increasing,NORMAL,None
2025-01-13 17:00:00,7.259,73.58,4.88,773.3,30.05,Decreasing,NORMAL,None
2025-01-13 18:00:00,7.205,67.91,5.53,775.54,29.92,Increasing,NORMAL,None
2025-01-13 19:00:00,7.337,62.35,6.11,786.5,28.7,Decreasing,NORMAL,None
2025-01-13 20:00:00,7.46,54.59,7.07,781.21,28.48,Decreasing,NORMAL,None
2025-01-13 21:00:00,7.424,83.13,6.74,812.41,28.37,Increasing,NORMAL,None
2025-01-13 22:00:00,7.359,63.8,7.57,812.06,27.9,Decreasing,NORMAL,None
2025-01-13 23:00:00,7.492,30.0,5.29,811.28,27.71,Decreasing,NORMAL,None
2025-01-14 00:00:00,7.079,84.98,6.06,822.89,27.81,Increasing,NORMAL,None
2025-01-14 01:00:00,7.465,72.17,5.56,820.93,27.98,Increasing,NORMAL,None
2025-01-14 02:00:00,7.298,30.0,6.41,798.25,28.38,Decreasing,NORMAL,None
2025-01-14 03:00:00,7.214,76.64,5.52,783.96,28.02,Decreasing,NORMAL,None
2025-01-14 04:00:00,7.279,62.15,7.33,770.23,28.53,Stable,NORMAL,None
2025-01-14 05:00:00,7.377,30.0,4.38,719.31,28.63,Stable,NORMAL,None
2025-01-14 06:00:00,7.282,56.11,7.14,745.42,29.64,Decreasing,NORMAL,None
2025-01-14 07:00:00,7.378,67.57,5.19,753.93,30.06,Decreasing,NORMAL,None
2025-01-14 08:00:00,7.237,74.65,6.33,785.01,30.07,Increasing,NORMAL,None
2025-01-14 09:00:00,7.295,117.21,6.6,804.08,30.25,Increasing,NORMAL,None
2025-01-14 10:00:00,7.333,76.46,9.9,810.78,31.52,Increasing,NORMAL,None
2025-01-14 11:00:00,7.464,41.22,8.73,816.9,30.82,Increasing,NORMAL,None
2025-01-14 12:00:00,7.315,33.12,7.72,817.99,31.07,Decreasing,NORMAL,None
2025-01-14 13:00:00,7.229,56.78,8.36,807.16,31.23,Decreasing,NORMAL,None
2025-01-14 14:00:00,7.437,68.99,7.18,809.73,30.63,Decreasing,NORMAL,None
2025-01-14 15:00:00,7.199,30.0,7.56,811.7,31.04,Decreasing,NORMAL,None
2025-01-14 16:00:00,7.38,83.81,8.49,829.89,29.98,Increasing,NORMAL,None
2025-01-14 17:00:00,7.288,50.66,8.41,808.55,29.64,Increasing,NORMAL,None
2025-01-14 18:00:00,7.174,63.42,8.14,811.25,29.32,Increasing,NORMAL,None
2025-01-14 19:00:00,7.509,57.64,8.53,784.34,28.73,Stable,NORMAL,None
2025-01-14 20:00:00,7.392,46.42,8.91,784.61,28.41,Decreasing,NORMAL,None
2025-01-14 21:00:00,7.368,45.55,8.87,745.28,27.87,Increasing,NORMAL,None
2025-01-14 22:00:00,7.341,73.81,8.91,768.22,27.71,Decreasing,NORMAL,None
2025-01-14 23:00:00,7.451,53.3,8.47,771.38,27.46,Increasing,NORMAL,None
2025-01-15 00:00:00,7.454,77.8,7.65,784.18,28.13,Increasing,NORMAL,None
2025-01-15 01:00:00,7.376,64.07,6.43,802.55,27.76,Increasing,NORMAL,None
2025-01-15 02:00:00,7.353,75.43,6.71,812.74,27.69,Increasing,NORMAL,None
2025-01-15 03:00:00,7.398,30.0,5.6,806.46,27.89,Decreasing,NORMAL,None
2025-01-15 04:00:00,7.35,30.0,5.2,778.28,28.66,Decreasing,NORMAL,None
2025-01-15 05:00:00,7.435,68.95,4.72,791.48,28.7,Increasing,NORMAL,None
2025-01-15 06:00:00,7.348,40.17,5.07,779.3,29.49,Decreasing,NORMAL,None
2025-01-15 07:00:00,7.232,114.15,10.07,774.67,29.91,Increasing,NORMAL,None
2025-01-15 08:00:00,7.335,63.38,10.0,791.15,29.96,Decreasing,NORMAL,None
2025-01-15 09:00:00,7.212,57.12,9.33,771.19,30.91,Increasing,NORMAL,None
2025-01-15 10:00:00,7.425,43.36,7.42,766.62,30.47,Increasing,NORMAL,None
2025-01-15 11:00:00,7.34,87.61,9.37,779.47,31.03,Increasing,NORMAL,None
2025-01-15 12:00:00,7.42,45.96,8.88,763.65,30.18,Increasing,NORMAL,None
2025-01-15 13:00:00,7.425,31.19,9.21,783.01,31.38,Decreasing,NORMAL,None
2025-01-15 14:00:00,7.242,32.35,7.8,779.27,30.62,Decreasing,NORMAL,None
2025-01-15 15:00:00,7.244,98.72,7.54,794.51,30.54,Increasing,NORMAL,None
2025-01-15 16:00:00,7.449,111.73,7.33,810.29,30.47,Increasing,NORMAL,None
2025-01-15 17:00:00,7.49,59.2,5.76,807.34,29.31,Decreasing,NORMAL,None
2025-01-15 18:00:00,7.323,30.0,5.38,785.62,29.38,Decreasing,NORMAL,None
2025-01-15 19:00:00,7.492,40.52,6.05,780.42,28.91,Increasing,NORMAL,None
2025-01-15 20:00:00,7.469,61.96,5.27,795.45,28.35,Increasing,NORMAL,None
2025-01-15 21:00:00,7.395,66.54,3.79,788.06,28.5,Decreasing,NORMAL,None
2025-01-15 22:00:00,7.424,68.58,4.67,781.63,27.97,Decreasing,NORMAL,None
2025-01-15 23:00:00,7.367,52.69,4.17,779.99,27.94,Decreasing,NORMAL,None
2025-01-16 00:00:00,7.355,61.67,5.62,776.41,27.29,Increasing,NORMAL,None
2025-01-16 01:00:00,7.453,64.98,3.99,775.7,27.82,Increasing,NORMAL,None
2025-01-16 02:00:00,7.411,64.61,4.79,750.58,27.04,Increasing,NORMAL,None
2025-01-16 03:00:00,7.439,30.0,4.83,762.29,28.17,Decreasing,NORMAL,None
2025-01-16 04:00:00,7.281,54.05,3.51,734.36,28.46,Decreasing,NORMAL,None
2025-01-16 05:00:00,7.245,75.42,4.0,721.46,28.86,Increasing,NORMAL,None
2025-01-16 06:00:00,7.284,86.74,6.06,752.33,28.7,Increasing,NORMAL,None
2025-01-16 07:00:00,7.327,90.93,6.54,766.93,30.12,Increasing,NORMAL,None
2025-01-16 08:00:00,7.446,66.07,6.34,743.95,30.19,Stable,NORMAL,None
2025-01-16 09:00:00,7.314,95.42,5.8,742.04,30.28,Increasing,NORMAL,None
2025-01-16 10:00:00,7.662,30.0,4.19,736.98,30.88,Decreasing,NORMAL,None
2025-01-16 11:00:00,7.442,30.0,3.0,761.81,31.01,Decreasing,NORMAL,None
2025-01-16 12:00:00,7.287,68.35,2.66,757.16,30.88,Decreasing,NORMAL,None
2025-01-16 13:00:00,7.335,63.33,3.67,764.91,31.13,Decreasing,NORMAL,None
2025-01-16 14:00:00,7.27,55.64,3.51,756.17,31.14,Decreasing,NORMAL,None
2025-01-16 15:00:00,7.365,67.78,5.17,767.45,30.37,Decreasing,NORMAL,None
2025-01-16 16:00:00,7.406,54.52,3.85,770.94,29.87,Increasing,NORMAL,None
2025-01-16 17:00:00,7.487,70.25,3.12,756.45,30.28,Increasing,NORMAL,None
2025-01-16 18:00:00,7.425,30.0,3.15,771.42,29.59,Decreasing,NORMAL,None
2025-01-16 19:00:00,7.212,40.88,3.14,786.86,28.84,Decreasing,NORMAL,None
2025-01-16 20:00:00,7.433,31.56,5.33,782.77,29.13,Decreasing,NORMAL,None
2025-01-16 21:00:00,7.37,90.37,5.67,776.12,28.22,Increasing,NORMAL,None
2025-01-16 22:00:00,7.424,57.78,5.4,765.86,28.09,Increasing,NORMAL,None
2025-01-16 23:00:00,7.28,66.08,4.35,767.08,27.48,Decreasing,NORMAL,None
2025-01-17 00:00:00,7.44,63.25,5.09,766.04,27.48,Increasing,NORMAL,None
2025-01-17 01:00:00,7.289,75.74,7.69,761.53,28.18,Increasing,NORMAL,None
2025-01-17 02:00:00,7.341,67.3,7.45,738.82,28.07,Increasing,NORMAL,None
2025-01-17 03:00:00,7.362,56.95,5.83,742.02,27.84,Decreasing,NORMAL,None
2025-01-17 04:00:00,7.4,47.72,4.17,746.62,28.18,Decreasing,NORMAL,None
2025-01-17 05:00:00,7.25,59.32,3.58,735.86,29.19,Decreasing,NORMAL,None
2025-01-17 06:00:00,7.296,101.56,4.07,757.38,29.74,Increasing,NORMAL,None
2025-01-17 07:00:00,7.382,72.56,3.32,747.11,29.51,Decreasing,NORMAL,None
2025-01-17 08:00:00,7.188,37.14,3.53,734.55,29.82,Decreasing,NORMAL,None
2025-01-17 09:00:00,7.348,30.29,3.12,726.72,30.3,Decreasing,NORMAL,None
2025-01-17 10:00:00,7.419,44.47,5.09,713.85,31.47,Decreasing,NORMAL,None
2025-01-17 11:00:00,7.275,71.97,3.52,709.43,31.26,Increasing,NORMAL,None
2025-01-17 12:00:00,7.461,50.19,3.08,710.14,31.02,Decreasing,NORMAL,None
2025-01-17 13:00:00,7.427,30.0,4.48,712.85,31.58,Decreasing,NORMAL,None
2025-01-17 14:00:00,7.445,78.9,5.72,711.79,30.63,Increasing,NORMAL,None
2025-01-17 15:00:00,7.428,30.0,5.04,737.14,30.98,Stable,NORMAL,None
2025-01-17 16:00:00,7.269,103.49,5.09,737.36,30.44,Increasing,NORMAL,None
2025-01-17 17:00:00,7.363,52.81,6.69,738.33,29.78,Decreasing,NORMAL,None
2025-01-17 18:00:00,7.224,47.09,7.68,729.55,29.46,Decreasing,NORMAL,None
2025-01-17 19:00:00,7.372,30.0,7.29,748.4,28.8,Stable,NORMAL,None
2025-01-17 20:00:00,7.432,90.89,5.94,756.44,28.47,Increasing,NORMAL,None
2025-01-17 21:00:00,7.315,112.99,5.79,760.34,28.96,Increasing,NORMAL,None
2025-01-17 22:00:00,7.407,50.5,4.69,757.61,27.84,Decreasing,NORMAL,None
2025-01-17 23:00:00,7.491,53.01,4.21,784.61,27.04,Stable,NORMAL,None
2025-01-18 00:00:00,7.263,64.86,4.9,798.13,27.89,Increasing,NORMAL,None
2025-01-18 01:00:00,7.517,30.0,3.12,802.25,27.51,Stable,NORMAL,None
2025-01-18 02:00:00,7.403,59.09,3.85,789.8,27.75,Decreasing,NORMAL,None
2025-01-18 03:00:00,7.349,102.28,4.29,812.38,28.71,Decreasing,NORMAL,None
2025-01-18 04:00:00,7.184,60.65,5.13,814.03,28.59,Increasing,NORMAL,None
2025-01-18 05:00:00,7.428,73.75,5.83,846.13,28.74,Increasing,NORMAL,None
2025-01-18 06:00:00,7.509,35.58,5.12,834.29,29.19,Decreasing,NORMAL,None
2025-01-18 07:00:00,7.313,30.0,4.59,826.24,29.82,Stable,NORMAL,None
2025-01-18 08:00:00,7.526,30.0,2.53,837.97,30.53,Decreasing,NORMAL,None
2025-01-18 09:00:00,7.202,55.02,1.0,859.12,30.97,Decreasing,NORMAL,None
2025-01-18 10:00:00,7.307,90.97,1.0,869.49,31.44,Increasing,NORMAL,None
2025-01-18 11:00:00,7.294,48.31,1.0,850.44,31.39,Decreasing,NORMAL,None
2025-01-18 12:00:00,7.454,30.0,1.0,850.36,31.66,Decreasing,NORMAL,None
2025-01-18 13:00:00,7.464,30.0,1.0,844.59,30.98,Stable,NORMAL,None
2025-01-18 14:00:00,7.39,47.33,1.0,835.79,30.84,Increasing,NORMAL,None
2025-01-18 15:00:00,7.199,59.52,4.47,829.06,30.89,Increasing,NORMAL,None
2025-01-18 16:00:00,7.364,49.59,5.38,828.02,30.16,Decreasing,NORMAL,None
2025-01-18 17:00:00,7.095,67.47,5.49,835.87,29.92,Increasing,NORMAL,None
2025-01-18 18:00:00,7.339,67.65,5.5,827.16,29.42,Increasing,NORMAL,None
2025-01-18 19:00:00,7.365,39.92,7.93,821.01,29.23,Increasing,NORMAL,None
2025-01-18 20:00:00,7.379,93.45,10.41,839.49,28.32,Increasing,NORMAL,None
2025-01-18 21:00:00,7.42,71.78,11.43,834.16,28.27,Increasing,NORMAL,None
2025-01-18 22:00:00,7.411,74.92,9.34,812.22,28.14,Increasing,NORMAL,None
2025-01-18 23:00:00,7.306,158.56,31.33,840.29,26.98,Increasing,NORMAL,None
2025-01-19 00:00:00,7.41,172.94,29.03,844.07,28.27,Increasing,NORMAL,None
2025-01-19 01:00:00,7.279,110.29,25.51,840.64,27.99,Increasing,NORMAL,None
2025-01-19 02:00:00,7.233,108.31,21.57,830.46,28.15,Increasing,NORMAL,None
2025-01-19 03:00:00,7.318,94.92,19.13,826.5,28.36,Increasing,NORMAL,None
2025-01-19 04:00:00,7.343,106.1,18.03,838.01,28.61,Increasing,NORMAL,None
2025-01-19 05:00:00,7.397,72.65,16.36,841.86,28.84,Decreasing,NORMAL,None
2025-01-19 06:00:00,7.17,127.4,14.48,850.97,29.2,Decreasing,NORMAL,None
2025-01-19 07:00:00,7.294,108.69,12.86,866.16,30.02,Stable,NORMAL,None
2025-01-19 08:00:00,7.271,105.9,13.09,846.22,31.0,Stable,NORMAL,None
2025-01-19 09:00:00,7.239,82.25,10.48,864.46,30.49,Decreasing,NORMAL,None
2025-01-19 10:00:00,7.326,140.02,10.75,881.43,31.07,Increasing,NORMAL,None
2025-01-19 11:00:00,7.401,101.35,12.45,891.89,31.41,Increasing,NORMAL,None
2025-01-19 12:00:00,7.33,62.76,11.5,913.52,31.0,Decreasing,NORMAL,None
2025-01-19 13:00:00,7.328,70.06,11.33,893.9,31.12,Decreasing,NORMAL,None
2025-01-19 14:00:00,7.439,30.2,9.62,885.79,30.71,Decreasing,NORMAL,None
2025-01-19 15:00:00,7.322,66.59,9.55,877.4,30.48,Decreasing,NORMAL,None
2025-01-19 16:00:00,7.463,93.05,8.96,867.83,29.81,Decreasing,NORMAL,None
2025-01-19 17:00:00,7.211,102.66,8.14,876.29,29.78,Stable,NORMAL,None
2025-01-19 18:00:00,7.505,30.0,6.61,844.79,29.17,Decreasing,NORMAL,None
2025-01-19 19:00:00,7.276,99.37,6.95,847.92,29.04,Increasing,NORMAL,None
2025-01-19 20:00:00,7.226,39.19,6.0,840.92,28.66,Increasing,NORMAL,None
2025-01-19 21:00:00,7.259,54.35,6.4,829.45,27.81,Decreasing,NORMAL,None
2025-01-19 22:00:00,7.252,48.38,5.84,813.57,27.86,Decreasing,NORMAL,None
2025-01-19 23:00:00,7.322,80.22,8.01,809.36,27.93,Decreasing,NORMAL,None
2025-01-20 00:00:00,7.319,121.07,7.16,831.53,28.07,Increasing,NORMAL,None
2025-01-20 01:00:00,7.222,97.22,6.47,849.41,27.98,Stable,NORMAL,None
2025-01-20 02:00:00,7.223,131.28,12.16,839.83,28.24,Increasing,NORMAL,None
2025-01-20 03:00:00,7.17,75.46,9.74,834.19,28.31,Increasing,NORMAL,None
2025-01-20 04:00:00,7.48,95.69,8.4,810.35,29.01,Increasing,NORMAL,None
2025-01-20 05:00:00,7.589,58.46,7.47,813.05,29.16,Decreasing,NORMAL,None
2025-01-20 06:00:00,7.362,30.0,8.14,792.41,29.23,Decreasing,NORMAL,None
2025-01-20 07:00:00,7.287,72.93,7.82,800.04,29.48,Decreasing,NORMAL,None
2025-01-20 08:00:00,7.343,71.08,7.42,807.51,30.93,Decreasing,NORMAL,None
2025-01-20 09:00:00,7.322,30.0,8.33,820.29,31.15,Decreasing,NORMAL,None
2025-01-20 10:00:00,7.294,72.55,8.1,816.71,30.95,Decreasing,NORMAL,None
2025-01-20 11:00:00,7.418,70.8,6.28,806.6,30.78,Increasing,NORMAL,None
2025-01-20 12:00:00,7.56,30.0,5.52,794.94,31.27,Stable,NORMAL,None
2025-01-20 13:00:00,7.477,48.57,4.55,807.1,31.59,Decreasing,NORMAL,None
2025-01-20 14:00:00,7.294,45.39,5.44,805.03,30.94,Decreasing,NORMAL,None
2025-01-20 15:00:00,7.282,83.31,5.82,815.02,30.98,Increasing,NORMAL,None
2025-01-20 16:00:00,7.33,30.0,5.97,808.86,30.25,Decreasing,NORMAL,None
2025-01-20 17:00:00,7.336,75.55,5.74,813.92,30.71,Increasing,NORMAL,None
2025-01-20 18:00:00,7.559,58.21,5.97,808.29,29.83,Increasing,NORMAL,None
2025-01-20 19:00:00,7.544,88.84,7.44,834.99,29.16,Increasing,NORMAL,None
2025-01-20 20:00:00,7.448,79.76,7.13,826.07,28.12,Increasing,NORMAL,None
2025-01-20 21:00:00,7.272,30.0,5.63,826.76,27.92,Decreasing,NORMAL,None
2025-01-20 22:00:00,7.468,30.0,4.73,810.4,27.64,Stable,NORMAL,None
2025-01-20 23:00:00,7.324,30.0,3.84,793.2,27.68,Decreasing,NORMAL,None
2025-01-21 00:00:00,7.291,59.84,3.8,786.46,27.85,Stable,NORMAL,None
2025-01-21 01:00:00,7.417,30.0,2.38,802.26,27.45,Decreasing,NORMAL,None
2025-01-21 02:00:00,7.397,64.78,3.45,783.47,27.99,Decreasing,NORMAL,None
2025-01-21 03:00:00,7.231,74.21,2.53,774.54,28.03,Increasing,NORMAL,None
2025-01-21 04:00:00,7.535,46.17,3.19,780.51,28.44,Increasing,NORMAL,None
2025-01-21 05:00:00,7.301,98.43,4.29,776.89,29.25,Increasing,NORMAL,None
2025-01-21 06:00:00,7.284,56.31,6.04,772.13,29.28,Decreasing,NORMAL,None
2025-01-21 07:00:00,7.244,132.02,6.12,785.93,30.02,Increasing,NORMAL,None
2025-01-21 08:00:00,7.367,61.35,5.74,782.35,30.27,Decreasing,NORMAL,None
2025-01-21 09:00:00,7.535,30.0,7.1,773.97,30.76,Decreasing,NORMAL,None
2025-01-21 10:00:00,7.506,49.03,7.51,765.27,30.53,Increasing,NORMAL,None
2025-01-21 11:00:00,7.203,30.0,6.04,740.81,31.77,Decreasing,NORMAL,None
2025-01-21 12:00:00,7.464,63.24,11.47,746.23,31.3,Increasing,NORMAL,None
2025-01-21 13:00:00,7.167,133.94,9.76,763.51,31.7,Stable,NORMAL,None
2025-01-21 14:00:00,7.301,33.71,9.9,758.17,30.83,Decreasing,NORMAL,None
2025-01-21 15:00:00,7.342,80.36,10.14,771.0,31.1,Increasing,NORMAL,None
2025-01-21 16:00:00,7.25,83.63,14.06,771.07,30.88,Increasing,NORMAL,None
2025-01-21 17:00:00,7.161,115.41,14.37,793.62,29.93,Increasing,NORMAL,None
2025-01-21 18:00:00,7.267,69.05,12.64,793.43,30.07,Increasing,NORMAL,None
2025-01-21 19:00:00,7.432,89.58,12.33,796.06,29.38,Decreasing,NORMAL,None
2025-01-21 20:00:00,7.097,98.52,12.47,801.74,28.56,Increasing,NORMAL,None
2025-01-21 21:00:00,7.367,65.02,12.87,796.77,28.79,Decreasing,NORMAL,None
2025-01-21 22:00:00,7.225,99.87,12.82,805.61,28.55,Increasing,NORMAL,None
2025-01-21 23:00:00,7.108,63.2,12.8,797.84,27.61,Decreasing,NORMAL,None
2025-01-22 00:00:00,7.389,86.94,12.32,814.02,28.39,Increasing,NORMAL,None
2025-01-22 01:00:00,7.587,68.58,9.68,803.63,27.44,Decreasing,NORMAL,None
2025-01-22 02:00:00,7.327,103.44,8.96,805.38,28.0,Increasing,NORMAL,None
2025-01-22 03:00:00,7.345,89.03,8.42,836.35,28.13,Increasing,NORMAL,None
2025-01-22 04:00:00,7.406,69.39,8.3,817.77,28.84,Decreasing,NORMAL,None
2025-01-22 05:00:00,7.306,47.17,6.93,821.1,28.16,Decreasing,NORMAL,None
2025-01-22 06:00:00,7.227,67.09,7.53,845.94,29.21,Decreasing,NORMAL,None
2025-01-22 07:00:00,7.385,76.5,6.67,853.15,29.48,Increasing,NORMAL,None
2025-01-22 08:00:00,7.352,30.0,7.46,826.1,30.74,Decreasing,NORMAL,None
2025-01-22 09:00:00,7.133,47.28,7.97,800.56,30.69,Decreasing,NORMAL,None
2025-01-22 10:00:00,7.48,63.33,6.91,803.31,31.29,Decreasing,NORMAL,None
2025-01-22 11:00:00,7.368,68.92,7.11,791.88,31.19,Increasing,NORMAL,None
2025-01-22 12:00:00,7.383,85.44,8.95,790.59,31.18,Increasing,NORMAL,None
2025-01-22 13:00:00,7.447,74.44,8.81,784.71,31.45,Stable,NORMAL,None
2025-01-22 14:00:00,7.452,67.87,8.96,778.26,30.66,Increasing,NORMAL,None
2025-01-22 15:00:00,7.406,51.75,7.04,773.06,30.64,Increasing,NORMAL,None
2025-01-22 16:00:00,7.509,74.83,6.28,805.47,30.45,Increasing,NORMAL,None
2025-01-22 17:00:00,7.405,34.58,6.38,826.05,30.49,Decreasing,NORMAL,None
2025-01-22 18:00:00,7.336,62.07,5.89,834.23,29.93,Decreasing,NORMAL,None
2025-01-22 19:00:00,7.351,70.54,5.05,838.13,29.52,Decreasing,NORMAL,None
2025-01-22 20:00:00,7.524,30.0,4.63,807.31,28.69,Decreasing,NORMAL,None
2025-01-22 21:00:00,7.327,41.39,5.11,786.31,28.17,Decreasing,NORMAL,None
2025-01-22 22:00:00,7.289,125.02,6.18,796.11,28.03,Increasing,NORMAL,None
2025-01-22 23:00:00,7.203,100.54,6.88,762.82,27.86,Increasing,NORMAL,None
2025-01-23 00:00:00,7.239,76.31,4.99,769.29,27.45,Increasing,NORMAL,None
2025-01-23 01:00:00,7.235,92.01,4.27,762.16,27.71,Increasing,NORMAL,None
2025-01-23 02:00:00,7.306,50.16,4.61,743.13,28.46,Increasing,NORMAL,None
2025-01-23 03:00:00,7.336,91.53,3.96,740.14,28.39,Increasing,NORMAL,None
2025-01-23 04:00:00,7.248,48.36,4.46,712.08,28.71,Decreasing,NORMAL,None
2025-01-23 05:00:00,7.364,66.01,3.34,694.52,29.21,Decreasing,NORMAL,None
2025-01-23 06:00:00,7.486,36.15,2.18,712.82,29.38,Decreasing,NORMAL,None
2025-01-23 07:00:00,7.357,58.36,12.81,703.86,30.03,Decreasing,NORMAL,None
2025-01-23 08:00:00,7.213,81.01,11.25,700.15,30.28,Increasing,NORMAL,None
2025-01-23 09:00:00,7.409,97.77,10.19,738.86,30.76,Increasing,NORMAL,None
2025-01-23 10:00:00,7.36,70.03,10.87,750.08,31.02,Increasing,NORMAL,None
2025-01-23 11:00:00,7.439,94.4,10.83,756.84,31.64,Increasing,NORMAL,None
2025-01-23 12:00:00,7.46,30.0,11.33,754.06,31.38,Decreasing,NORMAL,None
2025-01-23 13:00:00,7.295,79.4,13.84,776.16,31.21,Increasing,NORMAL,None
2025-01-23 14:00:00,7.338,84.91,13.03,779.91,30.83,Increasing,NORMAL,None
2025-01-23 15:00:00,7.226,63.96,15.33,762.37,31.08,Decreasing,NORMAL,None
2025-01-23 16:00:00,7.239,122.65,13.6,774.06,30.26,Increasing,NORMAL,None
2025-01-23 17:00:00,7.231,97.91,10.86,792.91,29.96,Increasing,NORMAL,None
2025-01-23 18:00:00,7.312,91.94,10.3,797.01,29.43,Increasing,NORMAL,None
2025-01-23 19:00:00,7.448,55.42,10.1,793.61,29.09,Decreasing,NORMAL,None
2025-01-23 20:00:00,7.436,140.62,8.02,840.81,28.47,Increasing,NORMAL,None
2025-01-23 21:00:00,7.223,50.19,5.98,837.02,27.93,Decreasing,NORMAL,None
2025-01-23 22:00:00,7.254,53.33,4.71,828.87,27.47,Decreasing,NORMAL,None
2025-01-23 23:00:00,7.337,65.95,3.03,840.29,27.97,Decreasing,NORMAL,None
2025-01-24 00:00:00,7.31,45.03,3.58,841.12,28.41,Decreasing,NORMAL,None
2025-01-24 01:00:00,7.375,65.79,2.79,825.9,27.45,Increasing,NORMAL,None
2025-01-24 02:00:00,7.337,85.41,5.34,847.26,28.29,Decreasing,NORMAL,None
2025-01-24 03:00:00,7.473,53.96,6.22,829.57,28.45,Increasing,NORMAL,None
2025-01-24 04:00:00,7.291,30.0,6.51,834.57,28.66,Decreasing,NORMAL,None
2025-01-24 05:00:00,7.459,49.55,6.08,848.03,28.94,Decreasing,NORMAL,None
2025-01-24 06:00:00,7.503,71.33,7.2,865.13,29.73,Increasing,NORMAL,None
2025-01-24 07:00:00,7.439,93.06,8.05,871.8,30.04,Increasing,NORMAL,None
2025-01-24 08:00:00,7.366,54.76,6.01,868.23,30.65,Decreasing,NORMAL,None
2025-01-24 09:00:00,7.495,74.28,7.47,847.07,30.79,Increasing,NORMAL,None
2025-01-24 10:00:00,7.593,93.37,7.35,834.36,31.51,Increasing,NORMAL,None
2025-01-24 11:00:00,7.335,116.13,6.9,829.89,31.14,Increasing,NORMAL,None
2025-01-24 12:00:00,7.392,99.14,7.26,835.9,30.86,Increasing,NORMAL,None
2025-01-24 13:00:00,7.326,70.19,7.82,816.02,31.31,Decreasing,NORMAL,None
2025-01-24 14:00:00,7.242,110.23,5.77,820.33,30.88,Increasing,NORMAL,None
2025-01-24 15:00:00,7.367,64.49,6.69,811.91,30.88,Decreasing,NORMAL,None
2025-01-24 16:00:00,7.103,30.0,5.18,820.1,30.42,Decreasing,NORMAL,None
2025-01-24 17:00:00,7.433,38.65,4.53,818.46,30.2,Decreasing,NORMAL,None
2025-01-24 18:00:00,7.345,86.68,4.61,818.41,29.73,Decreasing,NORMAL,None
2025-01-24 19:00:00,7.241,46.17,3.08,812.62,29.13,Decreasing,NORMAL,None
2025-01-24 20:00:00,7.424,38.06,3.1,810.43,28.81,Decreasing,NORMAL,None
2025-01-24 21:00:00,7.507,42.63,2.19,810.17,28.52,Decreasing,NORMAL,None
2025-01-24 22:00:00,7.545,44.3,1.75,819.08,27.84,Increasing,NORMAL,None
2025-01-24 23:00:00,7.346,30.0,1.0,827.0,28.25,Decreasing,NORMAL,None
2025-01-25 00:00:00,7.266,82.13,5.67,822.92,27.84,Decreasing,NORMAL,None
2025-01-25 01:00:00,7.122,57.86,6.07,821.96,27.22,Increasing,NORMAL,None
2025-01-25 02:00:00,7.37,63.69,11.55,835.5,28.29,Increasing,NORMAL,None
2025-01-25 03:00:00,7.409,52.37,10.55,826.98,28.51,Increasing,NORMAL,None
2025-01-25 04:00:00,7.363,78.7,8.95,833.7,28.73,Increasing,NORMAL,None
2025-01-25 05:00:00,7.472,60.43,7.03,819.61,29.01,Increasing,NORMAL,None
2025-01-25 06:00:00,7.309,48.77,4.0,832.55,29.62,Decreasing,NORMAL,None
2025-01-25 07:00:00,7.325,98.43,3.42,841.35,30.26,Increasing,NORMAL,None
2025-01-25 08:00:00,7.384,66.74,2.93,821.58,30.03,Increasing,NORMAL,None
2025-01-25 09:00:00,7.334,30.0,3.19,801.44,30.91,Decreasing,NORMAL,None
2025-01-25 10:00:00,7.565,56.38,5.19,803.95,31.05,Decreasing,NORMAL,None
2025-01-25 11:00:00,7.433,33.59,4.67,790.21,31.52,Decreasing,NORMAL,None
2025-01-25 12:00:00,7.575,30.61,4.79,802.56,32.01,Decreasing,NORMAL,None
2025-01-25 13:00:00,7.241,41.13,4.18,786.59,31.22,Decreasing,NORMAL,None
2025-01-25 14:00:00,7.438,56.03,3.81,800.35,31.49,Decreasing,NORMAL,None
2025-01-25 15:00:00,7.492,38.15,4.21,802.06,31.29,Increasing,NORMAL,None
2025-01-25 16:00:00,7.153,87.23,5.41,816.76,30.65,Increasing,NORMAL,None
2025-01-25 17:00:00,7.51,58.83,5.23,841.81,30.61,Increasing,NORMAL,None
2025-01-25 18:00:00,7.344,106.86,6.7,859.69,29.86,Increasing,NORMAL,None
2025-01-25 19:00:00,7.411,73.7,5.19,847.65,29.27,Increasing,NORMAL,None
2025-01-25 20:00:00,7.371,30.0,3.69,834.59,28.84,Decreasing,NORMAL,None
2025-01-25 21:00:00,7.49,61.98,5.56,814.57,28.11,Increasing,NORMAL,None
2025-01-25 22:00:00,7.354,59.96,7.73,810.83,27.7,Decreasing,NORMAL,None
2025-01-25 23:00:00,7.332,46.47,6.69,798.65,27.71,Decreasing,NORMAL,None
2025-01-26 00:00:00,7.348,48.23,6.1,804.08,27.88,Decreasing,NORMAL,None
2025-01-26 01:00:00,7.496,79.69,8.79,812.02,27.74,Increasing,NORMAL,None
2025-01-26 02:00:00,7.344,48.36,7.01,823.22,27.58,Increasing,NORMAL,None
2025-01-26 03:00:00,7.41,30.0,8.17,827.37,28.7,Decreasing,NORMAL,None
2025-01-26 04:00:00,7.386,45.68,9.96,830.05,28.26,Decreasing,NORMAL,None
2025-01-26 05:00:00,7.241,64.19,8.21,823.89,29.12,Increasing,NORMAL,None
2025-01-26 06:00:00,7.181,75.03,8.16,802.96,29.66,Increasing,NORMAL,None
2025-01-26 07:00:00,7.308,81.71,5.72,791.02,30.23,Stable,NORMAL,None
2025-01-26 08:00:00,7.32,75.64,5.46,767.69,31.03,Increasing,NORMAL,None
2025-01-26 09:00:00,7.357,45.67,4.85,789.36,31.12,Increasing,NORMAL,None
2025-01-26 10:00:00,7.375,98.51,13.37,781.36,31.5,Increasing,NORMAL,None
2025-01-26 11:00:00,7.271,63.78,12.23,795.61,31.25,Stable,NORMAL,None
2025-01-26 12:00:00,7.36,67.53,10.66,810.15,31.5,Decreasing,NORMAL,None
2025-01-26 13:00:00,7.214,105.86,10.11,824.07,31.34,Increasing,NORMAL,None
2025-01-26 14:00:00,7.3,48.83,9.55,808.81,31.34,Decreasing,NORMAL,None
2025-01-26 15:00:00,7.078,112.1,7.75,833.62,30.75,Increasing,NORMAL,None
2025-01-26 16:00:00,7.397,67.69,7.41,836.13,30.51,Decreasing,NORMAL,None
2025-01-26 17:00:00,7.192,65.1,8.71,803.6,30.03,Stable,NORMAL,None
2025-01-26 18:00:00,7.286,37.51,8.7,789.39,29.79,Decreasing,NORMAL,None
2025-01-26 19:00:00,7.321,69.17,6.65,760.7,28.79,Decreasing,NORMAL,None
2025-01-26 20:00:00,7.264,52.95,5.83,764.63,28.88,Increasing,NORMAL,None
2025-01-26 21:00:00,7.518,60.93,5.77,763.45,27.77,Decreasing,NORMAL,None
2025-01-26 22:00:00,7.356,66.39,5.44,763.34,28.23,Stable,NORMAL,None
2025-01-26 23:00:00,7.157,72.55,7.08,756.17,27.48,Increasing,NORMAL,None
2025-01-27 00:00:00,7.422,89.37,6.31,791.32,28.7,Increasing,NORMAL,None
2025-01-27 01:00:00,7.69,44.29,7.81,797.47,27.89,Decreasing,NORMAL,None
2025-01-27 02:00:00,7.368,75.3,7.0,784.43,28.69,Increasing,NORMAL,None
2025-01-27 03:00:00,7.355,35.69,6.43,783.22,28.39,Decreasing,NORMAL,None
2025-01-27 04:00:00,7.371,37.06,7.03,777.79,28.76,Decreasing,NORMAL,None
2025-01-27 05:00:00,7.381,63.44,5.82,776.73,29.25,Decreasing,NORMAL,None
2025-01-27 06:00:00,7.449,64.97,4.44,775.7,29.21,Decreasing,NORMAL,None
2025-01-27 07:00:00,7.165,91.2,4.69,789.86,29.91,Increasing,NORMAL,None
2025-01-27 08:00:00,7.393,30.0,6.12,791.17,30.49,Decreasing,NORMAL,None
2025-01-27 09:00:00,7.477,30.0,5.42,790.29,30.8,Decreasing,NORMAL,None
2025-01-27 10:00:00,7.287,90.57,5.62,760.28,31.86,Increasing,NORMAL,None
2025-01-27 11:00:00,7.346,52.1,4.12,784.66,30.97,Decreasing,NORMAL,None
2025-01-27 12:00:00,7.529,77.15,4.43,793.67,31.18,Increasing,NORMAL,None
2025-01-27 13:00:00,7.17,44.48,5.76,790.0,31.13,Decreasing,NORMAL,None
2025-01-27 14:00:00,7.415,76.67,5.16,795.97,31.24,Increasing,NORMAL,None
2025-01-27 15:00:00,7.234,87.92,4.7,800.92,31.07,Increasing,NORMAL,None
2025-01-27 16:00:00,7.265,30.0,5.65,795.67,30.72,Decreasing,NORMAL,None
2025-01-27 17:00:00,7.271,30.0,6.09,791.49,29.96,Decreasing,NORMAL,None
2025-01-27 18:00:00,7.278,48.86,6.74,787.41,29.22,Decreasing,NORMAL,None
2025-01-27 19:00:00,7.24,87.07,7.73,779.35,29.37,Increasing,NORMAL,None
2025-01-27 20:00:00,7.442,74.89,6.88,774.85,28.41,Stable,NORMAL,None
2025-01-27 21:00:00,7.192,101.04,9.48,784.97,28.57,Increasing,NORMAL,None
2025-01-27 22:00:00,7.4,103.32,17.37,774.37,28.09,Increasing,NORMAL,None
2025-01-27 23:00:00,7.095,93.06,15.18,779.15,28.06,Increasing,NORMAL,None
2025-01-28 00:00:00,7.239,99.12,14.64,776.69,28.04,Increasing,NORMAL,None
2025-01-28 01:00:00,7.277,87.72,12.97,749.38,28.13,Stable,NORMAL,None
2025-01-28 02:00:00,7.299,74.46,13.12,764.28,28.52,Stable,NORMAL,None
2025-01-28 03:00:00,7.365,77.26,13.14,751.82,28.26,Decreasing,NORMAL,None
2025-01-28 04:00:00,7.316,90.52,11.75,757.23,28.58,Decreasing,NORMAL,None
2025-01-28 05:00:00,7.455,63.27,11.27,766.56,29.27,Decreasing,NORMAL,None
2025-01-28 06:00:00,7.293,108.81,9.87,744.85,29.77,Increasing,NORMAL,None
2025-01-28 07:00:00,7.234,94.93,9.84,764.04,30.5,Increasing,NORMAL,None
2025-01-28 08:00:00,7.275,44.57,8.67,769.05,30.47,Decreasing,NORMAL,None
2025-01-28 09:00:00,7.409,44.82,7.81,777.57,30.8,Decreasing,NORMAL,None
2025-01-28 10:00:00,7.301,122.91,7.82,789.86,30.77,Increasing,NORMAL,None
2025-01-28 11:00:00,7.551,30.0,6.92,778.4,31.77,Decreasing,NORMAL,None
2025-01-28 12:00:00,7.271,60.18,3.65,741.88,31.76,Decreasing,NORMAL,None
2025-01-28 13:00:00,7.305,63.63,3.41,753.46,31.1,Decreasing,NORMAL,None
2025-01-28 14:00:00,7.347,54.78,2.91,756.02,31.75,Increasing,NORMAL,None
2025-01-28 15:00:00,7.173,87.64,4.33,759.26,30.79,Increasing,NORMAL,None
2025-01-28 16:00:00,7.093,30.0,2.68,756.98,30.66,Decreasing,NORMAL,None
2025-01-28 17:00:00,7.449,30.0,4.86,741.9,30.26,Stable,NORMAL,None
2025-01-28 18:00:00,7.195,33.49,5.39,735.27,29.37,Decreasing,NORMAL,None
2025-01-28 19:00:00,7.358,84.2,5.65,744.17,28.77,Increasing,NORMAL,None
2025-01-28 20:00:00,7.372,61.11,6.14,750.48,28.54,Increasing,NORMAL,None
2025-01-28 21:00:00,7.407,32.21,5.59,738.46,28.52,Decreasing,NORMAL,None
2025-01-28 22:00:00,7.246,56.64,11.32,746.17,28.16,Increasing,NORMAL,None
2025-01-28 23:00:00,7.511,96.98,12.58,748.69,28.25,Increasing,NORMAL,None
2025-01-29 00:00:00,7.198,79.57,10.93,730.71,27.6,Increasing,NORMAL,None
2025-01-29 01:00:00,7.087,127.02,18.72,761.38,27.71,Increasing,NORMAL,None
2025-01-29 02:00:00,7.187,144.3,17.16,769.28,28.51,Increasing,NORMAL,None
2025-01-29 03:00:00,7.297,82.11,16.29,761.38,28.7,Increasing,NORMAL,None
2025-01-29 04:00:00,7.349,92.19,15.76,763.21,28.57,Increasing,NORMAL,None
2025-01-29 05:00:00,7.212,124.3,18.98,768.48,28.73,Increasing,NORMAL,None
2025-01-29 06:00:00,7.305,104.65,18.33,765.82,29.27,Increasing,NORMAL,None
2025-01-29 07:00:00,7.367,84.68,15.67,770.91,30.33,Decreasing,NORMAL,None
2025-01-29 08:00:00,7.26,67.05,13.83,768.49,30.71,Decreasing,NORMAL,None
2025-01-29 09:00:00,7.49,70.16,13.81,766.74,31.38,Decreasing,NORMAL,None
2025-01-29 10:00:00,7.448,95.35,14.31,779.24,31.33,Increasing,NORMAL,None
2025-01-29 11:00:00,7.36,59.65,12.56,772.42,31.55,Decreasing,NORMAL,None
2025-01-29 12:00:00,7.398,30.0,11.54,769.56,31.09,Decreasing,NORMAL,None
2025-01-29 13:00:00,7.299,149.42,10.12,763.91,31.48,Increasing,NORMAL,None
2025-01-29 14:00:00,7.462,64.42,9.49,773.69,31.46,Decreasing,NORMAL,None
2025-01-29 15:00:00,7.469,72.45,9.39,764.15,31.15,Increasing,NORMAL,None
2025-01-29 16:00:00,7.284,97.02,8.0,790.27,30.46,Stable,NORMAL,None
2025-01-29 17:00:00,7.355,49.98,7.3,814.14,30.13,Decreasing,NORMAL,None
2025-01-29 18:00:00,7.263,48.1,7.64,824.58,29.49,Increasing,NORMAL,None
2025-01-29 19:00:00,7.19,91.36,8.92,808.75,29.45,Decreasing,NORMAL,None
2025-01-29 20:00:00,7.506,62.31,10.27,793.07,28.27,Decreasing,NORMAL,None
2025-01-29 21:00:00,7.198,112.97,12.0,801.19,28.27,Increasing,NORMAL,None
2025-01-29 22:00:00,7.27,103.15,10.19,817.44,27.89,Increasing,NORMAL,None
2025-01-29 23:00:00,7.253,49.72,6.93,805.9,27.9,Stable,NORMAL,None
2025-01-30 00:00:00,7.267,49.99,6.93,779.82,27.73,Increasing,NORMAL,None
2025-01-30 01:00:00,7.441,30.0,5.12,769.18,28.16,Decreasing,NORMAL,None
2025-01-30 02:00:00,7.425,30.0,5.39,747.72,27.66,Decreasing,NORMAL,None
2025-01-30 03:00:00,7.354,79.43,4.89,737.42,27.97,Decreasing,NORMAL,None
2025-01-30 04:00:00,7.407,30.0,4.05,748.33,28.4,Decreasing,NORMAL,None
2025-01-30 05:00:00,7.434,170.1,31.42,923.74,29.65,Increasing,NORMAL,None
2025-01-30 06:00:00,7.494,296.88,64.98,1130.02,31.12,Increasing,NORMAL,None
2025-01-30 07:00:00,7.811,389.77,98.7,1316.09,32.94,Increasing,NORMAL,None
2025-01-30 08:00:00,8.05,540.08,128.62,1490.32,33.58,Increasing,NORMAL,None
2025-01-30 09:00:00,7.917,599.89,152.25,1663.8,34.13,Increasing,SPIKE/ABNORMAL,TDS
2025-01-30 10:00:00,8.169,713.75,172.98,1782.33,35.38,Increasing,SPIKE/ABNORMAL,"COD, TDS, Temperature"
2025-01-30 11:00:00,8.155,701.74,183.01,1826.65,35.69,Increasing,SPIKE/ABNORMAL,"COD, TDS, Temperature"
2025-01-30 12:00:00,7.992,706.39,181.94,1826.03,35.82,Increasing,SPIKE/ABNORMAL,"COD, TDS, Temperature"
2025-01-30 13:00:00,8.132,666.83,171.52,1770.08,35.37,Increasing,SPIKE/ABNORMAL,"COD, TDS, Temperature"
2025-01-30 14:00:00,7.826,609.83,154.65,1684.25,35.08,Increasing,SPIKE/ABNORMAL,"COD, TDS, Temperature"
2025-01-30 15:00:00,7.955,499.6,129.2,1517.33,34.1,Decreasing,SPIKE/ABNORMAL,TDS
2025-01-30 16:00:00,7.722,420.64,99.98,1339.62,32.59,Decreasing,NORMAL,None
2025-01-30 17:00:00,7.577,307.83,67.79,1178.81,31.75,Decreasing,NORMAL,None
2025-01-30 18:00:00,7.564,184.76,33.59,992.56,30.54,Decreasing,NORMAL,None
2025-01-30 19:00:00,7.495,80.76,7.56,838.79,29.23,Decreasing,NORMAL,None
2025-01-30 20:00:00,7.28,58.3,7.11,840.93,29.15,Decreasing,NORMAL,None
2025-01-30 21:00:00,7.459,39.26,7.07,853.02,29.01,Decreasing,NORMAL,None
2025-01-30 22:00:00,7.318,82.77,7.66,841.35,28.16,Decreasing,NORMAL,None
2025-01-30 23:00:00,7.558,61.78,8.69,821.66,27.7,Decreasing,NORMAL,None
2025-01-31 00:00:00,7.457,51.26,9.54,831.01,27.68,Decreasing,NORMAL,None
2025-01-31 01:00:00,7.361,53.4,7.39,819.68,28.25,Decreasing,NORMAL,None
2025-01-31 02:00:00,7.298,78.81,9.17,823.06,28.19,Increasing,NORMAL,None
2025-01-31 03:00:00,7.464,92.78,7.96,791.49,28.53,Increasing,NORMAL,None
2025-01-31 04:00:00,7.205,83.88,9.06,789.32,28.19,Stable,NORMAL,None
2025-01-31 05:00:00,7.321,76.11,8.77,779.44,29.04,Increasing,NORMAL,None
2025-01-31 06:00:00,7.592,48.66,7.81,764.53,29.32,Decreasing,NORMAL,None
2025-01-31 07:00:00,7.22,79.58,6.69,786.75,29.97,Increasing,NORMAL,None
2025-01-31 08:00:00,7.506,47.75,6.4,788.98,30.59,Decreasing,NORMAL,None
2025-01-31 09:00:00,7.384,79.49,5.64,790.88,31.08,Decreasing,NORMAL,None
2025-01-31 10:00:00,7.429,62.59,5.92,774.8,31.24,Decreasing,NORMAL,None
2025-01-31 11:00:00,7.401,51.66,5.29,749.26,31.62,Decreasing,NORMAL,None
2025-01-31 12:00:00,7.699,58.77,5.81,759.01,31.13,Increasing,NORMAL,None
2025-01-31 13:00:00,7.279,30.0,7.06,769.42,30.97,Decreasing,NORMAL,None
2025-01-31 14:00:00,7.225,120.8,6.21,785.66,31.13,Increasing,NORMAL,None
2025-01-31 15:00:00,7.455,63.13,4.91,788.66,31.02,Decreasing,NORMAL,None
2025-01-31 16:00:00,7.17,71.31,4.59,780.4,30.97,Increasing,NORMAL,None
2025-01-31 17:00:00,7.451,30.0,4.25,781.46,30.36,Decreasing,NORMAL,None
2025-01-31 18:00:00,7.486,70.13,4.89,798.02,29.84,Increasing,NORMAL,None
2025-01-31 19:00:00,7.359,56.54,4.68,804.63,29.62,Increasing,NORMAL,None
2025-01-31 20:00:00,7.373,54.76,4.12,793.52,28.72,Decreasing,NORMAL,None
2025-01-31 21:00:00,7.351,113.37,5.42,808.65,28.32,Increasing,NORMAL,None
2025-01-31 22:00:00,7.182,113.22,4.94,837.92,28.25,Increasing,NORMAL,None
2025-01-31 23:00:00,7.258,65.53,4.02,838.56,28.4,Increasing,NORMAL,None
2025-02-01 00:00:00,7.399,50.29,3.94,822.2,28.03,Decreasing,NORMAL,None
2025-02-01 01:00:00,7.398,30.0,3.18,805.93,27.68,Decreasing,NORMAL,None
2025-02-01 02:00:00,7.256,76.49,2.19,812.55,28.04,Increasing,NORMAL,None
2025-02-01 03:00:00,7.331,59.33,5.06,815.74,28.88,Decreasing,NORMAL,None
2025-02-01 04:00:00,7.388,39.2,4.76,813.74,28.61,Decreasing,NORMAL,None
2025-02-01 05:00:00,7.245,78.05,3.94,800.97,29.02,Increasing,NORMAL,None
2025-02-01 06:00:00,7.299,30.05,4.65,811.56,29.96,Decreasing,NORMAL,None
2025-02-01 07:00:00,7.339,57.0,3.36,830.07,29.92,Increasing,NORMAL,None
2025-02-01 08:00:00,7.5,51.73,2.74,820.24,30.96,Decreasing,NORMAL,None
2025-02-01 09:00:00,7.335,56.99,2.15,819.54,31.3,Decreasing,NORMAL,None
2025-02-01 10:00:00,7.179,91.18,3.71,798.2,31.91,Increasing,NORMAL,None
2025-02-01 11:00:00,7.309,52.23,3.81,794.5,31.13,Decreasing,NORMAL,None
2025-02-01 12:00:00,7.391,79.05,4.0,780.87,31.96,Increasing,NORMAL,None
2025-02-01 13:00:00,7.534,42.47,6.94,760.21,31.23,Decreasing,NORMAL,None
2025-02-01 14:00:00,7.568,40.76,5.37,758.93,30.92,Decreasing,NORMAL,None
2025-02-01 15:00:00,7.411,30.0,9.3,739.11,30.97,Decreasing,NORMAL,None
2025-02-01 16:00:00,7.489,89.53,9.25,727.25,30.8,Stable,NORMAL,None
2025-02-01 17:00:00,7.339,59.16,10.58,698.58,30.37,Increasing,NORMAL,None
2025-02-01 18:00:00,7.284,99.4,9.31,696.0,29.95,Increasing,NORMAL,None
2025-02-01 19:00:00,7.246,85.98,8.97,701.36,29.5,Increasing,NORMAL,None
2025-02-01 20:00:00,7.422,135.36,10.98,724.57,29.38,Increasing,NORMAL,None
2025-02-01 21:00:00,7.305,73.91,10.03,756.61,29.2,Increasing,NORMAL,None
2025-02-01 22:00:00,7.179,104.86,11.3,752.97,28.23,Increasing,NORMAL,None
2025-02-01 23:00:00,7.28,99.61,12.38,764.24,28.46,Increasing,NORMAL,None
2025-02-02 00:00:00,7.313,84.34,12.61,763.25,28.29,Decreasing,NORMAL,None
2025-02-02 01:00:00,7.301,111.36,10.08,781.19,27.99,Increasing,NORMAL,None
2025-02-02 02:00:00,7.332,75.89,8.79,821.1,28.47,Decreasing,NORMAL,None
2025-02-02 03:00:00,7.297,56.92,8.86,816.21,28.32,Decreasing,NORMAL,None
2025-02-02 04:00:00,7.371,74.99,8.87,809.47,28.7,Decreasing,NORMAL,None
2025-02-02 05:00:00,7.403,30.0,6.49,817.45,28.69,Decreasing,NORMAL,None
2025-02-02 06:00:00,7.295,101.83,12.81,815.87,29.84,Increasing,NORMAL,None
2025-02-02 07:00:00,7.307,141.54,13.66,831.04,30.34,Increasing,NORMAL,None
2025-02-02 08:00:00,7.43,85.8,14.01,837.34,30.69,Increasing,NORMAL,None
2025-02-02 09:00:00,7.292,100.75,13.81,825.89,31.47,Increasing,NORMAL,None
2025-02-02 10:00:00,7.301,125.25,12.61,792.45,31.07,Increasing,NORMAL,None
2025-02-02 11:00:00,7.471,74.49,11.36,803.85,31.43,Increasing,NORMAL,None
2025-02-02 12:00:00,7.54,81.65,10.57,817.56,31.87,Decreasing,NORMAL,None
2025-02-02 13:00:00,7.347,98.3,11.25,849.83,31.97,Decreasing,NORMAL,None
2025-02-02 14:00:00,7.31,67.52,10.07,838.21,31.18,Decreasing,NORMAL,None
2025-02-02 15:00:00,7.496,31.83,10.45,819.02,30.89,Decreasing,NORMAL,None
2025-02-02 16:00:00,7.196,95.96,11.75,823.67,30.87,Decreasing,NORMAL,None
2025-02-02 17:00:00,7.388,61.11,11.92,826.5,30.67,Decreasing,NORMAL,None
2025-02-02 18:00:00,7.322,119.33,11.13,852.34,29.22,Increasing,NORMAL,None
2025-02-02 19:00:00,7.443,46.04,11.41,841.9,29.54,Decreasing,NORMAL,None
2025-02-02 20:00:00,7.445,48.07,12.51,848.13,29.08,Decreasing,NORMAL,None
2025-02-02 21:00:00,7.257,76.43,12.4,828.14,28.46,Increasing,NORMAL,None
2025-02-02 22:00:00,7.178,54.67,10.65,827.57,28.3,Decreasing,NORMAL,None
2025-02-02 23:00:00,7.439,78.93,15.35,824.97,27.65,Increasing,NORMAL,None
2025-02-03 00:00:00,7.154,76.1,14.68,815.51,27.95,Decreasing,NORMAL,None
2025-02-03 01:00:00,7.444,87.48,24.68,809.44,28.34,Increasing,NORMAL,None
2025-02-03 02:00:00,7.389,92.37,22.16,792.24,28.25,Increasing,NORMAL,None
2025-02-03 03:00:00,7.295,153.67,20.01,799.03,28.58,Increasing,NORMAL,None
2025-02-03 04:00:00,7.299,128.26,17.1,815.9,29.35,Increasing,NORMAL,None
2025-02-03 05:00:00,7.225,122.99,17.17,851.92,28.88,Increasing,NORMAL,None
2025-02-03 06:00:00,7.337,80.16,15.69,850.32,30.15,Increasing,NORMAL,None
2025-02-03 07:00:00,7.367,70.78,13.88,857.76,30.54,Decreasing,NORMAL,None
2025-02-03 08:00:00,7.267,118.56,12.7,868.41,30.53,Increasing,NORMAL,None
2025-02-03 09:00:00,7.343,73.31,10.94,872.79,30.88,Decreasing,NORMAL,None
2025-02-03 10:00:00,7.112,99.36,10.31,874.39,31.23,Decreasing,NORMAL,None
2025-02-03 11:00:00,7.042,95.17,22.42,882.61,31.39,Decreasing,NORMAL,None
2025-02-03 12:00:00,7.471,144.16,20.66,896.15,31.24,Increasing,NORMAL,None
2025-02-03 13:00:00,7.379,92.65,19.4,929.98,31.45,Increasing,NORMAL,None
2025-02-03 14:00:00,7.389,128.45,18.09,929.69,31.83,Increasing,NORMAL,None
2025-02-03 15:00:00,7.222,109.19,16.31,923.14,30.87,Increasing,NORMAL,None
2025-02-03 16:00:00,7.273,40.05,12.87,904.7,30.91,Decreasing,NORMAL,None
2025-02-03 17:00:00,7.376,138.94,13.77,885.17,30.57,Increasing,NORMAL,None
2025-02-03 18:00:00,7.453,53.05,11.2,892.68,29.97,Decreasing,NORMAL,None
2025-02-03 19:00:00,7.328,81.86,11.63,889.76,29.1,Decreasing,NORMAL,None
2025-02-03 20:00:00,7.544,72.07,11.94,873.01,28.81,Decreasing,NORMAL,None
2025-02-03 21:00:00,7.236,81.91,11.81,847.66,28.59,Decreasing,NORMAL,None
2025-02-03 22:00:00,7.316,77.45,12.14,859.09,28.38,Increasing,NORMAL,None
2025-02-03 23:00:00,7.346,71.62,12.1,855.29,28.09,Decreasing,NORMAL,None
2025-02-04 00:00:00,7.319,120.07,11.97,871.64,28.35,Increasing,NORMAL,None
2025-02-04 01:00:00,7.412,90.22,10.47,880.54,28.34,Increasing,NORMAL,None
2025-02-04 02:00:00,7.442,94.7,7.51,889.9,27.79,Increasing,NORMAL,None
2025-02-04 03:00:00,7.34,47.51,7.09,874.47,28.52,Decreasing,NORMAL,None
2025-02-04 04:00:00,7.321,54.32,6.88,874.77,28.7,Decreasing,NORMAL,None
2025-02-04 05:00:00,7.363,75.42,6.66,878.3,29.23,Increasing,NORMAL,None
2025-02-04 06:00:00,7.397,88.94,6.07,874.15,28.83,Decreasing,NORMAL,None
2025-02-04 07:00:00,7.352,52.01,7.19,860.04,30.32,Decreasing,NORMAL,None
2025-02-04 08:00:00,7.391,30.0,7.12,847.51,31.28,Decreasing,NORMAL,None
2025-02-04 09:00:00,7.484,30.0,5.1,866.68,31.04,Decreasing,NORMAL,None
2025-02-04 10:00:00,7.324,30.0,3.58,842.8,31.57,Decreasing,NORMAL,None
2025-02-04 11:00:00,7.209,59.85,4.77,836.95,31.8,Decreasing,NORMAL,None
2025-02-04 12:00:00,7.319,30.0,5.03,810.07,31.25,Decreasing,NORMAL,None
2025-02-04 13:00:00,7.349,35.6,3.22,812.17,31.51,Decreasing,NORMAL,None
2025-02-04 14:00:00,7.291,83.99,5.23,804.08,31.63,Increasing,NORMAL,None
2025-02-04 15:00:00,7.553,64.06,5.04,811.92,31.28,Increasing,NORMAL,None
2025-02-04 16:00:00,7.125,101.89,5.97,847.07,30.65,Increasing,NORMAL,None
2025-02-04 17:00:00,7.396,58.64,5.42,834.87,30.39,Stable,NORMAL,None
2025-02-04 18:00:00,7.586,60.03,6.22,835.14,29.46,Increasing,NORMAL,None
2025-02-04 19:00:00,7.383,75.14,6.5,829.29,29.51,Increasing,NORMAL,None
2025-02-04 20:00:00,7.335,83.92,9.85,839.15,29.02,Stable,NORMAL,None
2025-02-04 21:00:00,7.274,78.0,8.94,868.1,28.61,Increasing,NORMAL,None
2025-02-04 22:00:00,7.304,104.0,9.95,891.81,28.24,Stable,NORMAL,None
2025-02-04 23:00:00,7.321,70.18,9.37,877.31,28.68,Increasing,NORMAL,None
2025-02-05 00:00:00,7.29,61.57,7.46,890.58,28.27,Stable,NORMAL,None
2025-02-05 01:00:00,7.299,104.69,6.67,897.08,27.7,Increasing,NORMAL,None
2025-02-05 02:00:00,7.421,65.33,5.53,901.35,28.18,Decreasing,NORMAL,None
2025-02-05 03:00:00,7.362,91.82,4.94,902.33,29.01,Increasing,NORMAL,None
2025-02-05 04:00:00,7.408,62.57,3.73,893.46,29.13,Decreasing,NORMAL,None
2025-02-05 05:00:00,7.235,98.37,8.61,887.66,29.29,Increasing,NORMAL,None
2025-02-05 06:00:00,7.43,69.58,7.0,863.84,29.66,Increasing,NORMAL,None
2025-02-05 07:00:00,7.29,30.0,5.6,854.66,30.59,Decreasing,NORMAL,None
2025-02-05 08:00:00,7.349,70.65,3.58,859.49,30.65,Increasing,NORMAL,None
2025-02-05 09:00:00,7.304,73.88,3.94,864.2,31.03,Decreasing,NORMAL,None
2025-02-05 10:00:00,7.576,30.0,3.4,841.36,31.0,Decreasing,NORMAL,None
2025-02-05 11:00:00,7.26,38.08,3.94,825.99,31.89,Decreasing,NORMAL,None
2025-02-05 12:00:00,7.443,78.96,3.41,807.5,31.69,Increasing,NORMAL,None
2025-02-05 13:00:00,7.242,83.71,3.43,796.34,31.78,Increasing,NORMAL,None
2025-02-05 14:00:00,7.492,56.64,3.16,788.06,31.21,Decreasing,NORMAL,None
2025-02-05 15:00:00,7.328,36.69,3.37,805.79,31.03,Decreasing,NORMAL,None
2025-02-05 16:00:00,7.304,32.11,3.29,819.51,30.82,Increasing,NORMAL,None
2025-02-05 17:00:00,7.483,30.0,2.48,785.94,30.56,Decreasing,NORMAL,None
2025-02-05 18:00:00,7.547,30.0,2.59,788.26,29.99,Decreasing,NORMAL,None
2025-02-05 19:00:00,7.561,43.86,3.63,765.24,29.39,Decreasing,NORMAL,None
2025-02-05 20:00:00,7.324,62.55,6.57,783.11,29.1,Increasing,NORMAL,None
2025-02-05 21:00:00,7.114,41.18,5.18,758.21,28.4,Increasing,NORMAL,None
2025-02-05 22:00:00,7.365,51.88,4.48,757.19,28.12,Increasing,NORMAL,None
2025-02-05 23:00:00,7.28,36.06,5.01,746.73,27.82,Increasing,NORMAL,None
2025-02-06 00:00:00,7.446,33.32,5.76,728.2,28.2,Increasing,NORMAL,None
2025-02-06 01:00:00,7.345,55.88,5.8,747.61,28.19,Increasing,NORMAL,None
2025-02-06 02:00:00,7.31,51.82,4.97,737.88,28.39,Decreasing,NORMAL,None
2025-02-06 03:00:00,7.261,30.0,5.51,727.21,28.36,Decreasing,NORMAL,None
2025-02-06 04:00:00,7.411,44.32,5.91,706.99,28.96,Decreasing,NORMAL,None
2025-02-06 05:00:00,7.321,44.78,5.19,729.29,29.33,Increasing,NORMAL,None
2025-02-06 06:00:00,7.365,67.77,4.21,722.06,29.62,Increasing,NORMAL,None
2025-02-06 07:00:00,7.434,30.0,3.25,712.16,30.43,Decreasing,NORMAL,None
2025-02-06 08:00:00,7.327,61.96,1.88,708.7,30.64,Increasing,NORMAL,None
2025-02-06 09:00:00,7.345,36.81,1.38,700.06,31.7,Increasing,NORMAL,None
2025-02-06 10:00:00,7.453,72.1,1.34,703.24,31.54,Increasing,NORMAL,None
2025-02-06 11:00:00,7.409,65.0,1.0,715.84,31.54,Increasing,NORMAL,None
2025-02-06 12:00:00,7.5,58.53,3.62,733.0,31.39,Decreasing,NORMAL,None
2025-02-06 13:00:00,7.376,54.35,3.72,738.7,31.68,Increasing,NORMAL,None
2025-02-06 14:00:00,7.135,30.0,4.1,744.76,31.75,Decreasing,NORMAL,None
2025-02-06 15:00:00,7.25,102.68,3.72,734.84,30.95,Increasing,NORMAL,None
2025-02-06 16:00:00,7.222,76.12,3.87,745.69,30.7,Increasing,NORMAL,None
2025-02-06 17:00:00,7.372,30.0,3.99,759.64,30.27,Decreasing,NORMAL,None
2025-02-06 18:00:00,7.331,74.13,4.81,774.78,29.7,Increasing,NORMAL,None
2025-02-06 19:00:00,7.454,34.23,3.27,751.85,28.57,Decreasing,NORMAL,None
2025-02-06 20:00:00,7.357,89.04,2.45,781.41,28.86,Increasing,NORMAL,None
2025-02-06 21:00:00,7.382,30.0,3.17,780.37,28.72,Decreasing,NORMAL,None
2025-02-06 22:00:00,7.467,56.3,5.19,772.68,28.06,Decreasing,NORMAL,None
2025-02-06 23:00:00,7.265,35.46,4.62,756.59,28.19,Increasing,NORMAL,None
2025-02-07 00:00:00,7.426,61.96,3.88,784.59,28.34,Decreasing,NORMAL,None
2025-02-07 01:00:00,7.371,30.0,4.53,774.97,28.28,Decreasing,NORMAL,None
2025-02-07 02:00:00,7.271,97.11,6.45,778.16,28.04,Increasing,NORMAL,None
2025-02-07 03:00:00,7.363,47.75,6.01,801.18,28.29,Increasing,NORMAL,None
2025-02-07 04:00:00,7.329,69.68,5.54,808.96,29.11,Increasing,NORMAL,None
2025-02-07 05:00:00,7.333,99.48,5.27,847.48,28.63,Increasing,NORMAL,None
2025-02-07 06:00:00,7.201,92.25,7.44,839.79,29.94,Increasing,NORMAL,None
2025-02-07 07:00:00,7.346,100.42,9.22,841.06,30.3,Increasing,NORMAL,None
2025-02-07 08:00:00,7.309,81.36,10.72,841.19,30.67,Decreasing,NORMAL,None
2025-02-07 09:00:00,7.364,71.63,10.3,854.6,31.21,Increasing,NORMAL,None
2025-02-07 10:00:00,7.299,101.88,10.74,886.59,31.08,Increasing,NORMAL,None
2025-02-07 11:00:00,7.207,123.03,10.07,920.38,31.71,Increasing,NORMAL,None
2025-02-07 12:00:00,7.206,101.37,9.59,898.69,32.07,Increasing,NORMAL,None
2025-02-07 13:00:00,7.32,64.99,9.03,896.24,32.31,Decreasing,NORMAL,None
2025-02-07 14:00:00,7.31,53.9,7.07,902.29,31.45,Decreasing,NORMAL,None
2025-02-07 15:00:00,7.524,102.91,4.04,893.69,31.46,Increasing,NORMAL,None
2025-02-07 16:00:00,7.289,30.0,4.28,908.84,30.93,Decreasing,NORMAL,None
2025-02-07 17:00:00,7.578,30.0,3.74,892.25,29.89,Decreasing,NORMAL,None
2025-02-07 18:00:00,7.368,78.28,2.79,919.5,30.22,Decreasing,NORMAL,None
2025-02-07 19:00:00,7.482,48.21,4.06,888.86,29.21,Decreasing,NORMAL,None
2025-02-07 20:00:00,7.203,46.71,3.88,884.18,29.02,Decreasing,NORMAL,None
2025-02-07 21:00:00,7.472,64.92,3.32,879.53,28.49,Decreasing,NORMAL,None
2025-02-07 22:00:00,7.465,30.0,2.29,847.11,28.65,Stable,NORMAL,None
2025-02-07 23:00:00,7.39,86.74,3.11,839.7,28.17,Increasing,NORMAL,None
2025-02-08 00:00:00,7.492,30.0,2.02,831.01,28.12,Decreasing,NORMAL,None
2025-02-08 01:00:00,7.381,35.44,2.38,826.36,28.25,Decreasing,NORMAL,None
2025-02-08 02:00:00,7.319,32.62,2.94,805.39,28.11,Decreasing,NORMAL,None
2025-02-08 03:00:00,7.319,30.0,3.19,798.44,28.37,Decreasing,NORMAL,None
2025-02-08 04:00:00,7.352,94.02,2.99,800.13,28.83,Increasing,NORMAL,None
2025-02-08 05:00:00,7.161,84.25,3.12,812.69,29.22,Stable,NORMAL,None
2025-02-08 06:00:00,7.377,30.0,2.97,783.03,30.3,Stable,NORMAL,None
2025-02-08 07:00:00,7.541,50.39,1.73,780.01,30.8,Increasing,NORMAL,None
2025-02-08 08:00:00,7.297,81.01,1.63,779.16,31.33,Increasing,NORMAL,None
2025-02-08 09:00:00,7.251,33.97,2.52,777.84,31.09,Increasing,NORMAL,None
2025-02-08 10:00:00,7.455,30.0,4.14,754.09,31.99,Decreasing,NORMAL,None
2025-02-08 11:00:00,7.443,57.11,5.27,754.69,31.62,Decreasing,NORMAL,None
2025-02-08 12:00:00,7.312,30.0,2.58,768.92,32.08,Stable,NORMAL,None
2025-02-08 13:00:00,7.352,30.0,3.59,783.13,31.75,Decreasing,NORMAL,None
2025-02-08 14:00:00,7.205,58.84,3.48,794.74,31.57,Decreasing,NORMAL,None
2025-02-08 15:00:00,7.436,48.32,3.26,799.69,30.98,Increasing,NORMAL,None
2025-02-08 16:00:00,7.348,30.0,3.09,797.7,31.12,Stable,NORMAL,None
2025-02-08 17:00:00,7.331,41.19,4.17,790.14,30.19,Decreasing,NORMAL,None
2025-02-08 18:00:00,7.531,30.0,3.97,805.36,30.3,Stable,NORMAL,None
2025-02-08 19:00:00,7.119,44.72,3.34,823.73,29.16,Increasing,NORMAL,None
2025-02-08 20:00:00,7.344,30.0,2.85,799.08,29.11,Decreasing,NORMAL,None
2025-02-08 21:00:00,7.266,72.35,2.63,806.82,28.86,Increasing,NORMAL,None
2025-02-08 22:00:00,7.269,58.64,2.22,816.26,28.72,Increasing,NORMAL,None
2025-02-08 23:00:00,7.297,61.6,1.78,833.02,28.09,Increasing,NORMAL,None
2025-02-09 00:00:00,7.502,30.0,1.0,804.14,28.23,Stable,NORMAL,None
2025-02-09 01:00:00,7.296,62.6,1.0,819.66,27.87,Increasing,NORMAL,None
2025-02-09 02:00:00,7.295,81.51,1.0,804.77,28.3,Increasing,NORMAL,None
2025-02-09 03:00:00,7.411,71.25,1.0,790.25,29.02,Stable,NORMAL,None
2025-02-09 04:00:00,7.417,70.96,1.0,788.78,29.12,Increasing,NORMAL,None
2025-02-09 05:00:00,7.492,30.0,1.1,762.84,29.45,Decreasing,NORMAL,None
2025-02-09 06:00:00,7.512,45.65,1.68,769.54,29.74,Increasing,NORMAL,None
2025-02-09 07:00:00,7.341,87.96,3.94,760.57,30.33,Increasing,NORMAL,None
2025-02-09 08:00:00,7.479,43.15,4.73,787.51,31.09,Decreasing,NORMAL,None
2025-02-09 09:00:00,7.4,44.36,5.37,787.6,31.22,Decreasing,NORMAL,None
2025-02-09 10:00:00,7.339,43.61,8.21,782.9,31.49,Decreasing,NORMAL,None
2025-02-09 11:00:00,7.457,94.82,6.95,779.14,31.34,Increasing,NORMAL,None
2025-02-09 12:00:00,7.194,126.17,6.68,788.34,31.93,Increasing,NORMAL,None
2025-02-09 13:00:00,7.365,53.17,7.69,780.44,31.5,Decreasing,NORMAL,None
2025-02-09 14:00:00,7.189,79.23,7.33,770.81,32.22,Increasing,NORMAL,None
2025-02-09 15:00:00,7.368,95.25,6.73,771.71,31.56,Increasing,NORMAL,None
2025-02-09 16:00:00,7.316,77.96,6.01,776.88,30.96,Increasing,NORMAL,None
2025-02-09 17:00:00,7.457,110.25,16.7,797.72,30.14,Increasing,NORMAL,None
2025-02-09 18:00:00,7.255,116.72,13.67,795.54,30.09,Decreasing,NORMAL,None
2025-02-09 19:00:00,7.225,96.1,14.15,812.47,29.17,Increasing,NORMAL,None
2025-02-09 20:00:00,7.291,75.43,12.58,784.74,29.5,Decreasing,NORMAL,None
2025-02-09 21:00:00,7.305,53.75,12.53,794.02,28.51,Decreasing,NORMAL,None
2025-02-09 22:00:00,7.178,75.82,10.93,814.19,28.59,Stable,NORMAL,None
2025-02-09 23:00:00,7.409,50.69,10.24,789.52,28.74,Decreasing,NORMAL,None
2025-02-10 00:00:00,7.269,82.09,9.34,778.14,27.91,Decreasing,NORMAL,None
2025-02-10 01:00:00,7.327,80.59,8.83,783.58,28.29,Decreasing,NORMAL,None
2025-02-10 02:00:00,7.319,99.51,7.48,787.35,28.32,Increasing,NORMAL,None
2025-02-10 03:00:00,7.315,30.0,6.07,765.59,28.83,Decreasing,NORMAL,None
2025-02-10 04:00:00,7.322,69.51,5.24,787.56,28.7,Decreasing,NORMAL,None
2025-02-10 05:00:00,7.334,94.01,3.74,785.97,29.59,Increasing,NORMAL,None
2025-02-10 06:00:00,7.391,81.57,2.27,772.55,29.97,Stable,NORMAL,None
2025-02-10 07:00:00,7.354,38.72,3.73,759.44,31.06,Decreasing,NORMAL,None
2025-02-10 08:00:00,7.479,43.71,4.19,764.31,31.12,Decreasing,NORMAL,None
2025-02-10 09:00:00,7.27,40.95,2.4,772.91,31.92,Increasing,NORMAL,None
2025-02-10 10:00:00,7.369,49.37,1.36,801.54,31.9,Decreasing,NORMAL,None
2025-02-10 11:00:00,7.365,59.92,6.88,815.44,31.93,Decreasing,NORMAL,None
2025-02-10 12:00:00,7.269,81.82,7.18,811.82,31.65,Stable,NORMAL,None
2025-02-10 13:00:00,7.43,62.96,7.82,823.59,32.16,Increasing,NORMAL,None
2025-02-10 14:00:00,7.436,32.68,6.64,804.97,32.08,Decreasing,NORMAL,None
2025-02-10 15:00:00,7.466,72.55,3.83,816.28,31.66,Increasing,NORMAL,None
2025-02-10 16:00:00,7.343,30.0,1.82,811.34,31.49,Decreasing,NORMAL,None
2025-02-10 17:00:00,7.311,44.9,5.0,764.26,30.36,Decreasing,NORMAL,None
2025-02-10 18:00:00,7.379,40.12,3.28,771.36,30.01,Decreasing,NORMAL,None
2025-02-10 19:00:00,7.143,99.08,4.7,787.34,29.45,Increasing,NORMAL,None
2025-02-10 20:00:00,7.297,48.04,4.69,752.83,29.23,Increasing,NORMAL,None
2025-02-10 21:00:00,7.526,42.77,4.94,745.8,29.12,Decreasing,NORMAL,None
2025-02-10 22:00:00,7.296,77.61,5.24,740.26,28.78,Increasing,NORMAL,None
2025-02-10 23:00:00,7.468,56.75,6.63,733.26,28.19,Increasing,NORMAL,None
2025-02-11 00:00:00,7.268,40.07,6.23,701.0,28.22,Stable,NORMAL,None
2025-02-11 01:00:00,7.475,56.15,6.44,680.21,28.81,Decreasing,NORMAL,None
2025-02-11 02:00:00,7.355,81.55,3.96,684.39,28.74,Increasing,NORMAL,None
2025-02-11 03:00:00,7.545,30.0,2.73,685.86,28.78,Decreasing,NORMAL,None
2025-02-11 04:00:00,7.379,45.54,4.01,704.48,29.03,Decreasing,NORMAL,None
2025-02-11 05:00:00,7.567,38.98,3.99,683.19,29.62,Decreasing,NORMAL,None
2025-02-11 06:00:00,7.524,31.5,4.28,691.88,30.48,Decreasing,NORMAL,None
2025-02-11 07:00:00,7.472,54.62,3.42,664.3,30.41,Stable,NORMAL,None
2025-02-11 08:00:00,7.179,87.39,5.85,689.18,30.98,Increasing,NORMAL,None
2025-02-11 09:00:00,7.277,78.97,5.57,710.01,31.34,Increasing,NORMAL,None
2025-02-11 10:00:00,7.403,51.4,4.72,712.39,32.26,Increasing,NORMAL,None
2025-02-11 11:00:00,7.376,45.87,7.14,729.12,31.78,Increasing,NORMAL,None
2025-02-11 12:00:00,7.414,91.22,6.36,725.31,31.96,Increasing,NORMAL,None
2025-02-11 13:00:00,7.182,72.87,5.11,727.86,31.73,Increasing,NORMAL,None
2025-02-11 14:00:00,7.402,89.96,6.18,732.85,31.7,Stable,NORMAL,None
2025-02-11 15:00:00,7.295,51.8,4.66,735.55,31.12,Decreasing,NORMAL,None
2025-02-11 16:00:00,7.311,66.65,3.71,743.97,30.76,Increasing,NORMAL,None
2025-02-11 17:00:00,7.422,43.43,4.02,729.92,30.28,Decreasing,NORMAL,None
2025-02-11 18:00:00,7.356,129.92,5.69,751.36,30.03,Increasing,NORMAL,None
2025-02-11 19:00:00,7.24,38.69,5.0,752.2,29.27,Decreasing,NORMAL,None
2025-02-11 20:00:00,7.273,56.32,2.51,752.99,29.24,Decreasing,NORMAL,None
2025-02-11 21:00:00,7.29,30.0,3.76,745.12,28.68,Decreasing,NORMAL,None
2025-02-11 22:00:00,7.182,72.22,3.68,765.87,28.66,Increasing,NORMAL,None
2025-02-11 23:00:00,7.282,68.96,4.52,763.45,28.05,Increasing,NORMAL,None
2025-02-12 00:00:00,7.3,130.36,28.82,766.31,28.43,Stable,NORMAL,None
2025-02-12 01:00:00,7.263,158.37,27.12,791.04,27.94,Increasing,NORMAL,None
2025-02-12 02:00:00,7.195,130.48,25.88,792.9,28.44,Increasing,NORMAL,None
2025-02-12 03:00:00,7.266,112.07,22.11,805.84,28.66,Increasing,NORMAL,None
2025-02-12 04:00:00,7.082,142.93,19.76,810.85,29.03,Increasing,NORMAL,None
2025-02-12 05:00:00,7.268,108.03,19.3,851.44,29.58,Increasing,NORMAL,None
2025-02-12 06:00:00,7.305,146.77,19.06,865.22,29.65,Increasing,NORMAL,None
2025-02-12 07:00:00,7.241,118.19,18.26,863.13,30.74,Decreasing,NORMAL,None
2025-02-12 08:00:00,7.256,121.25,16.52,877.21,30.97,Decreasing,NORMAL,None
2025-02-12 09:00:00,7.359,73.38,13.64,857.43,31.17,Decreasing,NORMAL,None
2025-02-12 10:00:00,7.436,102.61,13.75,866.4,31.54,Decreasing,NORMAL,None
2025-02-12 11:00:00,7.426,118.62,11.3,900.93,31.39,Increasing,NORMAL,None
2025-02-12 12:00:00,7.231,81.65,10.1,884.54,31.42,Decreasing,NORMAL,None
2025-02-12 13:00:00,7.253,42.78,9.21,865.61,31.57,Decreasing,NORMAL,None
2025-02-12 14:00:00,7.301,82.54,9.09,866.96,31.3,Decreasing,NORMAL,None
2025-02-12 15:00:00,7.286,60.75,9.37,849.57,30.95,Decreasing,NORMAL,None
2025-02-12 16:00:00,7.264,79.61,11.48,838.03,31.24,Decreasing,NORMAL,None
2025-02-12 17:00:00,7.307,83.02,13.31,813.07,30.72,Decreasing,NORMAL,None
2025-02-12 18:00:00,7.38,71.25,11.75,801.57,29.8,Decreasing,NORMAL,None
2025-02-12 19:00:00,7.249,77.23,10.2,801.32,29.24,Increasing,NORMAL,None
2025-02-12 20:00:00,7.314,67.03,9.91,801.15,28.61,Decreasing,NORMAL,None
2025-02-12 21:00:00,7.3,93.66,9.98,798.27,27.87,Increasing,NORMAL,None
2025-02-12 22:00:00,7.373,47.45,7.43,793.34,28.49,Decreasing,NORMAL,None
2025-02-12 23:00:00,7.588,67.51,5.57,787.66,28.74,Decreasing,NORMAL,None
2025-02-13 00:00:00,7.462,49.2,5.23,777.1,28.12,Decreasing,NORMAL,None
2025-02-13 01:00:00,7.328,70.24,5.36,779.61,28.16,Decreasing,NORMAL,None
2025-02-13 02:00:00,7.261,67.73,4.44,798.7,28.67,Stable,NORMAL,None
2025-02-13 03:00:00,7.411,80.3,5.04,814.21,29.11,Decreasing,NORMAL,None
2025-02-13 04:00:00,7.254,92.86,4.32,840.49,29.65,Increasing,NORMAL,None
2025-02-13 05:00:00,7.188,44.31,5.51,846.77,29.72,Decreasing,NORMAL,None
2025-02-13 06:00:00,7.351,30.0,6.14,838.78,29.23,Decreasing,NORMAL,None
2025-02-13 07:00:00,7.221,105.42,6.43,829.22,30.55,Increasing,NORMAL,None
2025-02-13 08:00:00,7.443,72.94,5.01,808.14,31.1,Increasing,NORMAL,None
2025-02-13 09:00:00,7.439,31.29,6.47,792.57,31.52,Decreasing,NORMAL,None
2025-02-13 10:00:00,7.331,56.38,5.39,767.43,31.72,Decreasing,NORMAL,None
2025-02-13 11:00:00,7.398,30.37,3.48,759.69,32.31,Decreasing,NORMAL,None
2025-02-13 12:00:00,7.388,85.25,4.22,749.17,31.81,Increasing,NORMAL,None
2025-02-13 13:00:00,7.258,45.23,3.41,748.15,32.17,Decreasing,NORMAL,None
2025-02-13 14:00:00,7.272,89.19,6.49,775.55,31.94,Increasing,NORMAL,None
2025-02-13 15:00:00,7.28,72.68,5.77,773.31,30.8,Increasing,NORMAL,None
2025-02-13 16:00:00,7.375,39.01,5.13,749.06,30.83,Decreasing,NORMAL,None
2025-02-13 17:00:00,7.365,52.04,3.54,756.4,30.73,Increasing,NORMAL,None
2025-02-13 18:00:00,7.332,84.01,2.53,753.83,30.0,Stable,NORMAL,None
2025-02-13 19:00:00,7.439,66.25,3.44,777.2,29.28,Increasing,NORMAL,None
2025-02-13 20:00:00,7.241,30.58,5.14,786.98,29.21,Decreasing,NORMAL,None
2025-02-13 21:00:00,7.144,124.49,9.34,807.6,28.67,Increasing,NORMAL,None
2025-02-13 22:00:00,7.324,78.75,8.53,794.76,28.54,Increasing,NORMAL,None
2025-02-13 23:00:00,7.434,30.0,7.36,808.17,27.96,Decreasing,NORMAL,None
2025-02-14 00:00:00,7.435,95.62,7.41,822.5,28.55,Increasing,NORMAL,None
2025-02-14 01:00:00,7.292,131.73,27.79,835.65,28.47,Increasing,NORMAL,None
2025-02-14 02:00:00,7.307,96.0,24.02,851.72,28.47,Increasing,NORMAL,None
2025-02-14 03:00:00,7.462,116.81,21.64,852.45,29.26,Decreasing,NORMAL,None
2025-02-14 04:00:00,7.284,98.65,20.66,849.28,29.19,Increasing,NORMAL,None
2025-02-14 05:00:00,7.188,165.25,19.93,858.06,29.97,Increasing,NORMAL,None
2025-02-14 06:00:00,7.141,124.53,19.6,877.05,29.72,Increasing,NORMAL,None
2025-02-14 07:00:00,7.167,117.35,19.94,871.87,30.43,Decreasing,NORMAL,None
2025-02-14 08:00:00,7.331,97.47,18.35,865.25,30.99,Stable,NORMAL,None
2025-02-14 09:00:00,7.287,98.65,18.33,861.79,31.25,Decreasing,NORMAL,None
2025-02-14 10:00:00,7.337,162.07,18.84,872.11,31.23,Increasing,NORMAL,None
2025-02-14 11:00:00,7.209,106.04,17.58,881.02,31.72,Decreasing,NORMAL,None
2025-02-14 12:00:00,7.389,143.3,18.79,890.05,31.75,Increasing,NORMAL,None
2025-02-14 13:00:00,7.433,75.84,18.12,892.79,31.39,Decreasing,NORMAL,None
2025-02-14 14:00:00,7.437,102.27,18.06,898.62,31.44,Increasing,NORMAL,None
2025-02-14 15:00:00,7.281,58.05,13.49,903.92,31.22,Decreasing,NORMAL,None
2025-02-14 16:00:00,7.449,58.93,12.44,876.34,30.75,Decreasing,NORMAL,None
2025-02-14 17:00:00,7.425,76.35,9.96,878.88,30.23,Decreasing,NORMAL,None
2025-02-14 18:00:00,7.101,144.1,9.56,882.57,30.42,Stable,NORMAL,None
2025-02-14 19:00:00,7.417,100.74,9.52,883.95,29.68,Increasing,NORMAL,None
2025-02-14 20:00:00,7.24,66.64,8.3,888.91,29.34,Decreasing,NORMAL,None
2025-02-14 21:00:00,7.295,107.88,7.06,908.95,29.09,Increasing,NORMAL,None
2025-02-14 22:00:00,7.154,81.57,6.52,881.09,29.14,Increasing,NORMAL,None
2025-02-14 23:00:00,7.29,81.87,6.04,884.57,28.54,Increasing,NORMAL,None
2025-02-15 00:00:00,7.446,69.15,5.61,877.1,28.12,Decreasing,NORMAL,None
2025-02-15 01:00:00,7.17,110.77,4.88,884.46,28.53,Increasing,NORMAL,None
2025-02-15 02:00:00,7.328,30.0,4.03,859.52,28.78,Decreasing,NORMAL,None
2025-02-15 03:00:00,7.403,40.92,4.53,863.18,28.84,Decreasing,NORMAL,None
2025-02-15 04:00:00,7.237,64.85,7.9,852.43,29.05,Decreasing,NORMAL,None
2025-02-15 05:00:00,7.261,72.56,8.06,849.64,29.77,Decreasing,NORMAL,None
2025-02-15 06:00:00,7.466,37.73,7.58,842.05,30.3,Decreasing,NORMAL,None
2025-02-15 07:00:00,7.47,30.0,8.1,808.58,30.71,Decreasing,NORMAL,None
2025-02-15 08:00:00,7.24,92.94,8.28,776.85,31.17,Increasing,NORMAL,None
2025-02-15 09:00:00,7.294,90.76,7.55,764.3,30.92,Increasing,NORMAL,None
2025-02-15 10:00:00,7.336,35.09,5.61,778.63,31.06,Decreasing,NORMAL,None
2025-02-15 11:00:00,7.415,39.87,3.23,806.42,31.7,Decreasing,NORMAL,None
2025-02-15 12:00:00,7.371,30.0,1.57,815.74,32.02,Decreasing,NORMAL,None
2025-02-15 13:00:00,7.412,30.0,1.0,820.16,31.38,Stable,NORMAL,None
2025-02-15 14:00:00,7.459,30.0,1.39,804.21,31.54,Decreasing,NORMAL,None
2025-02-15 15:00:00,7.273,42.22,2.0,780.38,31.56,Decreasing,NORMAL,None
2025-02-15 16:00:00,7.338,30.0,1.13,757.79,30.7,Decreasing,NORMAL,None
2025-02-15 17:00:00,7.306,52.23,2.14,742.28,30.72,Increasing,NORMAL,None
2025-02-15 18:00:00,7.277,59.98,1.57,749.99,30.17,Increasing,NORMAL,None
2025-02-15 19:00:00,7.315,35.53,1.99,751.92,29.3,Increasing,NORMAL,None
2025-02-15 20:00:00,7.35,50.85,3.21,765.22,29.13,Increasing,NORMAL,None
2025-02-15 21:00:00,7.417,30.0,2.75,742.34,28.96,Decreasing,NORMAL,None
2025-02-15 22:00:00,7.447,30.72,4.09,714.11,28.4,Stable,NORMAL,None
2025-02-15 23:00:00,7.492,66.54,2.22,713.71,28.25,Increasing,NORMAL,None
2025-02-16 00:00:00,7.472,30.0,2.87,706.25,28.13,Decreasing,NORMAL,None
2025-02-16 01:00:00,7.343,40.15,4.08,718.36,28.76,Increasing,NORMAL,None
2025-02-16 02:00:00,7.555,66.85,10.62,720.0,28.64,Increasing,NORMAL,None
2025-02-16 03:00:00,7.265,66.13,9.13,732.93,28.72,Increasing,NORMAL,None
2025-02-16 04:00:00,7.263,64.71,7.75,758.49,29.64,Increasing,NORMAL,None
2025-02-16 05:00:00,7.198,33.93,7.5,750.19,29.23,Decreasing,NORMAL,None
2025-02-16 06:00:00,7.067,87.83,7.65,758.74,29.77,Increasing,NORMAL,None
2025-02-16 07:00:00,7.352,101.11,9.3,760.91,31.12,Increasing,NORMAL,None
2025-02-16 08:00:00,7.217,73.48,10.82,773.6,30.73,Increasing,NORMAL,None
2025-02-16 09:00:00,7.24,88.62,11.59,756.23,31.36,Increasing,NORMAL,None
2025-02-16 10:00:00,7.386,90.19,13.23,785.11,30.99,Increasing,NORMAL,None
2025-02-16 11:00:00,7.477,99.14,12.16,792.72,31.96,Increasing,NORMAL,None
2025-02-16 12:00:00,7.337,76.25,11.47,814.85,32.21,Decreasing,NORMAL,None
2025-02-16 13:00:00,7.252,143.77,13.5,834.98,31.95,Increasing,NORMAL,None
2025-02-16 14:00:00,7.21,113.71,12.61,845.26,31.82,Increasing,NORMAL,None
2025-02-16 15:00:00,7.476,64.79,10.69,838.13,31.5,Decreasing,NORMAL,None
2025-02-16 16:00:00,7.37,43.76,9.92,846.23,31.25,Decreasing,NORMAL,None
2025-02-16 17:00:00,7.396,101.87,8.04,857.75,31.33,Stable,NORMAL,None
2025-02-16 18:00:00,7.483,52.89,7.0,835.05,29.84,Decreasing,NORMAL,None
2025-02-16 19:00:00,7.342,30.0,7.18,826.0,29.51,Decreasing,NORMAL,None
2025-02-16 20:00:00,7.336,90.58,6.33,828.06,28.87,Decreasing,NORMAL,None
2025-02-16 21:00:00,7.378,45.77,10.76,820.89,28.82,Decreasing,NORMAL,None
2025-02-16 22:00:00,7.137,76.56,12.7,794.53,28.28,Increasing,NORMAL,None
2025-02-16 23:00:00,7.494,64.53,13.79,785.29,27.65,Decreasing,NORMAL,None
2025-02-17 00:00:00,7.328,114.56,19.3,782.14,28.13,Increasing,NORMAL,None
2025-02-17 01:00:00,7.254,116.55,17.43,798.6,28.6,Increasing,NORMAL,None
2025-02-17 02:00:00,7.295,104.4,17.86,797.39,28.76,Increasing,NORMAL,None
2025-02-17 03:00:00,7.265,87.0,17.39,817.08,28.83,Increasing,NORMAL,None
2025-02-17 04:00:00,7.418,103.41,15.16,796.29,28.99,Increasing,NORMAL,None
2025-02-17 05:00:00,7.193,130.07,18.22,803.18,29.85,Increasing,NORMAL,None
2025-02-17 06:00:00,7.243,171.27,25.35,819.3,30.27,Increasing,NORMAL,None
2025-02-17 07:00:00,7.171,133.66,22.53,846.94,30.54,Increasing,NORMAL,None
2025-02-17 08:00:00,7.436,70.28,19.52,856.19,31.3,Decreasing,NORMAL,None
2025-02-17 09:00:00,7.321,127.47,18.1,889.17,31.65,Increasing,NORMAL,None
2025-02-17 10:00:00,7.356,120.92,17.86,897.25,31.67,Increasing,NORMAL,None
2025-02-17 11:00:00,7.29,94.92,14.18,906.63,32.02,Decreasing,NORMAL,None
2025-02-17 12:00:00,7.384,67.46,12.58,891.64,31.9,Decreasing,NORMAL,None
2025-02-17 13:00:00,7.282,64.27,9.69,887.38,32.06,Decreasing,NORMAL,None
2025-02-17 14:00:00,7.259,104.47,10.4,854.93,31.51,Increasing,NORMAL,None
2025-02-17 15:00:00,7.352,86.01,9.64,878.43,31.95,Decreasing,NORMAL,None
2025-02-17 16:00:00,7.334,69.47,10.58,848.1,30.54,Decreasing,NORMAL,None
2025-02-17 17:00:00,7.416,44.06,9.37,818.51,30.98,Decreasing,NORMAL,None
2025-02-17 18:00:00,7.355,88.31,6.78,822.56,29.85,Increasing,NORMAL,None
2025-02-17 19:00:00,7.308,34.26,5.95,805.52,30.07,Decreasing,NORMAL,None
2025-02-17 20:00:00,7.136,104.92,10.33,815.67,29.15,Stable,NORMAL,None
2025-02-17 21:00:00,7.29,92.18,16.3,827.9,28.86,Increasing,NORMAL,None
2025-02-17 22:00:00,7.423,90.78,16.18,820.54,28.52,Increasing,NORMAL,None
2025-02-17 23:00:00,7.381,110.87,13.52,832.29,28.18,Increasing,NORMAL,None
2025-02-18 00:00:00,7.341,81.35,11.94,846.41,28.4,Decreasing,NORMAL,None
2025-02-18 01:00:00,7.455,74.15,11.97,839.5,28.86,Increasing,NORMAL,None
2025-02-18 02:00:00,7.407,106.48,12.03,821.81,28.37,Stable,NORMAL,None
2025-02-18 03:00:00,7.354,78.27,12.65,811.24,28.51,Decreasing,NORMAL,None
2025-02-18 04:00:00,7.439,30.0,10.33,814.91,28.99,Decreasing,NORMAL,None
2025-02-18 05:00:00,7.429,85.39,7.55,806.77,29.95,Decreasing,NORMAL,None
2025-02-18 06:00:00,7.28,88.16,11.59,818.88,29.89,Increasing,NORMAL,None
2025-02-18 07:00:00,7.47,50.29,9.63,846.6,30.42,Decreasing,NORMAL,None
2025-02-18 08:00:00,7.252,47.71,9.71,835.15,31.19,Decreasing,NORMAL,None
2025-02-18 09:00:00,7.476,40.98,9.47,810.38,32.15,Decreasing,NORMAL,None
2025-02-18 10:00:00,7.509,60.29,6.81,816.44,31.77,Increasing,NORMAL,None
2025-02-18 11:00:00,7.395,65.34,5.43,798.08,31.14,Decreasing,NORMAL,None
2025-02-18 12:00:00,7.255,95.96,5.81,821.94,32.2,Increasing,NORMAL,None
2025-02-18 13:00:00,7.408,81.74,5.25,828.32,31.85,Increasing,NORMAL,None
2025-02-18 14:00:00,7.141,114.76,4.54,841.59,32.18,Increasing,NORMAL,None
2025-02-18 15:00:00,7.488,40.08,5.99,829.67,31.13,Stable,NORMAL,None
2025-02-18 16:00:00,7.367,68.19,4.39,815.34,31.05,Increasing,NORMAL,None
2025-02-18 17:00:00,7.244,83.44,5.06,825.64,30.34,Increasing,NORMAL,None
2025-02-18 18:00:00,7.332,40.09,5.6,791.25,29.81,Decreasing,NORMAL,None
2025-02-18 19:00:00,7.469,57.32,4.95,792.63,29.46,Decreasing,NORMAL,None
2025-02-18 20:00:00,7.377,62.62,3.77,785.4,29.37,Decreasing,NORMAL,None
2025-02-18 21:00:00,7.368,47.65,1.88,804.4,28.7,Increasing,NORMAL,None
2025-02-18 22:00:00,7.412,30.0,1.0,790.62,28.05,Decreasing,NORMAL,None
2025-02-18 23:00:00,7.242,43.55,1.0,787.02,28.35,Decreasing,NORMAL,None
2025-02-19 00:00:00,7.297,30.0,1.0,790.97,28.61,Decreasing,NORMAL,None
2025-02-19 01:00:00,7.276,30.0,1.0,793.19,28.53,Decreasing,NORMAL,None
2025-02-19 02:00:00,7.463,48.1,1.0,796.08,28.45,Decreasing,NORMAL,None
2025-02-19 03:00:00,7.432,30.0,1.98,786.95,28.44,Decreasing,NORMAL,None
2025-02-19 04:00:00,7.204,74.1,2.53,798.76,29.22,Increasing,NORMAL,None
2025-02-19 05:00:00,7.454,37.73,2.43,783.71,30.1,Decreasing,NORMAL,None
2025-02-19 06:00:00,7.27,66.52,1.29,787.25,30.53,Increasing,NORMAL,None
2025-02-19 07:00:00,7.437,39.43,1.38,817.52,30.36,Increasing,NORMAL,None
2025-02-19 08:00:00,7.518,45.65,1.68,796.99,30.5,Decreasing,NORMAL,None
2025-02-19 09:00:00,7.29,30.0,1.0,781.65,31.15,Stable,NORMAL,None
2025-02-19 10:00:00,7.509,80.82,1.52,775.3,31.77,Increasing,NORMAL,None
2025-02-19 11:00:00,7.29,49.95,1.41,779.74,31.76,Increasing,NORMAL,None
2025-02-19 12:00:00,7.314,101.44,3.9,773.25,32.76,Increasing,NORMAL,None
2025-02-19 13:00:00,7.36,98.32,6.59,769.0,31.98,Increasing,NORMAL,None
2025-02-19 14:00:00,7.363,78.06,6.42,769.47,32.15,Increasing,NORMAL,None
2025-02-19 15:00:00,7.519,99.58,6.48,776.13,31.36,Increasing,NORMAL,None
2025-02-19 16:00:00,7.424,30.0,5.65,779.07,31.19,Decreasing,NORMAL,None
2025-02-19 17:00:00,7.525,51.21,6.09,792.14,30.53,Stable,NORMAL,None
2025-02-19 18:00:00,7.398,77.95,16.32,787.49,29.91,Decreasing,NORMAL,None
2025-02-19 19:00:00,7.337,104.59,15.04,770.25,29.37,Increasing,NORMAL,None
2025-02-19 20:00:00,7.271,85.95,12.25,795.72,28.79,Increasing,NORMAL,None
2025-02-19 21:00:00,7.288,58.17,12.79,818.36,28.92,Decreasing,NORMAL,None
2025-02-19 22:00:00,7.276,103.65,13.24,825.96,28.97,Increasing,NORMAL,None
2025-02-19 23:00:00,7.181,91.79,11.19,818.06,28.49,Increasing,NORMAL,None
2025-02-20 00:00:00,7.351,104.79,11.66,845.8,28.4,Increasing,NORMAL,None
2025-02-20 01:00:00,7.329,56.05,11.1,844.54,28.02,Decreasing,NORMAL,None
2025-02-20 02:00:00,7.329,61.29,10.58,859.31,28.91,Decreasing,NORMAL,None
2025-02-20 03:00:00,7.323,86.32,11.85,884.98,28.78,Increasing,NORMAL,None
2025-02-20 04:00:00,7.335,127.02,14.97,855.73,29.46,Increasing,NORMAL,None
2025-02-20 05:00:00,7.28,133.39,14.38,878.63,29.81,Increasing,NORMAL,None
2025-02-20 06:00:00,7.18,120.5,12.48,877.66,30.18,Increasing,NORMAL,None
2025-02-20 07:00:00,7.209,83.51,10.08,875.63,30.67,Increasing,NORMAL,None
2025-02-20 08:00:00,7.329,97.05,10.79,836.13,31.19,Increasing,NORMAL,None
2025-02-20 09:00:00,7.256,129.76,9.8,853.65,31.09,Increasing,NORMAL,None
2025-02-20 10:00:00,7.49,94.03,9.79,845.81,32.2,Decreasing,NORMAL,None
2025-02-20 11:00:00,7.218,51.27,8.95,860.12,31.91,Decreasing,NORMAL,None
2025-02-20 12:00:00,7.297,84.47,8.9,856.41,31.98,Decreasing,NORMAL,None
2025-02-20 13:00:00,7.199,86.9,6.48,861.04,31.84,Increasing,NORMAL,None
2025-02-20 14:00:00,7.492,41.22,7.05,842.94,32.2,Decreasing,NORMAL,None
2025-02-20 15:00:00,7.427,98.17,7.1,832.69,31.78,Decreasing,NORMAL,None
2025-02-20 16:00:00,7.342,73.06,6.03,813.26,30.9,Decreasing,NORMAL,None
2025-02-20 17:00:00,7.259,36.29,6.58,818.81,30.58,Decreasing,NORMAL,None
2025-02-20 18:00:00,7.468,56.42,6.7,792.34,29.84,Decreasing,NORMAL,None
2025-02-20 19:00:00,7.308,44.7,6.3,776.98,29.54,Decreasing,NORMAL,None
2025-02-20 20:00:00,7.275,78.11,6.6,768.83,29.26,Increasing,NORMAL,None
2025-02-20 21:00:00,7.269,126.99,5.37,796.34,29.29,Increasing,NORMAL,None
2025-02-20 22:00:00,7.431,50.01,4.36,776.69,29.07,Decreasing,NORMAL,None
2025-02-20 23:00:00,7.283,75.03,2.67,787.08,28.82,Increasing,NORMAL,None
2025-02-21 00:00:00,7.475,30.0,3.13,774.21,28.38,Decreasing,NORMAL,None
2025-02-21 01:00:00,7.329,30.07,3.27,749.74,28.67,Decreasing,NORMAL,None
2025-02-21 02:00:00,7.233,58.87,3.34,769.35,28.3,Decreasing,NORMAL,None
2025-02-21 03:00:00,7.4,67.46,3.96,774.49,28.75,Decreasing,NORMAL,None
2025-02-21 04:00:00,7.352,61.19,4.98,769.48,29.66,Increasing,NORMAL,None
2025-02-21 05:00:00,7.276,63.69,6.81,742.04,29.69,Decreasing,NORMAL,None
2025-02-21 06:00:00,7.193,57.18,6.2,724.11,30.26,Increasing,NORMAL,None
2025-02-21 07:00:00,7.355,80.8,7.31,741.5,30.94,Increasing,NORMAL,None
2025-02-21 08:00:00,7.182,121.22,5.35,777.69,31.01,Increasing,NORMAL,None
2025-02-21 09:00:00,7.316,80.97,6.18,782.21,31.36,Increasing,NORMAL,None
2025-02-21 10:00:00,7.382,80.66,6.9,763.68,31.7,Increasing,NORMAL,None
2025-02-21 11:00:00,7.119,74.22,6.14,809.56,31.91,Increasing,NORMAL,None
2025-02-21 12:00:00,7.417,30.0,6.51,802.17,31.81,Decreasing,NORMAL,None
2025-02-21 13:00:00,7.349,70.98,10.8,827.4,31.65,Decreasing,NORMAL,None
2025-02-21 14:00:00,7.263,133.48,9.98,847.22,31.69,Increasing,NORMAL,None
2025-02-21 15:00:00,7.26,32.89,9.69,829.75,31.63,Decreasing,NORMAL,None
2025-02-21 16:00:00,7.265,107.61,8.82,855.85,31.3,Increasing,NORMAL,None
2025-02-21 17:00:00,7.378,75.49,9.08,852.86,30.15,Stable,NORMAL,None
2025-02-21 18:00:00,7.385,74.35,9.99,858.96,30.06,Increasing,NORMAL,None
2025-02-21 19:00:00,7.476,118.09,7.75,858.44,29.26,Increasing,NORMAL,None
2025-02-21 20:00:00,7.575,57.55,7.65,850.72,29.16,Decreasing,NORMAL,None
2025-02-21 21:00:00,7.351,57.7,8.68,845.67,28.89,Increasing,NORMAL,None
2025-02-21 22:00:00,7.356,88.39,8.97,831.01,28.66,Decreasing,NORMAL,None
2025-02-21 23:00:00,7.35,99.29,9.05,827.02,27.92,Increasing,NORMAL,None
2025-02-22 00:00:00,7.39,100.41,9.34,826.82,28.48,Increasing,NORMAL,None
2025-02-22 01:00:00,7.232,104.13,11.21,822.32,28.74,Decreasing,NORMAL,None
2025-02-22 02:00:00,7.449,76.35,11.63,808.47,28.26,Increasing,NORMAL,None
2025-02-22 03:00:00,7.833,72.24,8.31,814.9,29.09,Increasing,NORMAL,None
2025-02-22 04:00:00,8.001,59.67,6.38,828.13,29.32,Decreasing,NORMAL,None
2025-02-22 05:00:00,8.219,66.33,6.27,847.98,29.82,Decreasing,NORMAL,None
2025-02-22 06:00:00,8.564,54.52,7.1,846.68,29.77,Decreasing,NORMAL,None
2025-02-22 07:00:00,8.301,33.44,7.75,850.21,30.29,Decreasing,NORMAL,None
2025-02-22 08:00:00,8.405,71.21,8.61,835.14,31.25,Decreasing,NORMAL,None
2025-02-22 09:00:00,7.842,84.87,8.98,831.36,31.43,Increasing,NORMAL,None
2025-02-22 10:00:00,7.743,85.56,7.38,836.3,32.26,Increasing,NORMAL,None
2025-02-22 11:00:00,7.207,82.22,7.69,850.41,31.92,Increasing,NORMAL,None
2025-02-22 12:00:00,7.435,105.93,7.59,858.11,31.58,Increasing,NORMAL,None
2025-02-22 13:00:00,7.144,79.51,8.29,866.37,31.82,Increasing,NORMAL,None
2025-02-22 14:00:00,7.41,80.26,8.3,872.79,31.39,Increasing,NORMAL,None
2025-02-22 15:00:00,7.276,60.13,7.6,876.77,31.47,Decreasing,NORMAL,None
2025-02-22 16:00:00,7.354,64.7,6.1,855.27,31.16,Decreasing,NORMAL,None
2025-02-22 17:00:00,7.455,61.74,7.72,863.98,31.06,Decreasing,NORMAL,None
2025-02-22 18:00:00,7.39,30.0,7.86,858.87,30.48,Decreasing,NORMAL,None
2025-02-22 19:00:00,7.362,66.0,8.03,858.78,29.42,Decreasing,NORMAL,None
2025-02-22 20:00:00,7.434,88.38,7.93,860.82,29.03,Increasing,NORMAL,None
2025-02-22 21:00:00,7.429,41.05,6.89,842.56,28.32,Decreasing,NORMAL,None
2025-02-22 22:00:00,7.329,42.44,4.56,824.31,28.62,Decreasing,NORMAL,None
2025-02-22 23:00:00,7.319,47.8,5.13,813.06,29.08,Decreasing,NORMAL,None
2025-02-23 00:00:00,7.206,104.66,6.22,834.36,28.76,Increasing,NORMAL,None
2025-02-23 01:00:00,7.251,58.56,7.05,844.44,28.41,Decreasing,NORMAL,None
2025-02-23 02:00:00,7.408,65.88,7.93,866.66,28.76,Decreasing,NORMAL,None
2025-02-23 03:00:00,7.407,54.31,7.37,862.47,29.0,Increasing,NORMAL,None
2025-02-23 04:00:00,7.248,56.81,7.42,850.6,28.95,Increasing,NORMAL,None
2025-02-23 05:00:00,7.346,67.55,7.87,853.56,30.19,Increasing,NORMAL,None
2025-02-23 06:00:00,7.306,104.25,6.93,859.44,30.31,Stable,NORMAL,None
2025-02-23 07:00:00,7.295,75.65,7.28,860.71,30.38,Increasing,NORMAL,None
2025-02-23 08:00:00,7.287,30.0,5.26,824.38,31.22,Decreasing,NORMAL,None
2025-02-23 09:00:00,7.391,73.49,5.69,814.91,31.23,Increasing,NORMAL,None
2025-02-23 10:00:00,7.346,66.36,5.22,817.49,31.5,Increasing,NORMAL,None
2025-02-23 11:00:00,7.524,63.02,5.24,817.93,31.75,Decreasing,NORMAL,None
2025-02-23 12:00:00,7.241,104.86,3.9,826.21,32.32,Stable,NORMAL,None
2025-02-23 13:00:00,7.276,30.0,2.84,819.2,32.48,Decreasing,NORMAL,None
2025-02-23 14:00:00,7.524,69.24,9.07,802.93,31.7,Increasing,NORMAL,None
2025-02-23 15:00:00,7.24,72.16,8.68,807.56,31.56,Stable,NORMAL,None
2025-02-23 16:00:00,7.513,39.77,7.16,794.68,31.22,Decreasing,NORMAL,None
2025-02-23 17:00:00,7.395,40.2,5.5,803.06,30.4,Decreasing,NORMAL,None
2025-02-23 18:00:00,7.217,47.13,7.35,831.02,30.2,Decreasing,NORMAL,None
2025-02-23 19:00:00,7.163,82.27,7.44,815.5,29.69,Increasing,NORMAL,None
2025-02-23 20:00:00,7.502,36.21,6.05,781.35,28.78,Decreasing,NORMAL,None
2025-02-23 21:00:00,7.118,74.85,5.25,798.48,28.7,Increasing,NORMAL,None
2025-02-23 22:00:00,7.303,41.52,4.75,795.19,28.56,Increasing,NORMAL,None
2025-02-23 23:00:00,7.292,47.31,4.97,799.51,28.69,Increasing,NORMAL,None
2025-02-24 00:00:00,7.345,30.0,4.59,787.32,28.32,Decreasing,NORMAL,None
2025-02-24 01:00:00,7.362,54.18,3.54,811.89,28.0,Decreasing,NORMAL,None
2025-02-24 02:00:00,7.288,40.9,4.27,808.75,28.49,Increasing,NORMAL,None
2025-02-24 03:00:00,7.377,35.28,6.83,809.66,28.82,Decreasing,NORMAL,None
2025-02-24 04:00:00,7.3,100.96,7.82,805.24,29.37,Increasing,NORMAL,None
2025-02-24 05:00:00,7.263,40.67,7.13,804.18,30.24,Decreasing,NORMAL,None
2025-02-24 06:00:00,7.238,42.65,5.3,788.72,30.35,Increasing,NORMAL,None
2025-02-24 07:00:00,7.411,30.0,5.64,772.21,31.42,Decreasing,NORMAL,None
2025-02-24 08:00:00,7.224,31.53,5.8,749.02,30.62,Decreasing,NORMAL,None
2025-02-24 09:00:00,7.415,57.74,6.69,771.01,31.56,Increasing,NORMAL,None
2025-02-24 10:00:00,7.433,30.0,6.13,758.62,31.91,Decreasing,NORMAL,None
2025-02-24 11:00:00,7.267,30.0,5.02,768.61,32.07,Decreasing,NORMAL,None
2025-02-24 12:00:00,7.339,61.43,5.97,769.37,31.32,Increasing,NORMAL,None
2025-02-24 13:00:00,7.496,46.84,5.39,782.21,32.12,Increasing,NORMAL,None
2025-02-24 14:00:00,7.325,81.65,5.0,784.48,31.8,Increasing,NORMAL,None
2025-02-24 15:00:00,7.376,30.0,4.6,764.22,31.54,Decreasing,NORMAL,None
2025-02-24 16:00:00,7.312,82.23,6.69,783.73,30.96,Increasing,NORMAL,None
2025-02-24 17:00:00,7.393,102.22,6.63,782.91,30.81,Increasing,NORMAL,None
2025-02-24 18:00:00,7.198,71.56,6.34,782.08,29.79,Increasing,NORMAL,None
2025-02-24 19:00:00,7.419,86.53,4.03,780.35,29.38,Increasing,NORMAL,None
2025-02-24 20:00:00,7.394,89.35,11.74,772.75,29.34,Increasing,NORMAL,None
2025-02-24 21:00:00,7.428,62.82,10.66,787.57,28.86,Increasing,NORMAL,None
2025-02-24 22:00:00,7.38,59.39,9.71,785.27,28.44,Decreasing,NORMAL,None
2025-02-24 23:00:00,7.223,109.52,8.57,827.02,28.0,Increasing,NORMAL,None
2025-02-25 00:00:00,7.202,105.23,8.36,845.59,28.49,Increasing,NORMAL,None
2025-02-25 01:00:00,7.501,89.39,7.66,841.11,28.79,Increasing,NORMAL,None
2025-02-25 02:00:00,7.289,81.9,5.66,846.79,28.63,Decreasing,NORMAL,None
2025-02-25 03:00:00,7.475,99.5,9.0,850.65,28.66,Increasing,NORMAL,None
2025-02-25 04:00:00,7.289,88.43,9.19,846.01,29.53,Increasing,NORMAL,None
2025-02-25 05:00:00,7.42,76.66,8.25,846.08,29.61,Decreasing,NORMAL,None
2025-02-25 06:00:00,7.184,108.26,7.59,872.33,30.45,Stable,NORMAL,None
2025-02-25 07:00:00,7.248,96.82,8.3,875.08,30.94,Increasing,NORMAL,None
2025-02-25 08:00:00,7.253,88.03,7.77,865.22,31.24,Increasing,NORMAL,None
2025-02-25 09:00:00,7.159,64.76,6.65,855.97,31.63,Decreasing,NORMAL,None
2025-02-25 10:00:00,7.032,70.24,7.25,852.22,31.54,Decreasing,NORMAL,None
2025-02-25 11:00:00,7.403,64.32,8.97,842.02,32.03,Decreasing,NORMAL,None
2025-02-25 12:00:00,7.26,65.13,7.21,831.32,32.41,Decreasing,NORMAL,None
2025-02-25 13:00:00,7.38,41.33,5.62,808.78,32.17,Decreasing,NORMAL,None
2025-02-25 14:00:00,7.126,142.13,7.17,805.3,32.19,Increasing,NORMAL,None
2025-02-25 15:00:00,7.243,72.32,6.03,800.3,31.98,Increasing,NORMAL,None
2025-02-25 16:00:00,7.593,30.0,6.6,788.52,31.71,Decreasing,NORMAL,None
2025-02-25 17:00:00,7.295,86.77,6.14,810.42,30.11,Increasing,NORMAL,None
2025-02-25 18:00:00,7.327,39.65,6.07,814.92,29.9,Decreasing,NORMAL,None
2025-02-25 19:00:00,7.225,30.0,6.47,820.78,30.23,Decreasing,NORMAL,None
2025-02-25 20:00:00,7.492,30.0,5.63,807.64,29.55,Decreasing,NORMAL,None
2025-02-25 21:00:00,7.416,91.39,7.39,826.07,29.12,Increasing,NORMAL,None
2025-02-25 22:00:00,7.375,30.0,7.54,790.12,28.49,Stable,NORMAL,None
2025-02-25 23:00:00,7.501,59.19,7.03,783.8,28.2,Decreasing,NORMAL,None
2025-02-26 00:00:00,7.513,30.0,6.23,773.05,28.46,Decreasing,NORMAL,None
2025-02-26 01:00:00,7.463,61.93,6.4,770.31,28.28,Increasing,NORMAL,None
2025-02-26 02:00:00,7.203,125.08,6.4,780.57,29.07,Increasing,NORMAL,None
2025-02-26 03:00:00,7.473,74.02,4.99,768.15,28.68,Decreasing,NORMAL,None
2025-02-26 04:00:00,7.225,69.97,6.07,764.78,29.47,Increasing,NORMAL,None
2025-02-26 05:00:00,7.533,61.49,5.32,779.37,29.73,Increasing,NORMAL,None
2025-02-26 06:00:00,7.533,61.98,6.03,790.99,30.32,Increasing,NORMAL,None
2025-02-26 07:00:00,7.446,45.93,6.24,824.83,30.86,Decreasing,NORMAL,None
2025-02-26 08:00:00,7.341,30.0,5.5,851.69,31.15,Decreasing,NORMAL,None
2025-02-26 09:00:00,7.352,89.14,5.01,859.98,31.63,Increasing,NORMAL,None
2025-02-26 10:00:00,7.25,39.37,5.43,843.18,31.71,Decreasing,NORMAL,None
2025-02-26 11:00:00,7.269,62.43,3.96,839.35,31.93,Stable,NORMAL,None
2025-02-26 12:00:00,7.322,30.0,3.46,840.44,32.08,Decreasing,NORMAL,None
2025-02-26 13:00:00,7.342,78.64,5.79,859.28,32.52,Increasing,NORMAL,None
2025-02-26 14:00:00,7.248,77.22,5.34,878.62,32.12,Increasing,NORMAL,None
2025-02-26 15:00:00,7.538,53.34,7.31,855.04,31.34,Decreasing,NORMAL,None
2025-02-26 16:00:00,7.285,30.0,8.23,844.13,30.69,Decreasing,NORMAL,None
2025-02-26 17:00:00,7.244,72.45,8.82,839.24,31.16,Increasing,NORMAL,None
2025-02-26 18:00:00,7.494,74.74,9.03,834.36,30.55,Increasing,NORMAL,None
2025-02-26 19:00:00,7.268,54.59,8.67,840.04,29.33,Decreasing,NORMAL,None
2025-02-26 20:00:00,7.41,56.01,8.44,819.52,29.54,Decreasing,NORMAL,None
2025-02-26 21:00:00,7.179,89.52,9.32,822.74,29.24,Increasing,NORMAL,None
2025-02-26 22:00:00,7.296,31.59,7.91,789.75,28.41,Increasing,NORMAL,None
2025-02-26 23:00:00,7.271,59.27,8.83,776.03,29.3,Decreasing,NORMAL,None
2025-02-27 00:00:00,7.315,112.44,9.2,795.78,28.53,Increasing,NORMAL,None
2025-02-27 01:00:00,7.265,98.25,10.2,782.91,28.72,Increasing,NORMAL,None
2025-02-27 02:00:00,7.225,86.51,11.19,793.13,28.58,Increasing,NORMAL,None
2025-02-27 03:00:00,7.273,30.82,10.98,790.9,29.16,Decreasing,NORMAL,None
2025-02-27 04:00:00,7.337,114.45,10.98,818.02,29.88,Increasing,NORMAL,None
2025-02-27 05:00:00,7.376,81.34,9.29,807.35,29.32,Increasing,NORMAL,None
2025-02-27 06:00:00,7.416,52.39,10.18,828.26,30.32,Decreasing,NORMAL,None
2025-02-27 07:00:00,7.438,65.16,9.77,845.16,31.04,Decreasing,NORMAL,None
2025-02-27 08:00:00,7.36,78.07,10.23,834.68,31.58,Decreasing,NORMAL,None
2025-02-27 09:00:00,7.358,74.47,10.95,833.5,31.35,Increasing,NORMAL,None
2025-02-27 10:00:00,7.328,69.12,9.87,834.83,31.35,Decreasing,NORMAL,None
2025-02-27 11:00:00,7.499,87.63,8.29,824.21,32.56,Increasing,NORMAL,None
2025-02-27 12:00:00,7.446,44.81,7.99,825.93,32.49,Decreasing,NORMAL,None
2025-02-27 13:00:00,7.222,38.35,7.8,817.38,31.39,Decreasing,NORMAL,None
2025-02-27 14:00:00,7.384,67.39,7.11,799.96,31.75,Decreasing,NORMAL,None
2025-02-27 15:00:00,7.499,67.79,6.97,830.67,31.81,Decreasing,NORMAL,None
2025-02-27 16:00:00,7.308,65.45,7.93,819.76,31.44,Decreasing,NORMAL,None
2025-02-27 17:00:00,7.222,115.99,7.38,813.52,30.6,Increasing,NORMAL,None
2025-02-27 18:00:00,7.53,33.57,8.06,821.43,30.38,Decreasing,NORMAL,None
2025-02-27 19:00:00,7.444,101.52,6.37,808.61,29.99,Increasing,NORMAL,None
2025-02-27 20:00:00,7.202,71.02,6.99,807.0,29.18,Increasing,NORMAL,None
2025-02-27 21:00:00,7.174,80.89,7.04,790.79,28.92,Increasing,NORMAL,None
2025-02-27 22:00:00,7.261,71.5,6.33,765.97,28.92,Increasing,NORMAL,None
2025-02-27 23:00:00,7.409,102.85,6.62,801.29,28.25,Decreasing,NORMAL,None
2025-02-28 00:00:00,7.638,43.12,3.83,774.38,28.32,Increasing,NORMAL,None
2025-02-28 01:00:00,7.495,39.22,6.15,776.15,28.75,Decreasing,NORMAL,None
2025-02-28 02:00:00,7.491,92.85,6.54,788.09,28.81,Increasing,NORMAL,None
2025-02-28 03:00:00,7.468,64.29,6.18,802.65,29.48,Decreasing,NORMAL,None
2025-02-28 04:00:00,7.201,108.34,5.83,795.25,29.46,Increasing,NORMAL,None
2025-02-28 05:00:00,7.256,63.16,4.64,792.98,30.13,Decreasing,NORMAL,None
2025-02-28 06:00:00,7.291,43.65,3.14,787.05,30.62,Stable,NORMAL,None
2025-02-28 07:00:00,7.336,30.0,1.95,787.23,31.07,Decreasing,NORMAL,None
2025-02-28 08:00:00,7.453,47.33,2.42,772.11,31.22,Decreasing,NORMAL,None
2025-02-28 09:00:00,7.352,88.35,2.83,767.96,31.64,Increasing,NORMAL,None
2025-02-28 10:00:00,7.366,31.11,1.95,778.16,31.73,Decreasing,NORMAL,None
2025-02-28 11:00:00,7.352,35.38,3.23,785.65,31.78,Decreasing,NORMAL,None
2025-02-28 12:00:00,7.248,30.0,2.77,779.13,31.97,Decreasing,NORMAL,None
2025-02-28 13:00:00,7.268,56.22,1.49,789.98,32.47,Increasing,NORMAL,None
2025-02-28 14:00:00,7.288,30.0,3.07,779.46,31.94,Decreasing,NORMAL,None
2025-02-28 15:00:00,7.265,30.0,2.44,791.75,30.98,Decreasing,NORMAL,None
2025-02-28 16:00:00,7.423,58.66,1.83,800.28,31.2,Increasing,NORMAL,None
2025-02-28 17:00:00,7.378,65.03,1.1,791.91,30.52,Increasing,NORMAL,None
2025-02-28 18:00:00,7.415,34.49,2.25,797.25,30.62,Increasing,NORMAL,None
2025-02-28 19:00:00,7.428,62.22,6.3,778.35,29.94,Increasing,NORMAL,None
2025-02-28 20:00:00,7.343,82.68,5.91,788.33,29.52,Increasing,NORMAL,None
2025-02-28 21:00:00,7.25,60.88,6.45,775.68,29.51,Increasing,NORMAL,None
2025-02-28 22:00:00,7.457,57.8,5.82,788.33,28.63,Stable,NORMAL,None
2025-02-28 23:00:00,7.46,45.0,5.64,802.49,28.84,Decreasing,NORMAL,None
2025-03-01 00:00:00,7.351,59.58,5.15,810.39,28.47,Increasing,NORMAL,None
2025-03-01 01:00:00,7.36,58.11,5.35,819.42,28.32,Decreasing,NORMAL,None
2025-03-01 02:00:00,7.284,33.51,3.84,824.9,28.79,Decreasing,NORMAL,None
2025-03-01 03:00:00,7.339,77.92,4.05,829.18,29.14,Increasing,NORMAL,None
2025-03-01 04:00:00,7.44,129.15,11.23,824.81,29.35,Increasing,NORMAL,None
2025-03-01 05:00:00,7.301,42.84,10.57,769.54,29.75,Decreasing,NORMAL,None
2025-03-01 06:00:00,7.555,73.32,11.13,765.47,30.45,Increasing,NORMAL,None
2025-03-01 07:00:00,7.166,97.05,10.45,791.09,30.64,Increasing,NORMAL,None
2025-03-01 08:00:00,7.391,70.34,9.3,772.98,30.93,Increasing,NORMAL,None
2025-03-01 09:00:00,7.467,70.03,8.42,775.02,31.72,Decreasing,NORMAL,None
2025-03-01 10:00:00,7.485,87.89,7.48,806.15,31.63,Decreasing,NORMAL,None
2025-03-01 11:00:00,7.212,30.0,4.48,809.83,31.62,Decreasing,NORMAL,None
2025-03-01 12:00:00,7.395,52.68,5.09,787.59,31.85,Decreasing,NORMAL,None
2025-03-01 13:00:00,7.421,67.07,5.44,760.95,32.09,Decreasing,NORMAL,None
2025-03-01 14:00:00,7.364,58.58,3.99,768.96,32.46,Decreasing,NORMAL,None
2025-03-01 15:00:00,7.4,30.0,4.03,760.16,31.22,Decreasing,NORMAL,None
2025-03-01 16:00:00,7.437,55.67,6.17,757.82,31.24,Decreasing,NORMAL,None
2025-03-01 17:00:00,7.47,58.11,4.56,768.51,30.64,Increasing,NORMAL,None
2025-03-01 18:00:00,7.412,75.44,4.5,761.26,30.42,Increasing,NORMAL,None
2025-03-01 19:00:00,7.309,30.0,5.39,760.1,30.13,Decreasing,NORMAL,None
2025-03-01 20:00:00,7.403,32.77,4.34,743.82,29.65,Decreasing,NORMAL,None
2025-03-01 21:00:00,7.475,118.65,4.61,776.82,29.52,Increasing,NORMAL,None
2025-03-01 22:00:00,7.338,98.75,3.39,771.1,29.15,Increasing,NORMAL,None
2025-03-01 23:00:00,7.472,39.08,4.4,745.81,28.02,Decreasing,NORMAL,None
2025-03-02 00:00:00,7.324,86.01,4.31,750.48,28.53,Increasing,NORMAL,None
2025-03-02 01:00:00,7.472,40.25,3.07,738.53,28.44,Increasing,NORMAL,None
2025-03-02 02:00:00,7.358,81.25,3.28,757.08,29.12,Increasing,NORMAL,None
2025-03-02 03:00:00,7.534,30.0,1.57,751.97,29.22,Decreasing,NORMAL,None
2025-03-02 04:00:00,7.207,33.33,1.33,741.14,29.01,Decreasing,NORMAL,None
2025-03-02 05:00:00,7.342,63.11,1.58,725.7,30.32,Increasing,NORMAL,None
2025-03-02 06:00:00,7.362,34.53,3.85,754.52,30.05,Decreasing,NORMAL,None
2025-03-02 07:00:00,7.485,30.0,4.94,750.63,30.93,Decreasing,NORMAL,None
2025-03-02 08:00:00,7.391,40.09,5.68,736.62,31.73,Decreasing,NORMAL,None
2025-03-02 09:00:00,7.445,49.08,6.27,742.5,31.54,Increasing,NORMAL,None
2025-03-02 10:00:00,7.233,41.63,4.97,769.17,31.63,Increasing,NORMAL,None
2025-03-02 11:00:00,7.317,56.45,3.13,797.37,31.81,Decreasing,NORMAL,None
2025-03-02 12:00:00,7.29,67.27,5.47,825.87,31.79,Increasing,NORMAL,None
2025-03-02 13:00:00,7.521,102.57,18.71,836.7,31.94,Increasing,NORMAL,None
2025-03-02 14:00:00,7.185,122.07,16.46,828.52,31.07,Increasing,NORMAL,None
2025-03-02 15:00:00,7.331,69.34,15.83,852.3,31.78,Increasing,NORMAL,None
2025-03-02 16:00:00,7.234,130.81,15.59,883.82,31.04,Increasing,NORMAL,None
2025-03-02 17:00:00,7.416,129.24,14.46,900.43,30.66,Increasing,NORMAL,None
2025-03-02 18:00:00,7.359,126.52,20.39,913.99,30.35,Increasing,NORMAL,None
2025-03-02 19:00:00,7.261,126.86,20.17,884.3,30.58,Increasing,NORMAL,None
2025-03-02 20:00:00,7.296,65.27,17.17,878.51,29.55,Decreasing,NORMAL,None
2025-03-02 21:00:00,7.492,96.44,14.48,904.02,28.3,Increasing,NORMAL,None
2025-03-02 22:00:00,7.29,93.4,13.13,897.26,28.33,Decreasing,NORMAL,None
2025-03-02 23:00:00,7.15,101.95,11.82,890.37,28.57,Decreasing,NORMAL,None
2025-03-03 00:00:00,7.163,130.74,9.99,888.05,28.58,Increasing,NORMAL,None
2025-03-03 01:00:00,7.331,46.89,10.34,877.01,28.45,Decreasing,NORMAL,None
2025-03-03 02:00:00,7.38,65.52,12.09,874.24,28.57,Stable,NORMAL,None
2025-03-03 03:00:00,7.581,73.94,10.87,874.71,29.08,Decreasing,NORMAL,None
2025-03-03 04:00:00,7.412,52.85,9.73,857.4,28.82,Decreasing,NORMAL,None
2025-03-03 05:00:00,7.29,80.62,7.3,830.48,29.81,Decreasing,NORMAL,None
2025-03-03 06:00:00,7.473,53.42,7.93,816.9,29.65,Decreasing,NORMAL,None
2025-03-03 07:00:00,7.37,77.46,6.03,805.38,31.07,Increasing,NORMAL,None
2025-03-03 08:00:00,7.337,30.0,5.41,803.63,30.82,Decreasing,NORMAL,None
2025-03-03 09:00:00,7.453,41.5,5.81,781.71,31.44,Decreasing,NORMAL,None
2025-03-03 10:00:00,7.427,99.4,6.48,804.16,32.06,Increasing,NORMAL,None
2025-03-03 11:00:00,7.2,91.29,5.07,809.97,31.47,Increasing,NORMAL,None
2025-03-03 12:00:00,7.316,62.01,3.9,823.72,31.96,Increasing,NORMAL,None
2025-03-03 13:00:00,7.382,54.29,3.73,834.73,32.53,Decreasing,NORMAL,None
2025-03-03 14:00:00,7.24,39.37,2.08,831.64,31.34,Increasing,NORMAL,None
2025-03-03 15:00:00,7.31,54.14,1.94,846.58,31.28,Increasing,NORMAL,None
2025-03-03 16:00:00,7.412,42.11,2.38,836.21,30.38,Decreasing,NORMAL,None
2025-03-03 17:00:00,7.41,45.45,3.41,819.27,31.27,Decreasing,NORMAL,None
2025-03-03 18:00:00,7.472,62.42,4.06,825.92,30.12,Stable,NORMAL,None
2025-03-03 19:00:00,7.362,53.61,4.52,827.02,29.63,Stable,NORMAL,None
2025-03-03 20:00:00,7.25,85.25,4.24,849.75,29.5,Increasing,NORMAL,None
2025-03-03 21:00:00,7.464,46.0,5.41,853.36,29.06,Decreasing,NORMAL,None
2025-03-03 22:00:00,7.297,33.02,4.56,843.59,28.47,Decreasing,NORMAL,None
2025-03-03 23:00:00,7.389,63.51,4.33,814.73,28.31,Increasing,NORMAL,None
2025-03-04 00:00:00,7.295,43.22,5.48,805.05,28.41,Decreasing,NORMAL,None
2025-03-04 01:00:00,7.223,79.39,6.17,798.22,28.48,Increasing,NORMAL,None
2025-03-04 02:00:00,7.298,54.09,6.43,794.99,29.12,Decreasing,NORMAL,None
2025-03-04 03:00:00,7.4,76.18,7.1,780.74,29.39,Increasing,NORMAL,None
2025-03-04 04:00:00,7.517,55.21,4.71,775.13,29.03,Increasing,NORMAL,None
2025-03-04 05:00:00,7.36,79.16,13.43,783.04,29.83,Increasing,NORMAL,None
2025-03-04 06:00:00,7.162,106.68,12.27,804.26,30.39,Increasing,NORMAL,None
2025-03-04 07:00:00,7.48,40.51,11.91,799.75,30.83,Decreasing,NORMAL,None
2025-03-04 08:00:00,7.275,107.76,17.22,806.9,31.28,Increasing,NORMAL,None
2025-03-04 09:00:00,7.353,98.87,16.61,801.53,31.68,Increasing,NORMAL,None
2025-03-04 10:00:00,7.25,119.46,14.35,805.81,31.19,Increasing,NORMAL,None
2025-03-04 11:00:00,7.447,77.51,11.24,804.88,32.28,Stable,NORMAL,None
2025-03-04 12:00:00,7.233,100.89,7.66,805.44,32.3,Decreasing,NORMAL,None
2025-03-04 13:00:00,7.372,81.98,9.14,803.63,32.3,Increasing,NORMAL,None
2025-03-04 14:00:00,7.205,37.08,7.91,791.17,31.98,Decreasing,NORMAL,None
2025-03-04 15:00:00,7.346,69.38,7.37,808.67,31.49,Decreasing,NORMAL,None
2025-03-04 16:00:00,7.489,46.95,7.45,821.02,32.02,Decreasing,NORMAL,None
2025-03-04 17:00:00,7.107,96.67,8.43,837.09,30.63,Increasing,NORMAL,None
2025-03-04 18:00:00,7.603,56.98,6.67,834.64,30.37,Decreasing,NORMAL,None
2025-03-04 19:00:00,7.44,30.0,5.78,809.97,29.69,Decreasing,NORMAL,None
2025-03-04 20:00:00,7.359,82.16,5.06,802.57,29.67,Increasing,NORMAL,None
2025-03-04 21:00:00,7.52,60.19,5.26,765.71,29.08,Decreasing,NORMAL,None
2025-03-04 22:00:00,7.448,65.63,4.56,771.79,28.95,Increasing,NORMAL,None
2025-03-04 23:00:00,7.351,30.0,4.12,774.15,28.72,Decreasing,NORMAL,None
2025-03-05 00:00:00,7.453,100.02,4.03,782.88,28.31,Increasing,NORMAL,None
2025-03-05 01:00:00,7.378,56.44,4.14,783.96,29.0,Increasing,NORMAL,None
2025-03-05 02:00:00,7.391,83.67,2.64,777.59,28.71,Stable,NORMAL,None
2025-03-05 03:00:00,7.306,30.0,3.43,784.37,28.7,Decreasing,NORMAL,None
2025-03-05 04:00:00,7.583,32.42,3.83,796.19,28.84,Decreasing,NORMAL,None
2025-03-05 05:00:00,7.252,30.0,4.3,788.69,30.29,Stable,NORMAL,None
2025-03-05 06:00:00,7.279,95.79,5.27,789.46,30.54,Decreasing,NORMAL,None
2025-03-05 07:00:00,7.35,81.22,6.58,781.56,31.01,Increasing,NORMAL,None
2025-03-05 08:00:00,7.262,72.96,5.85,785.05,31.09,Decreasing,NORMAL,None
2025-03-05 09:00:00,7.538,30.0,4.93,794.34,31.85,Stable,NORMAL,None
2025-03-05 10:00:00,7.394,108.81,4.61,772.1,31.99,Increasing,NORMAL,None
2025-03-05 11:00:00,7.164,59.11,3.87,757.6,31.66,Increasing,NORMAL,None
2025-03-05 12:00:00,7.266,30.0,3.55,766.81,32.47,Decreasing,NORMAL,None
2025-03-05 13:00:00,7.314,45.2,3.15,786.23,31.89,Decreasing,NORMAL,None
2025-03-05 14:00:00,7.338,30.0,1.93,787.64,31.69,Decreasing,NORMAL,None
2025-03-05 15:00:00,7.24,63.43,2.42,782.66,31.92,Increasing,NORMAL,None
2025-03-05 16:00:00,7.336,50.85,3.29,800.34,31.01,Decreasing,NORMAL,None
2025-03-05 17:00:00,7.361,108.72,4.15,807.77,30.21,Increasing,NORMAL,None
2025-03-05 18:00:00,7.354,30.0,2.92,818.85,30.36,Stable,NORMAL,None
2025-03-05 19:00:00,7.234,65.0,4.25,838.63,29.64,Increasing,NORMAL,None
2025-03-05 20:00:00,7.398,60.05,3.33,833.08,29.53,Increasing,NORMAL,None
2025-03-05 21:00:00,7.364,67.26,3.57,828.44,29.26,Increasing,NORMAL,None
2025-03-05 22:00:00,7.437,65.21,3.48,795.36,28.98,Increasing,NORMAL,None
2025-03-05 23:00:00,7.42,55.8,4.9,794.96,28.69,Decreasing,NORMAL,None
2025-03-06 00:00:00,7.449,75.13,4.22,812.94,28.86,Increasing,NORMAL,None
2025-03-06 01:00:00,7.363,79.45,3.69,804.92,28.75,Increasing,NORMAL,None
2025-03-06 02:00:00,7.311,30.0,2.99,785.51,28.35,Decreasing,NORMAL,None
2025-03-06 03:00:00,7.359,88.76,4.61,798.6,29.63,Increasing,NORMAL,None
2025-03-06 04:00:00,7.385,53.92,5.62,808.25,29.38,Decreasing,NORMAL,None
2025-03-06 05:00:00,7.481,30.0,5.29,788.07,30.05,Decreasing,NORMAL,None
2025-03-06 06:00:00,7.269,39.7,3.77,788.39,29.8,Decreasing,NORMAL,None
2025-03-06 07:00:00,7.338,30.0,4.3,801.62,31.11,Decreasing,NORMAL,None
2025-03-06 08:00:00,7.305,61.74,5.7,779.63,31.15,Increasing,NORMAL,None
2025-03-06 09:00:00,7.489,32.22,6.15,769.25,31.54,Decreasing,NORMAL,None
2025-03-06 10:00:00,7.302,70.9,4.99,786.3,32.31,Increasing,NORMAL,None
2025-03-06 11:00:00,7.211,66.03,7.62,783.39,32.24,Increasing,NORMAL,None
2025-03-06 12:00:00,7.509,60.89,8.32,782.7,32.67,Increasing,NORMAL,None
2025-03-06 13:00:00,7.295,77.83,8.23,764.51,31.92,Increasing,NORMAL,None
2025-03-06 14:00:00,7.147,118.18,6.46,788.08,32.2,Increasing,NORMAL,None
2025-03-06 15:00:00,7.232,62.24,7.2,763.29,31.39,Increasing,NORMAL,None
2025-03-06 16:00:00,7.526,77.19,5.97,766.98,30.78,Increasing,NORMAL,None
2025-03-06 17:00:00,7.431,76.6,7.34,793.44,30.63,Increasing,NORMAL,None
2025-03-06 18:00:00,7.418,50.11,9.4,805.58,29.94,Decreasing,NORMAL,None
2025-03-06 19:00:00,7.382,64.55,10.23,782.84,29.66,Decreasing,NORMAL,None
2025-03-06 20:00:00,7.214,41.98,15.59,770.24,28.92,Decreasing,NORMAL,None
2025-03-06 21:00:00,7.212,153.45,18.02,777.85,28.44,Increasing,NORMAL,None
2025-03-06 22:00:00,7.306,69.3,15.09,759.7,28.55,Decreasing,NORMAL,None
2025-03-06 23:00:00,7.343,121.7,13.95,760.47,28.61,Increasing,NORMAL,None
2025-03-07 00:00:00,7.179,119.7,11.91,762.7,28.81,Increasing,NORMAL,None
2025-03-07 01:00:00,7.192,75.1,10.11,763.88,28.4,Increasing,NORMAL,None
2025-03-07 02:00:00,7.265,103.43,10.11,778.44,28.79,Increasing,NORMAL,None
2025-03-07 03:00:00,7.271,91.38,8.65,786.23,29.46,Decreasing,NORMAL,None
2025-03-07 04:00:00,7.185,107.53,9.96,816.73,29.58,Increasing,NORMAL,None
2025-03-07 05:00:00,7.373,33.53,8.48,806.73,30.23,Decreasing,NORMAL,None
2025-03-07 06:00:00,7.473,54.64,8.33,800.3,30.48,Decreasing,NORMAL,None
2025-03-07 07:00:00,7.296,49.12,9.38,822.18,30.76,Decreasing,NORMAL,None
2025-03-07 08:00:00,7.307,66.12,8.03,819.18,30.94,Decreasing,NORMAL,None
2025-03-07 09:00:00,7.279,72.29,7.42,799.84,31.12,Decreasing,NORMAL,None
2025-03-07 10:00:00,7.13,96.51,17.68,807.56,31.71,Decreasing,NORMAL,None
2025-03-07 11:00:00,7.368,115.53,15.31,829.65,31.54,Increasing,NORMAL,None
2025-03-07 12:00:00,7.498,84.92,13.88,809.57,32.7,Increasing,NORMAL,None
2025-03-07 13:00:00,7.537,68.18,12.78,805.88,32.32,Increasing,NORMAL,None
2025-03-07 14:00:00,7.139,114.87,12.32,812.09,32.1,Increasing,NORMAL,None
2025-03-07 15:00:00,7.181,56.17,10.4,810.77,31.82,Decreasing,NORMAL,None
2025-03-07 16:00:00,7.159,110.49,10.92,822.24,31.73,Increasing,NORMAL,None
2025-03-07 17:00:00,7.308,80.67,11.01,830.86,31.1,Decreasing,NORMAL,None
2025-03-07 18:00:00,7.101,47.52,9.93,812.77,30.26,Decreasing,NORMAL,None
2025-03-07 19:00:00,7.473,80.16,9.4,790.97,29.63,Increasing,NORMAL,None
2025-03-07 20:00:00,7.448,30.0,7.06,786.55,29.24,Decreasing,NORMAL,None
2025-03-07 21:00:00,7.436,81.89,7.18,802.89,29.7,Increasing,NORMAL,None
2025-03-07 22:00:00,7.285,120.69,8.18,794.93,28.77,Increasing,NORMAL,None
2025-03-07 23:00:00,7.203,57.23,5.91,787.78,28.66,Decreasing,NORMAL,None
2025-03-08 00:00:00,7.302,55.16,3.48,789.97,28.41,Increasing,NORMAL,None
2025-03-08 01:00:00,7.341,30.0,3.46,766.79,28.25,Decreasing,NORMAL,None
2025-03-08 02:00:00,7.541,96.41,1.73,766.57,29.07,Increasing,NORMAL,None
2025-03-08 03:00:00,7.193,52.81,3.2,763.31,29.2,Decreasing,NORMAL,None
2025-03-08 04:00:00,7.347,70.31,4.91,783.1,29.54,Decreasing,NORMAL,None
2025-03-08 05:00:00,7.3,40.66,5.02,782.04,30.19,Decreasing,NORMAL,None
2025-03-08 06:00:00,7.576,70.83,4.94,767.35,30.44,Increasing,NORMAL,None
2025-03-08 07:00:00,7.243,34.2,3.76,756.63,30.57,Increasing,NORMAL,None
2025-03-08 08:00:00,7.292,30.0,2.49,732.86,31.23,Decreasing,NORMAL,None
2025-03-08 09:00:00,7.476,30.0,3.16,722.0,31.64,Decreasing,NORMAL,None
2025-03-08 10:00:00,7.237,64.27,1.5,713.4,31.74,Decreasing,NORMAL,None
2025-03-08 11:00:00,7.181,66.99,2.64,735.38,32.06,Increasing,NORMAL,None
2025-03-08 12:00:00,7.358,46.81,9.07,740.82,32.0,Decreasing,NORMAL,None
2025-03-08 13:00:00,7.683,57.57,8.78,745.64,31.9,Increasing,NORMAL,None
2025-03-08 14:00:00,7.338,95.99,9.54,748.9,31.44,Increasing,NORMAL,None
2025-03-08 15:00:00,7.371,99.29,10.68,775.46,31.6,Increasing,NORMAL,None
2025-03-08 16:00:00,7.341,44.35,10.45,774.98,31.21,Decreasing,NORMAL,None
2025-03-08 17:00:00,7.426,93.62,10.59,767.26,30.45,Increasing,NORMAL,None
2025-03-08 18:00:00,7.455,39.14,9.16,768.41,30.05,Decreasing,NORMAL,None
2025-03-08 19:00:00,7.183,138.89,9.07,794.43,30.31,Increasing,NORMAL,None
2025-03-08 20:00:00,7.248,62.16,8.25,783.91,29.55,Decreasing,NORMAL,None
2025-03-08 21:00:00,7.284,66.63,6.18,774.53,28.45,Decreasing,NORMAL,None
2025-03-08 22:00:00,7.301,94.73,5.0,771.27,28.97,Increasing,NORMAL,None
2025-03-08 23:00:00,7.176,30.0,4.16,776.42,28.84,Decreasing,NORMAL,None
2025-03-09 00:00:00,7.337,35.59,2.92,773.63,28.26,Decreasing,NORMAL,None
2025-03-09 01:00:00,7.489,31.43,2.07,770.01,28.86,Decreasing,NORMAL,None
2025-03-09 02:00:00,7.4,58.08,3.3,761.87,28.83,Decreasing,NORMAL,None
2025-03-09 03:00:00,7.496,30.0,2.38,746.56,29.07,Decreasing,NORMAL,None
2025-03-09 04:00:00,7.255,50.44,3.06,735.35,29.34,Decreasing,NORMAL,None
2025-03-09 05:00:00,7.36,70.82,4.75,745.19,30.07,Increasing,NORMAL,None
2025-03-09 06:00:00,7.59,35.98,5.64,768.42,30.35,Stable,NORMAL,None
2025-03-09 07:00:00,7.08,80.86,4.96,791.62,30.73,Increasing,NORMAL,None
2025-03-09 08:00:00,7.38,47.57,5.05,781.75,31.15,Decreasing,NORMAL,None
2025-03-09 09:00:00,7.288,33.24,2.98,773.17,31.45,Increasing,NORMAL,None
2025-03-09 10:00:00,7.379,49.81,2.13,785.55,32.11,Stable,NORMAL,None
2025-03-09 11:00:00,7.269,30.63,2.97,784.44,32.28,Decreasing,NORMAL,None
2025-03-09 12:00:00,7.482,30.0,1.0,773.19,31.81,Decreasing,NORMAL,None
2025-03-09 13:00:00,7.506,72.72,2.64,767.17,32.39,Decreasing,NORMAL,None
2025-03-09 14:00:00,7.334,44.57,3.33,764.81,31.53,Decreasing,NORMAL,None
2025-03-09 15:00:00,7.486,61.5,7.33,765.33,31.51,Increasing,NORMAL,None
2025-03-09 16:00:00,7.237,52.76,6.22,766.32,31.36,Increasing,NORMAL,None
2025-03-09 17:00:00,7.428,47.63,6.85,763.95,30.2,Increasing,NORMAL,None
2025-03-09 18:00:00,7.256,85.65,7.56,766.58,30.43,Increasing,NORMAL,None
2025-03-09 19:00:00,7.165,100.56,10.43,776.17,29.09,Increasing,NORMAL,None
2025-03-09 20:00:00,7.197,53.85,10.34,770.46,29.59,Increasing,NORMAL,None
2025-03-09 21:00:00,7.383,91.52,10.81,771.26,28.51,Increasing,NORMAL,None
2025-03-09 22:00:00,7.444,99.85,11.48,774.4,28.82,Increasing,NORMAL,None
2025-03-09 23:00:00,7.196,61.83,11.48,775.34,28.59,Increasing,NORMAL,None
2025-03-10 00:00:00,7.35,95.29,8.64,780.88,28.03,Increasing,NORMAL,None
2025-03-10 01:00:00,7.438,52.4,8.54,793.06,28.85,Decreasing,NORMAL,None
2025-03-10 02:00:00,7.281,103.35,8.26,844.9,29.03,Increasing,NORMAL,None
2025-03-10 03:00:00,7.335,65.53,8.19,825.84,29.14,Decreasing,NORMAL,None
2025-03-10 04:00:00,7.402,60.4,8.0,829.63,29.43,Decreasing,NORMAL,None
2025-03-10 05:00:00,7.25,59.01,7.99,829.78,30.26,Decreasing,NORMAL,None
2025-03-10 06:00:00,7.435,62.82,7.43,821.53,30.29,Decreasing,NORMAL,None
2025-03-10 07:00:00,7.353,53.89,6.42,843.31,30.41,Stable,NORMAL,None
2025-03-10 08:00:00,7.289,30.56,6.86,837.08,31.2,Decreasing,NORMAL,None
2025-03-10 09:00:00,7.261,126.32,9.42,847.47,31.08,Increasing,NORMAL,None
2025-03-10 10:00:00,7.29,94.03,13.49,839.22,31.82,Increasing,NORMAL,None
2025-03-10 11:00:00,7.249,89.3,14.06,827.87,32.94,Increasing,NORMAL,None
2025-03-10 12:00:00,7.372,70.22,17.02,815.55,32.71,Increasing,NORMAL,None
2025-03-10 13:00:00,7.563,67.3,16.07,803.48,32.55,Increasing,NORMAL,None
2025-03-10 14:00:00,7.525,82.12,15.25,792.74,31.83,Increasing,NORMAL,None
2025-03-10 15:00:00,7.42,126.89,15.4,811.32,32.1,Stable,NORMAL,None
2025-03-10 16:00:00,7.623,75.64,13.84,793.43,31.42,Decreasing,NORMAL,None
2025-03-10 17:00:00,7.36,108.23,12.96,804.79,31.22,Increasing,NORMAL,None
2025-03-10 18:00:00,7.295,82.76,11.7,791.07,30.39,Increasing,NORMAL,None
2025-03-10 19:00:00,7.618,205.85,31.47,906.24,30.4,Increasing,NORMAL,None
2025-03-10 20:00:00,7.374,273.96,57.97,1075.78,30.68,Increasing,NORMAL,None
2025-03-10 21:00:00,7.447,345.77,85.75,1265.2,30.83,Increasing,NORMAL,None
2025-03-10 22:00:00,7.754,451.56,110.66,1421.95,31.12,Increasing,NORMAL,None
2025-03-10 23:00:00,7.844,500.71,134.43,1561.17,31.71,Increasing,SPIKE/ABNORMAL,TDS
2025-03-11 00:00:00,8.042,632.82,154.07,1706.48,32.01,Increasing,SPIKE/ABNORMAL,"COD, TDS"
2025-03-11 01:00:00,8.188,677.09,173.79,1816.53,32.2,Increasing,SPIKE/ABNORMAL,"COD, TDS"
2025-03-11 02:00:00,8.208,715.93,187.73,1871.05,32.94,Increasing,SPIKE/ABNORMAL,"COD, TDS"
2025-03-11 03:00:00,8.309,759.2,196.21,1925.28,33.64,Increasing,SPIKE/ABNORMAL,"COD, TDS"
2025-03-11 04:00:00,8.106,774.99,201.94,1964.0,34.07,Increasing,SPIKE/ABNORMAL,"BOD, COD, TDS"
2025-03-11 05:00:00,8.436,774.99,201.57,1953.47,34.68,Increasing,SPIKE/ABNORMAL,"BOD, COD, TDS"
2025-03-11 06:00:00,8.233,776.86,198.2,1911.21,34.01,Increasing,SPIKE/ABNORMAL,"COD, TDS"
2025-03-11 07:00:00,8.403,745.33,188.81,1867.64,35.65,Increasing,SPIKE/ABNORMAL,"COD, TDS, Temperature"
2025-03-11 08:00:00,8.099,670.28,175.31,1762.35,34.55,Decreasing,SPIKE/ABNORMAL,"COD, TDS"
2025-03-11 09:00:00,8.037,623.26,155.1,1653.64,35.06,Decreasing,SPIKE/ABNORMAL,"COD, TDS, Temperature"
2025-03-11 10:00:00,7.825,534.33,130.25,1508.16,34.97,Decreasing,SPIKE/ABNORMAL,TDS
2025-03-11 11:00:00,7.805,417.37,103.44,1354.01,34.96,Decreasing,NORMAL,None
2025-03-11 12:00:00,7.545,354.14,75.72,1199.78,33.84,Decreasing,NORMAL,None
2025-03-11 13:00:00,7.639,229.49,48.15,1039.49,32.88,Decreasing,NORMAL,None
2025-03-11 14:00:00,7.463,126.53,22.11,858.27,32.18,Decreasing,NORMAL,None
2025-03-11 15:00:00,7.406,75.99,4.48,740.61,31.75,Decreasing,NORMAL,None
2025-03-11 16:00:00,7.378,127.3,5.11,751.64,31.3,Decreasing,NORMAL,None
2025-03-11 17:00:00,7.363,97.36,6.74,772.32,30.64,Decreasing,NORMAL,None
2025-03-11 18:00:00,7.162,57.53,6.4,769.49,30.01,Decreasing,NORMAL,None
2025-03-11 19:00:00,7.341,30.0,5.6,781.04,29.66,Decreasing,NORMAL,None
2025-03-11 20:00:00,7.408,86.77,5.0,798.96,29.53,Decreasing,NORMAL,None
2025-03-11 21:00:00,7.377,50.83,5.09,811.04,28.86,Decreasing,NORMAL,None
2025-03-11 22:00:00,7.304,86.4,5.71,818.07,28.71,Decreasing,NORMAL,None
2025-03-11 23:00:00,7.41,30.0,6.41,811.07,29.12,Decreasing,NORMAL,None
2025-03-12 00:00:00,7.111,158.18,29.54,805.44,29.48,Increasing,NORMAL,None
2025-03-12 01:00:00,7.321,125.12,25.88,823.6,29.17,Increasing,NORMAL,None
2025-03-12 02:00:00,7.176,111.77,24.28,842.75,29.55,Increasing,NORMAL,None
2025-03-12 03:00:00,7.088,177.38,22.94,876.71,28.93,Increasing,NORMAL,None
2025-03-12 04:00:00,7.288,105.5,20.1,883.4,29.44,Increasing,NORMAL,None
2025-03-12 05:00:00,7.061,132.85,18.92,903.36,29.6,Increasing,NORMAL,None
2025-03-12 06:00:00,7.212,115.05,17.59,874.12,30.28,Decreasing,NORMAL,None
2025-03-12 07:00:00,7.255,101.55,16.19,889.76,30.98,Decreasing,NORMAL,None
2025-03-12 08:00:00,7.202,91.58,14.92,879.95,31.33,Decreasing,NORMAL,None
2025-03-12 09:00:00,7.238,78.84,14.12,884.91,32.19,Decreasing,NORMAL,None
2025-03-12 10:00:00,7.241,62.4,13.9,895.92,32.11,Decreasing,NORMAL,None
2025-03-12 11:00:00,7.408,62.12,12.44,885.33,32.57,Decreasing,NORMAL,None
2025-03-12 12:00:00,7.208,106.49,11.98,852.85,32.01,Decreasing,NORMAL,None
2025-03-12 13:00:00,7.328,120.97,12.65,861.89,31.91,Increasing,NORMAL,None
2025-03-12 14:00:00,7.453,70.4,10.09,867.91,31.6,Decreasing,NORMAL,None
2025-03-12 15:00:00,7.434,64.22,9.54,848.04,31.78,Decreasing,NORMAL,None
2025-03-12 16:00:00,7.273,64.69,8.62,851.69,31.45,Increasing,NORMAL,None
2025-03-12 17:00:00,7.322,79.85,11.45,846.94,30.61,Increasing,NORMAL,None
2025-03-12 18:00:00,7.342,80.12,11.25,857.56,30.34,Decreasing,NORMAL,None
2025-03-12 19:00:00,7.274,91.69,11.9,848.0,30.23,Decreasing,NORMAL,None
2025-03-12 20:00:00,7.096,108.03,11.83,843.18,29.36,Increasing,NORMAL,None
2025-03-12 21:00:00,7.481,134.75,11.85,828.6,29.69,Increasing,NORMAL,None
2025-03-12 22:00:00,7.343,51.52,10.39,819.14,28.53,Decreasing,NORMAL,None
2025-03-12 23:00:00,7.31,90.12,10.09,823.97,28.88,Increasing,NORMAL,None
2025-03-13 00:00:00,7.461,115.18,9.32,846.51,28.52,Increasing,NORMAL,None
2025-03-13 01:00:00,7.399,60.65,7.95,837.74,28.63,Decreasing,NORMAL,None
2025-03-13 02:00:00,7.432,30.0,5.08,827.34,29.41,Decreasing,NORMAL,None
2025-03-13 03:00:00,7.557,44.07,5.45,838.6,29.47,Decreasing,NORMAL,None
2025-03-13 04:00:00,7.202,32.99,6.18,844.03,29.76,Decreasing,NORMAL,None
2025-03-13 05:00:00,7.446,69.93,8.99,848.66,29.86,Decreasing,NORMAL,None
2025-03-13 06:00:00,7.431,44.78,8.41,821.73,30.5,Decreasing,NORMAL,None
2025-03-13 07:00:00,7.5,44.23,7.29,820.8,31.64,Decreasing,NORMAL,None
2025-03-13 08:00:00,7.346,47.41,4.69,830.25,31.12,Increasing,NORMAL,None
2025-03-13 09:00:00,7.35,30.0,3.2,815.17,32.23,Decreasing,NORMAL,None
2025-03-13 10:00:00,7.384,30.94,2.9,805.42,32.07,Decreasing,NORMAL,None
2025-03-13 11:00:00,7.45,96.21,7.09,827.31,32.58,Increasing,NORMAL,None
2025-03-13 12:00:00,7.449,49.6,7.76,803.41,32.15,Increasing,NORMAL,None
2025-03-13 13:00:00,7.267,56.07,8.29,813.22,32.27,Increasing,NORMAL,None
2025-03-13 14:00:00,7.557,30.0,7.72,816.87,31.68,Decreasing,NORMAL,None
2025-03-13 15:00:00,7.368,57.01,14.27,810.37,31.38,Increasing,NORMAL,None
2025-03-13 16:00:00,7.396,66.55,11.45,816.9,31.12,Increasing,NORMAL,None
2025-03-13 17:00:00,7.591,59.64,8.36,836.09,31.14,Decreasing,NORMAL,None
2025-03-13 18:00:00,7.364,68.37,9.75,835.4,30.54,Increasing,NORMAL,None
2025-03-13 19:00:00,7.393,63.36,8.32,820.16,30.12,Increasing,NORMAL,None
2025-03-13 20:00:00,7.474,60.1,7.15,816.17,29.46,Increasing,NORMAL,None
2025-03-13 21:00:00,7.4,65.77,7.52,801.79,29.17,Increasing,NORMAL,None
2025-03-13 22:00:00,7.475,70.42,9.54,787.82,29.16,Increasing,NORMAL,None
2025-03-13 23:00:00,7.354,92.93,8.01,784.67,28.89,Increasing,NORMAL,None
2025-03-14 00:00:00,7.393,65.9,9.22,793.54,28.74,Decreasing,NORMAL,None
2025-03-14 01:00:00,7.233,52.38,7.49,818.04,29.15,Decreasing,NORMAL,None
2025-03-14 02:00:00,7.374,103.52,7.74,822.26,29.28,Increasing,NORMAL,None
2025-03-14 03:00:00,7.537,55.85,7.76,822.98,28.85,Decreasing,NORMAL,None
2025-03-14 04:00:00,7.339,46.4,6.63,822.26,28.96,Decreasing,NORMAL,None
2025-03-14 05:00:00,7.431,53.68,7.3,821.28,29.63,Decreasing,NORMAL,None
2025-03-14 06:00:00,7.326,94.2,6.41,840.28,30.63,Increasing,NORMAL,None
2025-03-14 07:00:00,7.242,31.36,6.99,837.42,30.93,Decreasing,NORMAL,None
2025-03-14 08:00:00,7.222,107.16,7.71,834.56,31.28,Increasing,NORMAL,None
2025-03-14 09:00:00,7.285,130.9,17.9,862.61,31.98,Increasing,NORMAL,None
2025-03-14 10:00:00,7.402,41.38,15.56,865.8,31.94,Decreasing,NORMAL,None
2025-03-14 11:00:00,7.224,123.42,13.94,884.42,32.36,Increasing,NORMAL,None
2025-03-14 12:00:00,7.371,103.04,14.25,880.56,31.94,Increasing,NORMAL,None
2025-03-14 13:00:00,7.43,57.55,11.53,880.57,32.79,Increasing,NORMAL,None
2025-03-14 14:00:00,7.341,73.61,11.45,872.11,32.17,Decreasing,NORMAL,None
2025-03-14 15:00:00,7.381,71.99,11.52,876.02,31.53,Decreasing,NORMAL,None
2025-03-14 16:00:00,7.212,86.21,12.27,865.81,31.54,Increasing,NORMAL,None
2025-03-14 17:00:00,7.49,94.52,12.43,878.12,31.03,Decreasing,NORMAL,None
2025-03-14 18:00:00,7.402,101.52,10.61,884.33,30.8,Stable,NORMAL,None
2025-03-14 19:00:00,7.203,80.12,10.4,877.64,30.44,Increasing,NORMAL,None
2025-03-14 20:00:00,7.549,38.71,9.8,850.28,29.66,Decreasing,NORMAL,None
2025-03-14 21:00:00,7.356,75.66,9.72,865.05,29.86,Increasing,NORMAL,None
2025-03-14 22:00:00,7.096,66.4,11.11,858.93,28.71,Decreasing,NORMAL,None
2025-03-14 23:00:00,7.36,76.42,10.5,868.22,28.56,Decreasing,NORMAL,None
2025-03-15 00:00:00,7.248,71.68,10.13,877.92,28.7,Decreasing,NORMAL,None
2025-03-15 01:00:00,7.319,88.6,9.01,883.54,28.65,Increasing,NORMAL,None
2025-03-15 02:00:00,7.346,66.8,9.45,872.5,28.63,Increasing,NORMAL,None
2025-03-15 03:00:00,7.366,49.77,7.75,891.34,29.35,Decreasing,NORMAL,None
2025-03-15 04:00:00,7.476,84.71,8.36,879.3,29.71,Increasing,NORMAL,None
2025-03-15 05:00:00,7.392,52.2,7.91,859.74,29.85,Decreasing,NORMAL,None
2025-03-15 06:00:00,7.267,30.0,6.84,840.11,30.58,Decreasing,NORMAL,None
2025-03-15 07:00:00,7.571,56.47,7.96,844.01,31.23,Decreasing,NORMAL,None
2025-03-15 08:00:00,7.384,69.95,6.26,865.91,31.99,Increasing,NORMAL,None
2025-03-15 09:00:00,7.404,73.91,7.88,853.03,31.81,Increasing,NORMAL,None
2025-03-15 10:00:00,7.247,95.2,6.25,838.16,31.81,Increasing,NORMAL,None
2025-03-15 11:00:00,7.295,105.85,7.33,837.67,32.31,Increasing,NORMAL,None
2025-03-15 12:00:00,7.397,83.6,7.17,831.05,31.93,Increasing,NORMAL,None
2025-03-15 13:00:00,7.437,43.05,5.73,830.58,32.7,Decreasing,NORMAL,None
2025-03-15 14:00:00,7.407,30.0,5.65,834.5,32.28,Decreasing,NORMAL,None
2025-03-15 15:00:00,7.189,41.06,4.5,818.81,31.67,Decreasing,NORMAL,None
2025-03-15 16:00:00,7.309,30.0,4.12,807.53,31.42,Decreasing,NORMAL,None
2025-03-15 17:00:00,7.365,30.0,5.29,815.03,31.06,Decreasing,NORMAL,None
2025-03-15 18:00:00,7.32,59.04,4.97,798.39,30.15,Decreasing,NORMAL,None
2025-03-15 19:00:00,7.536,63.62,6.78,796.66,30.01,Increasing,NORMAL,None
2025-03-15 20:00:00,7.425,41.09,7.52,764.94,29.5,Increasing,NORMAL,None
2025-03-15 21:00:00,7.376,30.0,5.35,753.22,29.79,Decreasing,NORMAL,None
2025-03-15 22:00:00,7.274,45.53,7.52,748.69,29.23,Increasing,NORMAL,None
2025-03-15 23:00:00,7.408,99.79,8.55,753.79,29.33,Increasing,NORMAL,None
2025-03-16 00:00:00,7.404,33.02,5.87,748.11,28.96,Decreasing,NORMAL,None
2025-03-16 01:00:00,7.467,39.28,5.14,776.34,28.75,Decreasing,NORMAL,None
2025-03-16 02:00:00,7.357,69.88,7.21,764.79,29.1,Increasing,NORMAL,None
2025-03-16 03:00:00,7.427,31.32,6.51,770.8,29.35,Increasing,NORMAL,None
2025-03-16 04:00:00,7.213,54.36,6.5,783.26,29.14,Increasing,NORMAL,None
2025-03-16 05:00:00,7.214,43.78,5.18,781.19,29.85,Decreasing,NORMAL,None
2025-03-16 06:00:00,7.302,30.0,4.92,791.28,30.13,Decreasing,NORMAL,None
2025-03-16 07:00:00,7.433,56.47,5.32,790.11,30.38,Increasing,NORMAL,None
2025-03-16 08:00:00,7.372,66.85,7.21,775.91,31.13,Decreasing,NORMAL,None
2025-03-16 09:00:00,7.291,64.33,6.76,764.25,32.01,Increasing,NORMAL,None
2025-03-16 10:00:00,7.273,56.74,11.03,767.47,31.7,Increasing,NORMAL,None
2025-03-16 11:00:00,7.073,68.3,13.48,772.82,31.86,Increasing,NORMAL,None
2025-03-16 12:00:00,7.253,94.78,12.72,808.14,32.33,Increasing,NORMAL,None
2025-03-16 13:00:00,7.091,85.9,10.96,817.11,31.66,Increasing,NORMAL,None
2025-03-16 14:00:00,7.214,84.28,10.75,821.18,31.67,Increasing,NORMAL,None
2025-03-16 15:00:00,7.337,84.9,10.2,816.67,31.51,Increasing,NORMAL,None
2025-03-16 16:00:00,7.387,52.19,7.54,822.13,31.05,Decreasing,NORMAL,None
2025-03-16 17:00:00,7.457,53.04,8.8,822.81,31.31,Decreasing,NORMAL,None
2025-03-16 18:00:00,7.448,66.79,6.72,829.62,30.09,Decreasing,NORMAL,None
2025-03-16 19:00:00,7.349,70.58,7.88,808.56,29.51,Decreasing,NORMAL,None
2025-03-16 20:00:00,7.409,74.61,7.69,808.6,29.67,Decreasing,NORMAL,None
2025-03-16 21:00:00,7.343,130.14,8.68,813.58,29.56,Increasing,NORMAL,None
2025-03-16 22:00:00,7.396,45.07,6.79,812.86,29.39,Decreasing,NORMAL,None
2025-03-16 23:00:00,7.454,69.05,9.44,803.14,28.94,Increasing,NORMAL,None
2025-03-17 00:00:00,7.421,54.89,8.69,782.48,28.55,Decreasing,NORMAL,None
2025-03-17 01:00:00,7.195,94.41,7.65,801.67,28.7,Increasing,NORMAL,None
2025-03-17 02:00:00,7.366,57.53,6.22,795.01,28.87,Decreasing,NORMAL,None
2025-03-17 03:00:00,7.455,82.04,7.3,796.59,28.98,Decreasing,NORMAL,None
2025-03-17 04:00:00,7.433,64.18,6.22,810.26,29.38,Increasing,NORMAL,None
2025-03-17 05:00:00,7.262,54.06,5.83,787.6,29.89,Decreasing,NORMAL,None
2025-03-17 06:00:00,7.42,87.89,4.59,797.39,30.51,Increasing,NORMAL,None
2025-03-17 07:00:00,7.294,64.01,2.14,803.43,31.3,Decreasing,NORMAL,None
2025-03-17 08:00:00,7.251,34.42,4.16,771.04,31.19,Decreasing,NORMAL,None
2025-03-17 09:00:00,7.482,70.68,5.84,766.38,32.35,Decreasing,NORMAL,None
2025-03-17 10:00:00,7.192,95.92,6.12,782.34,31.75,Increasing,NORMAL,None
2025-03-17 11:00:00,7.406,30.0,4.13,788.77,32.35,Decreasing,NORMAL,None
2025-03-17 12:00:00,7.12,74.08,3.06,779.87,31.93,Decreasing,NORMAL,None
2025-03-17 13:00:00,7.361,60.38,3.67,762.95,31.71,Decreasing,NORMAL,None
2025-03-17 14:00:00,7.389,37.85,5.99,765.98,32.4,Increasing,NORMAL,None
2025-03-17 15:00:00,7.461,31.76,6.01,765.18,31.61,Decreasing,NORMAL,None
2025-03-17 16:00:00,7.475,46.34,5.79,744.46,31.52,Decreasing,NORMAL,None
2025-03-17 17:00:00,7.313,60.43,5.75,751.42,31.26,Increasing,NORMAL,None
2025-03-17 18:00:00,7.458,31.09,3.81,744.3,30.7,Decreasing,NORMAL,None
2025-03-17 19:00:00,7.28,63.07,2.94,761.7,30.24,Increasing,NORMAL,None
2025-03-17 20:00:00,7.325,61.18,3.71,764.47,29.67,Increasing,NORMAL,None
2025-03-17 21:00:00,7.293,41.22,3.69,746.18,29.28,Increasing,NORMAL,None
2025-03-17 22:00:00,7.346,57.97,4.17,746.23,29.52,Increasing,NORMAL,None
2025-03-17 23:00:00,7.313,40.39,5.4,769.52,29.14,Decreasing,NORMAL,None
2025-03-18 00:00:00,7.13,48.93,5.31,765.36,28.65,Increasing,NORMAL,None
2025-03-18 01:00:00,7.295,80.79,3.32,777.45,28.59,Increasing,NORMAL,None
2025-03-18 02:00:00,7.143,100.62,4.85,781.43,28.56,Increasing,NORMAL,None
2025-03-18 03:00:00,7.314,47.97,5.45,774.62,29.04,Increasing,NORMAL,None
2025-03-18 04:00:00,7.305,114.36,13.46,808.24,29.53,Increasing,NORMAL,None
2025-03-18 05:00:00,7.351,92.78,11.43,790.79,30.11,Increasing,NORMAL,None
2025-03-18 06:00:00,7.27,101.34,10.98,795.23,30.01,Increasing,NORMAL,None
2025-03-18 07:00:00,7.411,122.72,11.57,807.07,30.08,Increasing,NORMAL,None
2025-03-18 08:00:00,7.35,108.37,16.75,829.55,32.15,Increasing,NORMAL,None
2025-03-18 09:00:00,7.135,122.72,15.83,836.94,31.2,Increasing,NORMAL,None
2025-03-18 10:00:00,7.421,105.29,15.91,817.27,32.02,Decreasing,NORMAL,None
2025-03-18 11:00:00,7.401,94.52,16.43,817.47,32.27,Stable,NORMAL,None
2025-03-18 12:00:00,7.393,76.74,13.59,801.95,32.17,Decreasing,NORMAL,None
2025-03-18 13:00:00,7.391,83.29,11.29,816.65,31.82,Decreasing,NORMAL,None
2025-03-18 14:00:00,7.353,61.78,9.47,819.13,31.7,Decreasing,NORMAL,None
2025-03-18 15:00:00,7.563,94.98,8.74,789.47,31.88,Decreasing,NORMAL,None
2025-03-18 16:00:00,7.365,54.85,8.29,746.78,31.34,Decreasing,NORMAL,None
2025-03-18 17:00:00,7.323,81.93,7.65,729.56,30.55,Decreasing,NORMAL,None
2025-03-18 18:00:00,7.314,43.51,7.48,730.73,30.78,Decreasing,NORMAL,None
2025-03-18 19:00:00,7.327,73.36,8.89,717.45,30.01,Decreasing,NORMAL,None
2025-03-18 20:00:00,7.308,96.72,8.67,742.67,29.85,Increasing,NORMAL,None
2025-03-18 21:00:00,7.26,70.58,6.73,736.73,29.5,Decreasing,NORMAL,None
2025-03-18 22:00:00,7.424,96.1,15.45,761.55,28.98,Increasing,NORMAL,None
2025-03-18 23:00:00,7.429,85.1,12.48,765.87,28.65,Increasing,NORMAL,None
2025-03-19 00:00:00,7.192,95.28,13.56,804.91,28.74,Increasing,NORMAL,None
2025-03-19 01:00:00,7.326,75.26,9.68,781.47,28.84,Stable,NORMAL,None
2025-03-19 02:00:00,7.256,83.76,8.29,785.92,28.46,Decreasing,NORMAL,None
2025-03-19 03:00:00,7.575,88.94,6.09,807.05,29.18,Increasing,NORMAL,None
2025-03-19 04:00:00,7.408,70.77,7.38,805.67,30.11,Decreasing,NORMAL,None
2025-03-19 05:00:00,7.325,80.11,8.39,818.94,29.79,Decreasing,NORMAL,None
2025-03-19 06:00:00,7.117,97.69,7.65,824.38,30.6,Stable,NORMAL,None
2025-03-19 07:00:00,7.454,37.23,5.73,824.05,30.27,Decreasing,NORMAL,None
2025-03-19 08:00:00,7.514,50.92,3.73,840.88,31.05,Decreasing,NORMAL,None
2025-03-19 09:00:00,7.444,38.1,2.68,857.17,31.76,Decreasing,NORMAL,None
2025-03-19 10:00:00,7.338,30.0,2.56,862.87,31.85,Decreasing,NORMAL,None
2025-03-19 11:00:00,7.357,42.87,3.71,851.01,31.64,Decreasing,NORMAL,None
2025-03-19 12:00:00,7.437,75.96,4.84,840.56,32.18,Decreasing,NORMAL,None
2025-03-19 13:00:00,7.301,133.69,29.81,836.27,31.8,Increasing,NORMAL,None
2025-03-19 14:00:00,7.257,105.19,26.55,850.41,31.87,Increasing,NORMAL,None
2025-03-19 15:00:00,7.283,111.1,23.85,858.09,31.67,Increasing,NORMAL,None
2025-03-19 16:00:00,7.246,154.94,21.54,862.44,31.17,Increasing,NORMAL,None
2025-03-19 17:00:00,7.432,120.26,20.23,864.96,30.99,Increasing,NORMAL,None
2025-03-19 18:00:00,7.123,146.95,19.76,853.82,30.84,Increasing,NORMAL,None
2025-03-19 19:00:00,7.218,136.14,18.44,854.05,29.87,Stable,NORMAL,None
2025-03-19 20:00:00,7.31,128.65,17.32,847.88,29.77,Increasing,NORMAL,None
2025-03-19 21:00:00,7.343,103.43,14.93,870.97,29.46,Decreasing,NORMAL,None
2025-03-19 22:00:00,7.266,64.95,14.04,879.17,28.58,Decreasing,NORMAL,None
2025-03-19 23:00:00,7.518,98.26,12.13,852.59,28.89,Decreasing,NORMAL,None
2025-03-20 00:00:00,7.393,67.69,10.96,875.58,28.35,Decreasing,NORMAL,None
2025-03-20 01:00:00,7.521,88.96,10.02,872.86,28.6,Decreasing,NORMAL,None
2025-03-20 02:00:00,7.327,67.68,9.11,856.29,28.91,Decreasing,NORMAL,None
2025-03-20 03:00:00,7.376,65.74,9.2,862.91,28.88,Decreasing,NORMAL,None
2025-03-20 04:00:00,7.221,84.33,7.17,868.89,29.43,Increasing,NORMAL,None
2025-03-20 05:00:00,7.307,86.82,7.02,875.84,29.7,Decreasing,NORMAL,None
2025-03-20 06:00:00,7.509,61.72,6.92,864.38,30.68,Decreasing,NORMAL,None
2025-03-20 07:00:00,7.48,30.0,5.96,855.45,30.53,Decreasing,NORMAL,None
2025-03-20 08:00:00,7.427,67.05,4.22,865.49,31.16,Stable,NORMAL,None
2025-03-20 09:00:00,7.398,43.43,4.55,868.76,32.45,Decreasing,NORMAL,None
2025-03-20 10:00:00,7.314,75.07,4.15,884.72,31.65,Decreasing,NORMAL,None
2025-03-20 11:00:00,7.376,34.79,4.66,900.26,32.25,Decreasing,NORMAL,None
2025-03-20 12:00:00,7.387,33.29,4.6,892.03,32.06,Decreasing,NORMAL,None
2025-03-20 13:00:00,7.463,45.2,6.83,871.16,32.46,Increasing,NORMAL,None
2025-03-20 14:00:00,7.142,59.9,7.7,870.62,31.79,Decreasing,NORMAL,None
2025-03-20 15:00:00,7.277,37.48,8.07,873.21,31.67,Decreasing,NORMAL,None
2025-03-20 16:00:00,7.365,30.0,8.72,873.14,31.53,Decreasing,NORMAL,None
2025-03-20 17:00:00,7.333,31.58,10.68,866.75,31.24,Decreasing,NORMAL,None
2025-03-20 18:00:00,7.317,71.27,10.72,852.67,30.61,Increasing,NORMAL,None
2025-03-20 19:00:00,7.379,72.38,10.36,807.65,29.44,Increasing,NORMAL,None
2025-03-20 20:00:00,7.144,83.15,10.15,812.03,29.2,Increasing,NORMAL,None
2025-03-20 21:00:00,7.29,122.07,8.84,794.26,29.27,Increasing,NORMAL,None
2025-03-20 22:00:00,7.355,75.49,8.53,782.46,29.15,Increasing,NORMAL,None
2025-03-20 23:00:00,7.502,73.1,7.89,785.82,28.9,Increasing,NORMAL,None
2025-03-21 00:00:00,7.415,30.67,8.67,774.54,28.88,Decreasing,NORMAL,None
2025-03-21 01:00:00,7.153,75.43,8.52,766.01,28.36,Increasing,NORMAL,None
2025-03-21 02:00:00,7.403,30.0,7.78,752.45,28.35,Decreasing,NORMAL,None
2025-03-21 03:00:00,7.4,88.64,8.5,739.2,29.0,Decreasing,NORMAL,None
2025-03-21 04:00:00,7.139,69.26,6.58,752.51,29.34,Decreasing,NORMAL,None
2025-03-21 05:00:00,7.332,69.98,6.69,789.4,29.74,Decreasing,NORMAL,None
2025-03-21 06:00:00,7.366,52.82,5.48,771.44,30.14,Increasing,NORMAL,None
2025-03-21 07:00:00,7.156,31.78,3.05,773.74,30.72,Decreasing,NORMAL,None
2025-03-21 08:00:00,7.347,37.65,1.55,752.28,31.24,Increasing,NORMAL,None
2025-03-21 09:00:00,7.291,71.89,1.69,741.84,31.56,Decreasing,NORMAL,None
2025-03-21 10:00:00,7.354,42.48,2.73,767.23,31.9,Decreasing,NORMAL,None
2025-03-21 11:00:00,7.14,90.17,2.92,746.0,31.92,Increasing,NORMAL,None
2025-03-21 12:00:00,7.413,43.54,3.01,741.96,32.03,Decreasing,NORMAL,None
2025-03-21 13:00:00,7.48,42.34,3.51,733.58,32.11,Increasing,NORMAL,None
2025-03-21 14:00:00,7.306,58.63,3.23,753.71,32.29,Increasing,NORMAL,None
2025-03-21 15:00:00,7.424,81.92,3.77,763.29,31.82,Increasing,NORMAL,None
2025-03-21 16:00:00,7.313,36.35,6.38,743.96,31.02,Decreasing,NORMAL,None
2025-03-21 17:00:00,7.186,87.94,7.56,765.76,30.95,Stable,NORMAL,None
2025-03-21 18:00:00,7.404,83.62,6.58,771.14,30.64,Increasing,NORMAL,None
2025-03-21 19:00:00,7.245,36.26,5.08,773.75,30.41,Decreasing,NORMAL,None
2025-03-21 20:00:00,7.51,48.87,6.72,754.0,29.7,Decreasing,NORMAL,None
2025-03-21 21:00:00,7.387,90.16,9.23,756.29,29.36,Increasing,NORMAL,None
2025-03-21 22:00:00,7.274,76.09,10.62,772.1,28.78,Increasing,NORMAL,None
2025-03-21 23:00:00,7.364,92.53,10.11,766.21,28.89,Increasing,NORMAL,None
2025-03-22 00:00:00,7.275,68.72,8.71,789.43,28.27,Decreasing,NORMAL,None
2025-03-22 01:00:00,7.241,192.14,32.96,823.43,28.65,Increasing,NORMAL,None
2025-03-22 02:00:00,7.248,146.36,28.3,836.63,29.27,Increasing,NORMAL,None
2025-03-22 03:00:00,7.593,152.58,25.13,832.92,29.17,Increasing,NORMAL,None
2025-03-22 04:00:00,7.409,118.24,23.01,822.23,29.72,Increasing,NORMAL,None
2025-03-22 05:00:00,7.139,111.38,21.06,839.8,29.94,Increasing,NORMAL,None
2025-03-22 06:00:00,7.469,140.56,27.91,861.46,30.35,Increasing,NORMAL,None
2025-03-22 07:00:00,7.252,145.42,25.58,868.64,30.8,Decreasing,NORMAL,None
2025-03-22 08:00:00,7.32,112.14,22.51,871.19,31.15,Decreasing,NORMAL,None
2025-03-22 09:00:00,7.099,113.87,20.92,882.79,32.25,Decreasing,NORMAL,None
2025-03-22 10:00:00,7.402,87.08,18.49,897.4,31.93,Decreasing,NORMAL,None
2025-03-22 11:00:00,7.337,83.15,16.7,889.35,31.61,Decreasing,NORMAL,None
2025-03-22 12:00:00,7.216,99.3,14.64,885.27,31.64,Decreasing,NORMAL,None
2025-03-22 13:00:00,7.457,98.07,19.65,893.25,32.56,Decreasing,NORMAL,None
2025-03-22 14:00:00,7.468,91.47,19.24,887.24,31.66,Decreasing,NORMAL,None
2025-03-22 15:00:00,7.232,83.37,16.5,878.36,31.78,Decreasing,NORMAL,None
2025-03-22 16:00:00,7.356,116.57,15.85,889.18,31.93,Increasing,NORMAL,None
2025-03-22 17:00:00,7.201,89.54,15.6,872.06,29.97,Increasing,NORMAL,None
2025-03-22 18:00:00,7.36,49.9,13.18,864.09,30.26,Decreasing,NORMAL,None
2025-03-22 19:00:00,7.485,88.04,14.53,848.54,29.85,Decreasing,NORMAL,None
2025-03-22 20:00:00,7.222,120.25,13.97,848.28,29.36,Increasing,NORMAL,None
2025-03-22 21:00:00,7.304,130.32,12.17,832.79,28.81,Increasing,NORMAL,None
2025-03-22 22:00:00,7.369,78.35,12.5,807.43,28.99,Decreasing,NORMAL,None
2025-03-22 23:00:00,7.452,84.61,11.72,826.03,28.69,Decreasing,NORMAL,None
2025-03-23 00:00:00,7.158,80.79,10.87,836.52,28.6,Increasing,NORMAL,None
2025-03-23 01:00:00,7.237,113.89,10.46,816.83,28.72,Increasing,NORMAL,None
2025-03-23 02:00:00,7.365,55.29,9.95,816.44,28.57,Decreasing,NORMAL,None
2025-03-23 03:00:00,7.367,72.82,8.82,819.23,29.33,Decreasing,NORMAL,None
2025-03-23 04:00:00,7.431,45.59,8.19,806.88,29.34,Decreasing,NORMAL,None
2025-03-23 05:00:00,7.28,38.71,7.37,807.4,30.2,Decreasing,NORMAL,None
2025-03-23 06:00:00,7.399,30.0,6.96,799.54,30.39,Decreasing,NORMAL,None
2025-03-23 07:00:00,7.423,30.0,7.63,776.11,31.02,Decreasing,NORMAL,None
2025-03-23 08:00:00,7.284,55.32,7.8,771.59,31.63,Stable,NORMAL,None
2025-03-23 09:00:00,7.194,57.85,7.41,752.65,31.87,Decreasing,NORMAL,None
2025-03-23 10:00:00,7.413,31.59,9.87,762.79,32.02,Decreasing,NORMAL,None
2025-03-23 11:00:00,7.277,86.66,8.54,752.21,32.04,Increasing,NORMAL,None
2025-03-23 12:00:00,7.223,76.69,7.82,739.36,32.46,Increasing,NORMAL,None
2025-03-23 13:00:00,7.506,93.79,7.15,750.62,31.99,Increasing,NORMAL,None
2025-03-23 14:00:00,7.512,59.25,6.61,741.32,31.87,Increasing,NORMAL,None
2025-03-23 15:00:00,7.461,40.38,6.97,729.94,31.63,Decreasing,NORMAL,None
2025-03-23 16:00:00,7.117,70.02,7.16,748.72,30.94,Increasing,NORMAL,None
2025-03-23 17:00:00,7.35,48.44,5.0,764.47,31.02,Decreasing,NORMAL,None
2025-03-23 18:00:00,7.318,40.64,3.8,783.81,30.49,Decreasing,NORMAL,None
2025-03-23 19:00:00,7.406,62.61,3.94,766.3,30.24,Decreasing,NORMAL,None
2025-03-23 20:00:00,7.438,71.43,1.81,769.25,29.67,Increasing,NORMAL,None
2025-03-23 21:00:00,7.331,38.28,1.35,767.99,29.54,Decreasing,NORMAL,None
2025-03-23 22:00:00,7.186,30.0,1.0,766.61,29.05,Decreasing,NORMAL,None
2025-03-23 23:00:00,7.331,46.37,1.0,742.18,28.48,Decreasing,NORMAL,None
2025-03-24 00:00:00,7.469,58.59,1.0,730.88,28.75,Increasing,NORMAL,None
2025-03-24 01:00:00,7.261,74.97,1.0,726.2,28.71,Increasing,NORMAL,None
2025-03-24 02:00:00,7.43,30.0,1.0,737.14,28.93,Decreasing,NORMAL,None
2025-03-24 03:00:00,7.304,44.7,1.0,755.78,29.5,Increasing,NORMAL,None
2025-03-24 04:00:00,7.41,30.0,1.0,733.05,29.66,Stable,NORMAL,None
2025-03-24 05:00:00,7.119,80.02,1.0,710.03,29.89,Increasing,NORMAL,None
2025-03-24 06:00:00,7.542,30.0,1.0,704.35,30.3,Decreasing,NORMAL,None
2025-03-24 07:00:00,7.326,30.0,1.0,722.92,30.43,Decreasing,NORMAL,None
2025-03-24 08:00:00,7.062,34.61,1.9,724.43,31.48,Increasing,NORMAL,None
2025-03-24 09:00:00,7.396,74.15,2.63,705.63,32.21,Increasing,NORMAL,None
2025-03-24 10:00:00,7.479,30.0,3.47,698.48,32.25,Stable,NORMAL,None
2025-03-24 11:00:00,7.443,30.0,3.84,711.7,32.08,Decreasing,NORMAL,None
2025-03-24 12:00:00,7.232,53.94,3.21,735.35,32.65,Increasing,NORMAL,None
2025-03-24 13:00:00,7.347,41.82,3.52,740.45,32.5,Increasing,NORMAL,None
2025-03-24 14:00:00,7.375,30.0,3.86,746.68,32.55,Decreasing,NORMAL,None
2025-03-24 15:00:00,7.271,74.28,3.54,767.37,31.98,Stable,NORMAL,None
2025-03-24 16:00:00,7.196,95.3,4.32,786.69,30.87,Increasing,NORMAL,None
2025-03-24 17:00:00,7.124,93.69,4.42,785.51,31.42,Increasing,NORMAL,None
2025-03-24 18:00:00,7.332,65.53,4.57,812.4,30.08,Increasing,NORMAL,None
2025-03-24 19:00:00,7.214,91.01,3.72,838.81,30.16,Increasing,NORMAL,None
2025-03-24 20:00:00,7.407,57.27,8.21,835.05,29.94,Increasing,NORMAL,None
2025-03-24 21:00:00,7.317,42.06,5.49,797.44,29.0,Decreasing,NORMAL,None
2025-03-24 22:00:00,7.262,96.03,3.35,792.95,29.25,Stable,NORMAL,None
2025-03-24 23:00:00,7.387,62.52,2.19,788.02,28.36,Decreasing,NORMAL,None
2025-03-25 00:00:00,7.296,65.53,2.29,783.46,28.89,Stable,NORMAL,None
2025-03-25 01:00:00,7.35,82.52,1.97,788.5,28.98,Decreasing,NORMAL,None
2025-03-25 02:00:00,7.496,45.02,2.11,782.29,29.21,Decreasing,NORMAL,None
2025-03-25 03:00:00,7.408,44.39,2.25,770.55,29.13,Increasing,NORMAL,None
2025-03-25 04:00:00,7.364,70.17,1.0,775.58,29.32,Decreasing,NORMAL,None
2025-03-25 05:00:00,7.303,62.32,1.39,792.27,30.11,Stable,NORMAL,None
2025-03-25 06:00:00,7.342,62.59,3.3,825.94,31.29,Decreasing,NORMAL,None
2025-03-25 07:00:00,7.489,68.73,5.16,817.61,30.52,Decreasing,NORMAL,None
2025-03-25 08:00:00,7.48,30.0,4.08,821.18,30.45,Decreasing,NORMAL,None
2025-03-25 09:00:00,7.407,59.75,3.35,839.64,32.31,Increasing,NORMAL,None
2025-03-25 10:00:00,7.397,43.19,2.94,823.16,31.87,Decreasing,NORMAL,None
2025-03-25 11:00:00,7.433,66.25,3.18,799.42,32.53,Increasing,NORMAL,None
2025-03-25 12:00:00,7.385,62.63,5.31,820.47,32.21,Stable,NORMAL,None
2025-03-25 13:00:00,7.371,53.59,7.82,819.84,32.15,Decreasing,NORMAL,None
2025-03-25 14:00:00,7.187,58.29,5.27,801.67,32.16,Increasing,NORMAL,None
2025-03-25 15:00:00,7.284,70.84,4.55,798.5,31.76,Increasing,NORMAL,None
2025-03-25 16:00:00,7.259,57.0,6.17,810.07,31.39,Increasing,NORMAL,None
2025-03-25 17:00:00,7.28,75.0,5.24,833.56,30.58,Increasing,NORMAL,None
2025-03-25 18:00:00,7.562,30.0,7.22,810.38,30.55,Decreasing,NORMAL,None
2025-03-25 19:00:00,7.51,76.74,5.51,793.99,29.76,Increasing,NORMAL,None
2025-03-25 20:00:00,7.419,78.09,5.78,806.77,29.59,Increasing,NORMAL,None
2025-03-25 21:00:00,7.398,52.05,5.0,800.68,29.35,Decreasing,NORMAL,None
2025-03-25 22:00:00,7.317,30.0,4.8,781.84,29.44,Decreasing,NORMAL,None
2025-03-25 23:00:00,7.534,66.9,2.37,775.91,28.84,Decreasing,NORMAL,None
2025-03-26 00:00:00,7.269,30.0,3.04,767.65,28.75,Stable,NORMAL,None
2025-03-26 01:00:00,7.266,90.59,3.85,772.43,28.94,Increasing,NORMAL,None
2025-03-26 02:00:00,7.314,128.02,5.95,772.13,29.12,Increasing,NORMAL,None
2025-03-26 03:00:00,7.414,67.47,6.27,785.01,29.2,Increasing,NORMAL,None
2025-03-26 04:00:00,7.285,72.99,5.89,790.92,29.58,Increasing,NORMAL,None
2025-03-26 05:00:00,7.465,64.75,5.72,773.79,30.19,Decreasing,NORMAL,None
2025-03-26 06:00:00,7.52,41.36,6.76,759.76,30.23,Increasing,NORMAL,None
2025-03-26 07:00:00,7.354,59.12,4.31,766.71,31.19,Decreasing,NORMAL,None
2025-03-26 08:00:00,7.373,30.0,5.07,776.6,31.48,Decreasing,NORMAL,None
2025-03-26 09:00:00,7.261,30.0,4.84,772.95,32.41,Decreasing,NORMAL,None
2025-03-26 10:00:00,7.324,84.44,4.84,780.21,32.13,Increasing,NORMAL,None
2025-03-26 11:00:00,7.437,80.49,4.89,763.92,32.3,Increasing,NORMAL,None
2025-03-26 12:00:00,7.473,30.0,2.57,755.06,32.23,Decreasing,NORMAL,None
2025-03-26 13:00:00,7.242,36.32,3.26,758.65,31.85,Decreasing,NORMAL,None
2025-03-26 14:00:00,7.4,36.67,3.0,760.65,31.59,Increasing,NORMAL,None
2025-03-26 15:00:00,7.395,30.0,2.33,774.44,31.72,Stable,NORMAL,None
2025-03-26 16:00:00,7.145,63.57,3.94,779.28,32.19,Decreasing,NORMAL,None
2025-03-26 17:00:00,7.234,30.0,1.95,763.63,30.99,Decreasing,NORMAL,None
2025-03-26 18:00:00,7.369,30.0,3.71,768.45,30.68,Stable,NORMAL,None
2025-03-26 19:00:00,7.434,68.0,4.44,769.16,30.01,Increasing,NORMAL,None
2025-03-26 20:00:00,7.451,30.56,2.95,781.06,29.71,Decreasing,NORMAL,None
2025-03-26 21:00:00,7.359,70.88,2.77,803.64,29.47,Increasing,NORMAL,None
2025-03-26 22:00:00,7.367,30.0,1.47,800.9,28.68,Decreasing,NORMAL,None
2025-03-26 23:00:00,7.438,30.0,1.0,779.1,28.67,Stable,NORMAL,None
2025-03-27 00:00:00,7.235,84.55,3.28,779.5,28.69,Increasing,NORMAL,None
2025-03-27 01:00:00,7.502,33.77,2.55,750.82,28.81,Decreasing,NORMAL,None
2025-03-27 02:00:00,7.323,44.72,2.58,733.29,28.83,Increasing,NORMAL,None
2025-03-27 03:00:00,7.255,30.0,3.9,731.91,29.34,Decreasing,NORMAL,None
2025-03-27 04:00:00,7.177,80.05,4.87,748.17,29.15,Increasing,NORMAL,None
2025-03-27 05:00:00,7.475,73.18,3.8,759.14,30.18,Increasing,NORMAL,None
2025-03-27 06:00:00,7.383,72.03,3.79,749.44,30.31,Decreasing,NORMAL,None
2025-03-27 07:00:00,7.403,55.79,3.89,747.41,31.25,Increasing,NORMAL,None
2025-03-27 08:00:00,7.36,114.83,2.63,770.34,31.13,Increasing,NORMAL,None
2025-03-27 09:00:00,7.512,63.56,2.74,735.49,31.82,Increasing,NORMAL,None
2025-03-27 10:00:00,7.574,30.0,1.81,744.89,32.16,Decreasing,NORMAL,None
2025-03-27 11:00:00,7.444,49.97,1.33,753.91,32.2,Decreasing,NORMAL,None
2025-03-27 12:00:00,7.217,82.31,7.1,746.19,32.14,Increasing,NORMAL,None
2025-03-27 13:00:00,7.429,30.0,7.51,741.64,32.57,Decreasing,NORMAL,None
2025-03-27 14:00:00,7.193,58.08,6.18,736.02,32.2,Decreasing,NORMAL,None
2025-03-27 15:00:00,7.444,30.0,6.03,754.75,31.89,Decreasing,NORMAL,None
2025-03-27 16:00:00,7.526,68.55,6.25,734.09,31.59,Increasing,NORMAL,None
2025-03-27 17:00:00,7.296,38.49,7.57,754.4,31.31,Decreasing,NORMAL,None
2025-03-27 18:00:00,7.308,98.83,8.06,741.19,30.38,Increasing,NORMAL,None
2025-03-27 19:00:00,7.199,62.05,7.63,759.43,29.82,Increasing,NORMAL,None
2025-03-27 20:00:00,7.441,110.15,6.35,764.67,29.42,Increasing,NORMAL,None
2025-03-27 21:00:00,7.271,86.14,6.15,770.19,29.17,Increasing,NORMAL,None
2025-03-27 22:00:00,7.284,46.36,5.8,764.74,29.07,Decreasing,NORMAL,None
2025-03-27 23:00:00,7.062,89.76,5.68,780.38,28.57,Increasing,NORMAL,None
2025-03-28 00:00:00,7.387,30.0,5.91,755.79,29.04,Decreasing,NORMAL,None
2025-03-28 01:00:00,7.411,35.44,6.59,745.65,28.8,Decreasing,NORMAL,None
2025-03-28 02:00:00,7.254,60.99,7.79,742.53,28.76,Decreasing,NORMAL,None
2025-03-28 03:00:00,7.17,85.73,8.13,754.1,28.98,Stable,NORMAL,None
2025-03-28 04:00:00,7.365,30.0,7.42,725.23,29.09,Decreasing,NORMAL,None
2025-03-28 05:00:00,7.401,77.37,7.06,729.46,29.3,Decreasing,NORMAL,None
2025-03-28 06:00:00,7.269,58.51,6.48,728.42,30.63,Increasing,NORMAL,None
2025-03-28 07:00:00,7.374,80.75,5.49,742.38,30.75,Increasing,NORMAL,None
2025-03-28 08:00:00,7.406,95.98,5.97,756.06,31.55,Increasing,NORMAL,None
2025-03-28 09:00:00,7.44,65.2,4.36,767.49,32.03,Decreasing,NORMAL,None
2025-03-28 10:00:00,7.482,60.51,5.53,767.8,31.34,Increasing,NORMAL,None
2025-03-28 11:00:00,7.14,63.85,8.62,773.03,31.63,Decreasing,NORMAL,None
2025-03-28 12:00:00,7.278,46.22,10.18,782.03,31.9,Decreasing,NORMAL,None
2025-03-28 13:00:00,7.297,62.47,8.76,773.65,32.6,Decreasing,NORMAL,None
2025-03-28 14:00:00,7.439,80.09,7.12,764.31,32.26,Decreasing,NORMAL,None
2025-03-28 15:00:00,7.425,72.64,12.04,761.66,32.43,Increasing,NORMAL,None
2025-03-28 16:00:00,7.269,115.56,14.71,756.92,31.05,Increasing,NORMAL,None
2025-03-28 17:00:00,7.463,77.26,14.09,763.56,30.24,Increasing,NORMAL,None
2025-03-28 18:00:00,7.446,60.09,12.29,809.1,30.04,Increasing,NORMAL,None
2025-03-28 19:00:00,7.38,65.58,9.15,802.99,29.61,Increasing,NORMAL,None
2025-03-28 20:00:00,7.36,74.15,9.95,772.13,29.2,Decreasing,NORMAL,None
2025-03-28 21:00:00,7.378,78.36,8.44,787.24,29.24,Increasing,NORMAL,None
2025-03-28 22:00:00,7.186,69.96,6.59,761.84,29.08,Decreasing,NORMAL,None
2025-03-28 23:00:00,7.13,84.99,6.39,753.2,28.8,Increasing,NORMAL,None
2025-03-29 00:00:00,7.455,100.66,7.08,785.61,28.68,Increasing,NORMAL,None
2025-03-29 01:00:00,7.369,109.25,5.68,765.89,28.4,Increasing,NORMAL,None
2025-03-29 02:00:00,7.477,30.0,5.32,753.79,28.81,Decreasing,NORMAL,None
2025-03-29 03:00:00,7.557,92.66,6.45,741.19,28.72,Increasing,NORMAL,None
2025-03-29 04:00:00,7.264,110.03,6.88,744.03,29.79,Increasing,NORMAL,None
2025-03-29 05:00:00,7.356,80.5,7.15,725.06,30.07,Decreasing,NORMAL,None
2025-03-29 06:00:00,7.229,71.03,5.61,729.31,30.18,Decreasing,NORMAL,None
2025-03-29 07:00:00,7.437,30.0,5.89,748.79,31.02,Decreasing,NORMAL,None
2025-03-29 08:00:00,7.359,37.41,3.4,723.65,31.65,Increasing,NORMAL,None
2025-03-29 09:00:00,7.326,30.0,1.94,710.06,31.75,Decreasing,NORMAL,None
2025-03-29 10:00:00,7.202,79.12,2.8,719.16,32.33,Decreasing,NORMAL,None
2025-03-29 11:00:00,7.256,58.06,3.72,719.08,31.79,Decreasing,NORMAL,None
2025-03-29 12:00:00,7.326,72.22,4.28,737.94,31.77,Stable,NORMAL,None
2025-03-29 13:00:00,7.254,77.46,5.83,740.53,32.15,Increasing,NORMAL,None
2025-03-29 14:00:00,7.247,99.97,10.34,730.35,31.99,Increasing,NORMAL,None
2025-03-29 15:00:00,7.433,100.73,9.88,749.53,31.83,Increasing,NORMAL,None
2025-03-29 16:00:00,7.493,42.76,7.82,745.23,31.69,Decreasing,NORMAL,None
2025-03-29 17:00:00,7.405,30.0,7.35,761.72,30.85,Decreasing,NORMAL,None
2025-03-29 18:00:00,7.267,104.72,8.36,744.73,30.33,Increasing,NORMAL,None
2025-03-29 19:00:00,7.27,77.11,9.75,740.75,29.58,Stable,NORMAL,None
2025-03-29 20:00:00,7.498,72.52,9.43,749.56,29.4,Decreasing,NORMAL,None
2025-03-29 21:00:00,7.466,70.98,7.09,768.22,28.96,Decreasing,NORMAL,None
2025-03-29 22:00:00,7.363,82.01,6.51,785.38,28.83,Increasing,NORMAL,None
2025-03-29 23:00:00,7.424,57.85,6.04,790.63,28.71,Increasing,NORMAL,None
2025-03-30 00:00:00,7.564,46.56,4.97,780.93,28.61,Decreasing,NORMAL,None
2025-03-30 01:00:00,7.359,42.27,6.32,775.93,28.73,Decreasing,NORMAL,None
2025-03-30 02:00:00,7.456,79.97,4.88,802.53,29.14,Increasing,NORMAL,None
2025-03-30 03:00:00,7.289,51.84,4.33,780.83,29.0,Decreasing,NORMAL,None
2025-03-30 04:00:00,7.529,44.52,5.15,778.62,29.69,Decreasing,NORMAL,None
2025-03-30 05:00:00,7.266,101.5,6.54,806.18,29.76,Increasing,NORMAL,None
2025-03-30 06:00:00,7.403,89.75,8.0,815.37,30.57,Increasing,NORMAL,None
2025-03-30 07:00:00,7.206,83.18,11.41,811.77,31.23,Increasing,NORMAL,None
2025-03-30 08:00:00,7.316,40.0,10.62,782.79,31.33,Decreasing,NORMAL,None
2025-03-30 09:00:00,7.234,67.48,16.15,761.56,31.81,Increasing,NORMAL,None
2025-03-30 10:00:00,7.499,105.51,13.78,751.82,32.16,Increasing,NORMAL,None
2025-03-30 11:00:00,7.285,112.32,14.9,750.65,32.35,Increasing,NORMAL,None
2025-03-30 12:00:00,7.292,64.07,14.2,746.77,32.63,Decreasing,NORMAL,None
2025-03-30 13:00:00,7.43,61.24,13.64,759.44,32.12,Decreasing,NORMAL,None
2025-03-30 14:00:00,7.211,120.5,18.61,765.93,32.04,Increasing,NORMAL,None
2025-03-30 15:00:00,7.538,62.57,17.91,762.73,31.92,Decreasing,NORMAL,None
2025-03-30 16:00:00,7.457,93.35,16.27,779.04,31.27,Decreasing,NORMAL,None
2025-03-30 17:00:00,7.508,102.7,13.75,787.67,30.96,Decreasing,NORMAL,None
2025-03-30 18:00:00,7.067,117.74,12.73,813.34,30.5,Increasing,NORMAL,None
2025-03-30 19:00:00,7.293,100.46,13.98,807.81,29.81,Increasing,NORMAL,None
2025-03-30 20:00:00,7.254,91.12,13.76,804.42,29.51,Decreasing,NORMAL,None
2025-03-30 21:00:00,7.261,91.94,11.41,812.75,29.22,Increasing,NORMAL,None
2025-03-30 22:00:00,7.207,111.26,9.99,805.96,29.48,Increasing,NORMAL,None
2025-03-30 23:00:00,7.346,108.15,8.75,821.73,28.91,Increasing,NORMAL,None
2025-03-31 00:00:00,7.406,55.76,8.28,820.42,29.01,Decreasing,NORMAL,None
2025-03-31 01:00:00,7.49,49.34,7.37,797.59,28.62,Decreasing,NORMAL,None
2025-03-31 02:00:00,7.386,94.97,6.05,773.78,29.16,Increasing,NORMAL,None
2025-03-31 03:00:00,7.469,72.18,4.74,777.92,29.48,Decreasing,NORMAL,None
2025-03-31 04:00:00,7.414,89.1,4.13,759.5,29.58,Decreasing,NORMAL,None
2025-03-31 05:00:00,7.33,30.0,4.38,764.18,29.96,Decreasing,NORMAL,None
2025-03-31 06:00:00,7.294,72.64,5.82,760.7,30.86,Increasing,NORMAL,None
2025-03-31 07:00:00,7.509,64.44,7.13,766.07,30.69,Increasing,NORMAL,None
2025-03-31 08:00:00,7.319,41.03,7.59,756.06,31.31,Decreasing,NORMAL,None
2025-03-31 09:00:00,7.449,70.09,4.78,743.62,31.43,Stable,NORMAL,None
2025-03-31 10:00:00,7.519,30.0,6.01,729.12,32.19,Decreasing,NORMAL,None
2025-03-31 11:00:00,7.491,58.6,4.08,736.05,32.58,Increasing,NORMAL,None
2025-03-31 12:00:00,7.477,30.0,3.15,718.88,32.6,Decreasing,NORMAL,None
2025-03-31 13:00:00,7.399,39.9,3.11,695.51,32.18,Decreasing,NORMAL,None
2025-03-31 14:00:00,7.534,50.33,2.53,729.69,31.92,Increasing,NORMAL,None
2025-03-31 15:00:00,7.196,30.0,4.46,721.43,31.51,Decreasing,NORMAL,None
2025-03-31 16:00:00,7.405,50.98,4.47,729.97,31.23,Increasing,NORMAL,None
2025-03-31 17:00:00,7.304,64.46,7.3,733.98,31.24,Increasing,NORMAL,None
2025-03-31 18:00:00,7.267,30.0,2.65,743.77,30.33,Stable,NORMAL,None
2025-03-31 19:00:00,7.532,44.36,1.0,759.86,29.68,Increasing,NORMAL,None
2025-03-31 20:00:00,7.292,47.67,1.74,766.18,29.72,Decreasing,NORMAL,None
2025-03-31 21:00:00,7.222,30.0,1.0,745.37,29.18,Stable,NORMAL,None
2025-03-31 22:00:00,7.393,30.0,1.0,715.0,28.47,Decreasing,NORMAL,None
2025-03-31 23:00:00,7.463,96.94,1.0,739.47,28.15,Increasing,NORMAL,None
2025-04-01 00:00:00,7.358,78.55,1.0,743.73,28.06,Increasing,NORMAL,None
2025-04-01 01:00:00,7.282,63.08,1.0,725.5,28.62,Increasing,NORMAL,None
2025-04-01 02:00:00,7.403,51.96,1.0,722.15,28.59,Increasing,NORMAL,None
2025-04-01 03:00:00,7.279,30.0,1.0,724.47,29.19,Stable,NORMAL,None
2025-04-01 04:00:00,7.297,41.35,1.0,710.91,29.82,Increasing,NORMAL,None
2025-04-01 05:00:00,7.352,30.0,1.65,723.5,30.21,Decreasing,NORMAL,None
2025-04-01 06:00:00,7.448,51.35,1.64,721.51,30.25,Decreasing,NORMAL,None
2025-04-01 07:00:00,7.28,32.26,1.0,724.98,31.02,Decreasing,NORMAL,None
2025-04-01 08:00:00,7.456,30.0,1.0,735.52,31.26,Decreasing,NORMAL,None
2025-04-01 09:00:00,7.273,67.6,1.0,755.43,32.03,Increasing,NORMAL,None
2025-04-01 10:00:00,7.298,58.46,1.64,757.53,31.33,Increasing,NORMAL,None
2025-04-01 11:00:00,7.21,65.49,1.0,741.16,32.25,Increasing,NORMAL,None
2025-04-01 12:00:00,7.234,65.38,2.0,765.31,32.45,Increasing,NORMAL,None
2025-04-01 13:00:00,7.343,36.68,1.0,769.0,31.83,Increasing,NORMAL,None
2025-04-01 14:00:00,7.201,45.6,1.02,762.97,31.73,Increasing,NORMAL,None
2025-04-01 15:00:00,7.425,30.0,1.0,755.17,31.75,Decreasing,NORMAL,None
2025-04-01 16:00:00,7.389,49.99,1.63,750.74,31.34,Decreasing,NORMAL,None
2025-04-01 17:00:00,7.393,43.66,2.59,762.41,30.67,Decreasing,NORMAL,None
2025-04-01 18:00:00,7.334,88.32,3.86,765.7,30.14,Increasing,NORMAL,None
2025-04-01 19:00:00,7.289,53.31,3.41,764.61,29.67,Increasing,NORMAL,None
2025-04-01 20:00:00,7.182,57.62,4.02,749.28,29.5,Increasing,NORMAL,None
2025-04-01 21:00:00,7.152,34.41,3.42,726.37,29.25,Increasing,NORMAL,None
2025-04-01 22:00:00,7.173,127.4,10.45,751.77,28.67,Increasing,NORMAL,None
2025-04-01 23:00:00,7.295,89.41,10.4,749.94,28.39,Increasing,NORMAL,None
2025-04-02 00:00:00,7.261,75.73,9.12,738.88,28.42,Decreasing,NORMAL,None
2025-04-02 01:00:00,7.412,91.56,7.75,742.02,28.62,Increasing,NORMAL,None
2025-04-02 02:00:00,7.46,59.04,7.76,763.03,28.93,Stable,NORMAL,None
2025-04-02 03:00:00,7.299,79.99,7.28,758.1,29.05,Increasing,NORMAL,None
2025-04-02 04:00:00,7.511,60.47,5.91,753.05,29.55,Decreasing,NORMAL,None
2025-04-02 05:00:00,7.402,30.0,4.17,764.41,30.14,Decreasing,NORMAL,None
2025-04-02 06:00:00,7.313,54.72,4.94,762.03,30.9,Decreasing,NORMAL,None
2025-04-02 07:00:00,7.369,45.88,7.25,740.41,31.57,Decreasing,NORMAL,None
2025-04-02 08:00:00,7.313,60.25,6.96,741.65,32.45,Stable,NORMAL,None
2025-04-02 09:00:00,7.361,122.93,6.15,737.02,31.51,Increasing,NORMAL,None
2025-04-02 10:00:00,7.205,54.78,6.56,730.8,32.12,Decreasing,NORMAL,None
2025-04-02 11:00:00,7.204,43.74,5.63,725.95,32.42,Increasing,NORMAL,None
2025-04-02 12:00:00,7.361,68.69,4.09,753.99,32.23,Increasing,NORMAL,None
2025-04-02 13:00:00,7.497,68.64,4.57,741.73,31.89,Increasing,NORMAL,None
2025-04-02 14:00:00,7.346,66.99,4.76,720.52,32.44,Increasing,NORMAL,None
2025-04-02 15:00:00,7.379,72.15,7.39,723.84,31.95,Decreasing,NORMAL,None
2025-04-02 16:00:00,7.346,71.89,8.13,730.77,31.07,Increasing,NORMAL,None
2025-04-02 17:00:00,7.336,37.79,8.37,727.47,31.04,Decreasing,NORMAL,None
2025-04-02 18:00:00,7.509,54.5,7.18,738.79,30.6,Decreasing,NORMAL,None
2025-04-02 19:00:00,7.281,74.41,8.78,752.4,30.7,Increasing,NORMAL,None
2025-04-02 20:00:00,7.139,110.63,8.51,777.1,29.22,Increasing,NORMAL,None
2025-04-02 21:00:00,7.448,34.42,9.74,763.86,28.95,Decreasing,NORMAL,None
2025-04-02 22:00:00,7.446,80.11,10.26,750.59,29.48,Increasing,NORMAL,None
2025-04-02 23:00:00,7.356,62.5,9.14,750.65,28.66,Increasing,NORMAL,None
2025-04-03 00:00:00,7.346,84.58,9.0,755.22,28.58,Increasing,NORMAL,None
2025-04-03 01:00:00,7.199,48.27,7.92,765.6,27.99,Decreasing,NORMAL,None
2025-04-03 02:00:00,7.324,112.62,9.23,756.38,28.97,Stable,NORMAL,None
2025-04-03 03:00:00,7.224,117.06,10.5,773.11,29.36,Increasing,NORMAL,None
2025-04-03 04:00:00,7.333,108.62,11.46,796.43,29.51,Increasing,NORMAL,None
2025-04-03 05:00:00,7.478,52.5,9.56,812.56,30.11,Decreasing,NORMAL,None
2025-04-03 06:00:00,7.186,78.22,10.74,813.98,30.37,Decreasing,NORMAL,None
2025-04-03 07:00:00,7.346,70.09,8.95,818.51,31.03,Increasing,NORMAL,None
2025-04-03 08:00:00,7.241,124.55,8.33,809.61,30.85,Increasing,NORMAL,None
2025-04-03 09:00:00,7.395,50.92,7.42,817.43,31.18,Decreasing,NORMAL,None
2025-04-03 10:00:00,7.344,73.3,6.68,810.07,32.29,Decreasing,NORMAL,None
2025-04-03 11:00:00,7.244,31.15,3.86,820.96,32.48,Decreasing,NORMAL,None
2025-04-03 12:00:00,7.323,31.06,3.68,813.98,32.17,Decreasing,NORMAL,None
2025-04-03 13:00:00,7.398,71.96,4.38,832.45,32.34,Stable,NORMAL,None
2025-04-03 14:00:00,7.089,77.35,3.72,829.52,31.94,Decreasing,NORMAL,None
2025-04-03 15:00:00,7.335,74.57,2.46,843.78,31.73,Increasing,NORMAL,None
2025-04-03 16:00:00,7.286,30.61,1.52,846.22,31.26,Decreasing,NORMAL,None
2025-04-03 17:00:00,7.273,30.0,1.38,845.81,31.27,Decreasing,NORMAL,None
2025-04-03 18:00:00,7.334,55.22,1.49,857.65,30.41,Increasing,NORMAL,None
2025-04-03 19:00:00,7.166,53.15,1.81,840.96,30.05,Decreasing,NORMAL,None
2025-04-03 20:00:00,7.467,37.97,3.98,827.36,29.52,Decreasing,NORMAL,None
2025-04-03 21:00:00,7.383,100.35,3.54,838.0,29.13,Increasing,NORMAL,None
2025-04-03 22:00:00,7.275,56.11,3.45,857.46,29.05,Increasing,NORMAL,None
2025-04-03 23:00:00,7.417,42.8,4.1,846.34,28.99,Increasing,NORMAL,None
2025-04-04 00:00:00,7.271,30.0,4.07,811.17,28.3,Decreasing,NORMAL,None
2025-04-04 01:00:00,7.568,57.18,2.9,797.77,28.78,Increasing,NORMAL,None
2025-04-04 02:00:00,7.166,56.44,4.97,797.77,28.42,Increasing,NORMAL,None
2025-04-04 03:00:00,7.292,82.54,4.56,800.57,29.16,Decreasing,NORMAL,None
2025-04-04 04:00:00,7.447,50.47,4.83,810.55,29.55,Decreasing,NORMAL,None
2025-04-04 05:00:00,7.619,30.0,4.57,784.13,29.69,Decreasing,NORMAL,None
2025-04-04 06:00:00,7.429,37.26,5.15,763.48,30.33,Increasing,NORMAL,None
2025-04-04 07:00:00,7.326,56.25,5.89,756.86,30.85,Stable,NORMAL,None
2025-04-04 08:00:00,7.131,78.39,5.53,779.42,31.61,Increasing,NORMAL,None
2025-04-04 09:00:00,7.429,44.59,5.32,795.43,31.62,Decreasing,NORMAL,None
2025-04-04 10:00:00,7.533,102.44,6.11,779.29,31.89,Increasing,NORMAL,None
2025-04-04 11:00:00,7.463,115.39,5.42,794.7,31.65,Increasing,NORMAL,None
2025-04-04 12:00:00,7.418,38.72,2.92,783.1,31.75,Increasing,NORMAL,None
2025-04-04 13:00:00,7.348,48.42,1.92,781.03,32.21,Decreasing,NORMAL,None
2025-04-04 14:00:00,7.347,58.83,4.95,774.59,31.72,Decreasing,NORMAL,None
2025-04-04 15:00:00,7.205,80.63,3.62,750.77,31.99,Increasing,NORMAL,None
2025-04-04 16:00:00,7.324,38.74,3.41,751.79,31.32,Decreasing,NORMAL,None
2025-04-04 17:00:00,7.324,38.78,5.71,749.28,30.71,Decreasing,NORMAL,None
2025-04-04 18:00:00,7.312,65.98,4.94,764.76,30.18,Increasing,NORMAL,None
2025-04-04 19:00:00,7.405,30.0,4.02,748.35,30.17,Decreasing,NORMAL,None
2025-04-04 20:00:00,7.371,79.35,2.72,736.71,29.5,Increasing,NORMAL,None
2025-04-04 21:00:00,7.375,100.63,3.61,776.6,29.43,Increasing,NORMAL,None
2025-04-04 22:00:00,7.544,69.09,2.45,770.27,29.03,Increasing,NORMAL,None
2025-04-04 23:00:00,7.264,30.0,3.37,739.5,28.95,Decreasing,NORMAL,None
2025-04-05 00:00:00,7.41,30.0,4.6,739.41,28.04,Decreasing,NORMAL,None
2025-04-05 01:00:00,7.271,93.99,6.58,756.16,29.2,Increasing,NORMAL,None
2025-04-05 02:00:00,7.163,65.62,7.42,766.04,29.03,Decreasing,NORMAL,None
2025-04-05 03:00:00,7.378,105.2,6.85,788.15,29.42,Increasing,NORMAL,None
2025-04-05 04:00:00,7.344,55.69,4.75,792.55,29.38,Decreasing,NORMAL,None
2025-04-05 05:00:00,7.232,43.3,3.69,779.83,29.98,Increasing,NORMAL,None
2025-04-05 06:00:00,7.27,79.59,6.58,779.64,31.01,Increasing,NORMAL,None
2025-04-05 07:00:00,7.146,82.97,6.2,772.22,31.02,Decreasing,NORMAL,None
2025-04-05 08:00:00,7.413,30.0,6.7,778.1,31.31,Decreasing,NORMAL,None
2025-04-05 09:00:00,7.353,45.33,4.79,776.83,31.83,Decreasing,NORMAL,None
2025-04-05 10:00:00,7.23,75.99,5.66,776.4,32.6,Increasing,NORMAL,None
2025-04-05 11:00:00,7.494,44.46,7.27,757.6,32.47,Stable,NORMAL,None
2025-04-05 12:00:00,7.332,33.04,6.11,756.66,32.05,Decreasing,NORMAL,None
2025-04-05 13:00:00,7.431,71.37,6.66,770.63,32.12,Decreasing,NORMAL,None
2025-04-05 14:00:00,7.43,30.0,7.26,754.68,31.75,Stable,NORMAL,None
2025-04-05 15:00:00,7.119,84.07,4.67,760.18,32.07,Increasing,NORMAL,None
2025-04-05 16:00:00,7.39,40.49,5.26,748.04,31.68,Decreasing,NORMAL,None
2025-04-05 17:00:00,7.383,30.0,5.47,738.15,31.14,Decreasing,NORMAL,None
2025-04-05 18:00:00,7.435,39.24,3.75,740.69,30.13,Increasing,NORMAL,None
2025-04-05 19:00:00,7.31,61.85,4.1,744.24,30.1,Decreasing,NORMAL,None
2025-04-05 20:00:00,7.295,72.83,3.15,730.64,29.37,Increasing,NORMAL,None
2025-04-05 21:00:00,7.284,59.19,5.41,742.06,29.24,Decreasing,NORMAL,None
2025-04-05 22:00:00,7.397,33.41,5.62,736.18,28.8,Decreasing,NORMAL,None
2025-04-05 23:00:00,7.201,30.0,5.18,723.42,28.45,Stable,NORMAL,None
2025-04-06 00:00:00,7.273,66.24,5.22,726.99,28.84,Increasing,NORMAL,None
2025-04-06 01:00:00,7.382,50.45,6.72,758.33,29.31,Decreasing,NORMAL,None
2025-04-06 02:00:00,7.3,54.48,6.9,746.63,28.57,Decreasing,NORMAL,None
2025-04-06 03:00:00,7.238,91.12,7.55,768.76,29.35,Increasing,NORMAL,None
2025-04-06 04:00:00,7.414,71.12,8.7,740.84,29.59,Increasing,NORMAL,None
2025-04-06 05:00:00,7.333,49.02,7.07,719.0,29.53,Increasing,NORMAL,None
2025-04-06 06:00:00,7.322,67.66,6.37,725.44,30.67,Stable,NORMAL,None
2025-04-06 07:00:00,7.418,77.94,5.96,759.75,31.31,Increasing,NORMAL,None
2025-04-06 08:00:00,7.301,71.88,5.14,754.02,31.02,Increasing,NORMAL,None
2025-04-06 09:00:00,7.287,55.72,5.81,738.5,31.81,Decreasing,NORMAL,None
2025-04-06 10:00:00,7.415,92.51,5.05,757.39,31.35,Increasing,NORMAL,None
2025-04-06 11:00:00,7.299,56.68,4.94,737.25,32.55,Increasing,NORMAL,None
2025-04-06 12:00:00,7.359,54.35,4.54,729.84,32.31,Decreasing,NORMAL,None
2025-04-06 13:00:00,7.319,64.61,5.57,715.15,32.81,Decreasing,NORMAL,None
2025-04-06 14:00:00,7.366,79.61,8.77,731.81,31.94,Increasing,NORMAL,None
2025-04-06 15:00:00,7.494,30.0,7.51,731.38,32.27,Decreasing,NORMAL,None
2025-04-06 16:00:00,7.29,104.16,6.43,747.54,31.11,Increasing,NORMAL,None
2025-04-06 17:00:00,7.107,45.84,7.09,759.32,30.9,Decreasing,NORMAL,None
2025-04-06 18:00:00,7.457,64.17,7.56,729.49,31.0,Increasing,NORMAL,None
2025-04-06 19:00:00,7.282,64.57,7.64,721.37,30.05,Stable,NORMAL,None
2025-04-06 20:00:00,7.354,104.4,8.83,741.66,29.16,Increasing,NORMAL,None
2025-04-06 21:00:00,7.43,82.9,8.65,744.33,28.81,Increasing,NORMAL,None
2025-04-06 22:00:00,7.335,77.83,8.84,761.0,29.26,Decreasing,NORMAL,None
2025-04-06 23:00:00,7.237,85.23,7.52,752.49,29.24,Increasing,NORMAL,None
2025-04-07 00:00:00,7.418,68.81,6.87,761.46,29.19,Increasing,NORMAL,None
2025-04-07 01:00:00,7.195,66.63,7.56,764.27,28.67,Increasing,NORMAL,None
2025-04-07 02:00:00,7.375,59.91,8.05,771.44,29.02,Decreasing,NORMAL,None
2025-04-07 03:00:00,7.427,38.53,6.56,777.58,29.14,Decreasing,NORMAL,None
2025-04-07 04:00:00,7.264,45.39,4.91,790.89,29.44,Decreasing,NORMAL,None
2025-04-07 05:00:00,7.399,35.47,2.54,792.01,29.91,Decreasing,NORMAL,None
2025-04-07 06:00:00,7.374,41.74,2.42,795.05,30.15,Decreasing,NORMAL,None
2025-04-07 07:00:00,7.365,52.65,3.48,792.34,30.77,Decreasing,NORMAL,None
2025-04-07 08:00:00,7.199,45.06,4.01,793.12,30.9,Decreasing,NORMAL,None
2025-04-07 09:00:00,7.443,62.33,3.87,782.81,31.96,Increasing,NORMAL,None
2025-04-07 10:00:00,7.345,30.8,4.55,767.68,32.12,Decreasing,NORMAL,None
2025-04-07 11:00:00,7.255,75.6,6.32,772.5,32.08,Increasing,NORMAL,None
2025-04-07 12:00:00,7.382,91.02,6.08,780.75,32.64,Increasing,NORMAL,None
2025-04-07 13:00:00,7.305,37.85,6.04,778.36,31.91,Decreasing,NORMAL,None
2025-04-07 14:00:00,7.281,86.62,6.87,773.58,32.09,Increasing,NORMAL,None
2025-04-07 15:00:00,7.301,84.5,7.65,769.61,31.68,Increasing,NORMAL,None
2025-04-07 16:00:00,7.204,50.66,7.18,775.06,31.54,Increasing,NORMAL,None
2025-04-07 17:00:00,7.381,30.0,5.43,755.24,31.0,Decreasing,NORMAL,None
2025-04-07 18:00:00,7.397,109.74,6.14,747.07,30.27,Increasing,NORMAL,None
2025-04-07 19:00:00,7.268,66.83,6.56,768.92,30.65,Increasing,NORMAL,None
2025-04-07 20:00:00,7.428,71.33,6.06,768.57,29.12,Decreasing,NORMAL,None
2025-04-07 21:00:00,7.266,57.88,9.14,761.5,28.69,Decreasing,NORMAL,None
2025-04-07 22:00:00,7.301,101.19,8.03,785.06,28.78,Increasing,NORMAL,None
2025-04-07 23:00:00,7.345,139.85,15.8,816.31,29.0,Increasing,NORMAL,None
2025-04-08 00:00:00,7.39,94.09,13.51,828.45,28.72,Decreasing,NORMAL,None
2025-04-08 01:00:00,7.326,71.91,11.67,838.44,28.86,Increasing,NORMAL,None
2025-04-08 02:00:00,7.346,82.38,11.31,823.2,28.69,Increasing,NORMAL,None
2025-04-08 03:00:00,7.452,69.65,12.34,833.33,29.21,Increasing,NORMAL,None
2025-04-08 04:00:00,7.275,32.55,9.4,826.31,29.62,Decreasing,NORMAL,None
2025-04-08 05:00:00,7.33,81.87,10.18,837.29,29.59,Decreasing,NORMAL,None
2025-04-08 06:00:00,7.426,56.2,9.76,830.92,30.07,Decreasing,NORMAL,None
2025-04-08 07:00:00,7.366,30.0,7.33,817.2,31.11,Decreasing,NORMAL,None
2025-04-08 08:00:00,7.434,61.43,6.25,841.69,31.03,Decreasing,NORMAL,None
2025-04-08 09:00:00,7.275,46.49,6.96,859.06,31.78,Decreasing,NORMAL,None
2025-04-08 10:00:00,7.402,30.49,5.34,841.05,32.54,Decreasing,NORMAL,None
2025-04-08 11:00:00,7.562,90.32,4.41,842.13,31.6,Increasing,NORMAL,None
2025-04-08 12:00:00,7.289,40.15,12.55,843.12,32.54,Decreasing,NORMAL,None
2025-04-08 13:00:00,7.315,67.53,13.48,844.32,32.23,Increasing,NORMAL,None
2025-04-08 14:00:00,7.229,73.98,12.33,853.14,31.88,Increasing,NORMAL,None
2025-04-08 15:00:00,7.342,71.78,11.54,850.57,31.6,Increasing,NORMAL,None
2025-04-08 16:00:00,7.408,30.36,11.59,850.72,31.42,Stable,NORMAL,None
2025-04-08 17:00:00,7.268,67.91,10.33,860.14,30.97,Decreasing,NORMAL,None
2025-04-08 18:00:00,7.237,84.39,9.55,823.74,30.4,Increasing,NORMAL,None
2025-04-08 19:00:00,7.251,94.91,8.35,834.92,30.16,Increasing,NORMAL,None
2025-04-08 20:00:00,7.366,60.1,8.18,821.19,29.27,Decreasing,NORMAL,None
2025-04-08 21:00:00,7.523,78.44,10.85,829.42,29.19,Increasing,NORMAL,None
2025-04-08 22:00:00,7.146,120.93,9.27,854.81,28.7,Increasing,NORMAL,None
2025-04-08 23:00:00,7.3,78.86,7.41,849.44,28.42,Increasing,NORMAL,None
2025-04-09 00:00:00,7.367,98.43,7.83,847.99,28.74,Increasing,NORMAL,None
2025-04-09 01:00:00,7.238,80.73,6.26,839.61,29.07,Decreasing,NORMAL,None
2025-04-09 02:00:00,7.232,55.37,5.69,848.12,28.5,Decreasing,NORMAL,None
2025-04-09 03:00:00,7.415,60.71,5.0,858.69,29.0,Decreasing,NORMAL,None
2025-04-09 04:00:00,7.406,38.58,7.43,850.53,29.18,Decreasing,NORMAL,None
2025-04-09 05:00:00,7.347,56.95,8.95,849.13,30.22,Decreasing,NORMAL,None
2025-04-09 06:00:00,7.371,30.0,8.19,832.78,30.54,Decreasing,NORMAL,None
2025-04-09 07:00:00,7.286,97.82,7.87,825.74,30.84,Increasing,NORMAL,None
2025-04-09 08:00:00,7.277,68.21,6.86,824.45,31.33,Increasing,NORMAL,None
2025-04-09 09:00:00,7.489,88.13,8.06,837.7,31.3,Increasing,NORMAL,None
2025-04-09 10:00:00,7.151,82.37,6.91,854.9,32.28,Increasing,NORMAL,None
2025-04-09 11:00:00,7.395,49.28,8.89,872.11,31.82,Decreasing,NORMAL,None
2025-04-09 12:00:00,7.365,92.76,6.68,883.14,31.64,Increasing,NORMAL,None
2025-04-09 13:00:00,7.493,63.47,6.44,854.65,32.36,Decreasing,NORMAL,None
2025-04-09 14:00:00,7.086,82.98,6.37,860.02,31.61,Increasing,NORMAL,None
2025-04-09 15:00:00,7.443,53.09,5.67,865.06,32.1,Decreasing,NORMAL,None
2025-04-09 16:00:00,7.216,57.23,3.52,836.55,31.72,Decreasing,NORMAL,None
2025-04-09 17:00:00,7.241,49.41,4.58,831.1,30.96,Stable,NORMAL,None
2025-04-09 18:00:00,7.435,67.48,3.74,856.52,30.29,Decreasing,NORMAL,None
2025-04-09 19:00:00,7.392,72.39,5.53,864.74,29.65,Increasing,NORMAL,None
2025-04-09 20:00:00,7.249,90.33,4.63,847.75,29.57,Increasing,NORMAL,None
2025-04-09 21:00:00,7.485,54.5,5.03,860.78,29.2,Stable,NORMAL,None
2025-04-09 22:00:00,7.32,83.79,6.54,858.62,28.54,Increasing,NORMAL,None
2025-04-09 23:00:00,7.198,104.87,6.95,860.85,28.87,Increasing,NORMAL,None
2025-04-10 00:00:00,7.454,70.85,7.71,864.34,28.92,Increasing,NORMAL,None
2025-04-10 01:00:00,7.435,30.0,7.73,839.95,28.4,Decreasing,NORMAL,None
2025-04-10 02:00:00,7.269,65.63,7.21,831.92,29.0,Decreasing,NORMAL,None
2025-04-10 03:00:00,7.206,81.87,8.98,830.89,28.81,Increasing,NORMAL,None
2025-04-10 04:00:00,7.248,85.48,10.24,817.82,29.75,Stable,NORMAL,None
2025-04-10 05:00:00,7.175,113.56,12.92,815.01,30.42,Increasing,NORMAL,None
2025-04-10 06:00:00,7.139,91.54,12.61,819.09,30.62,Increasing,NORMAL,None
2025-04-10 07:00:00,7.264,87.48,10.34,831.7,31.19,Increasing,NORMAL,None
2025-04-10 08:00:00,7.524,56.13,7.83,817.4,31.01,Decreasing,NORMAL,None
2025-04-10 09:00:00,7.551,47.76,8.87,844.87,32.0,Decreasing,NORMAL,None
2025-04-10 10:00:00,7.441,48.73,7.58,834.12,32.15,Decreasing,NORMAL,None
2025-04-10 11:00:00,7.507,40.07,7.68,814.66,31.82,Decreasing,NORMAL,None
2025-04-10 12:00:00,7.412,106.2,7.33,804.98,32.41,Increasing,NORMAL,None
2025-04-10 13:00:00,7.416,49.37,5.15,821.74,32.17,Decreasing,NORMAL,None
2025-04-10 14:00:00,7.326,30.0,4.86,807.15,31.77,Decreasing,NORMAL,None
2025-04-10 15:00:00,7.338,148.0,9.82,828.55,31.7,Increasing,NORMAL,None
2025-04-10 16:00:00,7.419,104.63,9.04,840.19,31.15,Increasing,NORMAL,None
2025-04-10 17:00:00,7.457,35.65,7.96,823.97,30.74,Decreasing,NORMAL,None
2025-04-10 18:00:00,7.382,36.43,6.55,827.3,30.85,Decreasing,NORMAL,None
2025-04-10 19:00:00,7.538,78.31,6.92,822.95,29.9,Increasing,NORMAL,None
2025-04-10 20:00:00,7.272,73.15,7.13,825.85,29.55,Increasing,NORMAL,None
2025-04-10 21:00:00,7.459,76.71,6.47,798.05,29.39,Decreasing,NORMAL,None
2025-04-10 22:00:00,7.247,64.55,6.34,805.27,28.69,Decreasing,NORMAL,None
2025-04-10 23:00:00,7.182,99.93,7.78,813.95,28.86,Increasing,NORMAL,None
2025-04-11 00:00:00,7.276,132.15,10.54,828.08,29.01,Increasing,NORMAL,None
2025-04-11 01:00:00,7.32,59.86,6.92,815.95,28.66,Decreasing,NORMAL,None
2025-04-11 02:00:00,7.423,129.24,7.47,796.07,28.76,Increasing,NORMAL,None
2025-04-11 03:00:00,7.357,48.46,6.99,789.58,29.55,Decreasing,NORMAL,None
2025-04-11 04:00:00,7.31,30.0,5.25,797.25,29.87,Decreasing,NORMAL,None
2025-04-11 05:00:00,7.426,53.79,5.46,811.38,30.22,Decreasing,NORMAL,None
2025-04-11 06:00:00,7.341,69.42,4.39,830.27,30.16,Decreasing,NORMAL,None
2025-04-11 07:00:00,7.308,81.75,3.72,810.63,31.48,Increasing,NORMAL,None
2025-04-11 08:00:00,7.285,51.21,4.33,811.59,30.9,Decreasing,NORMAL,None
2025-04-11 09:00:00,7.442,70.76,5.0,812.79,32.14,Increasing,NORMAL,None
2025-04-11 10:00:00,7.293,128.85,6.16,846.52,32.43,Increasing,NORMAL,None
2025-04-11 11:00:00,7.268,63.11,5.75,847.27,32.23,Increasing,NORMAL,None
2025-04-11 12:00:00,7.281,67.27,5.97,849.07,32.62,Decreasing,NORMAL,None
2025-04-11 13:00:00,7.399,46.62,5.16,860.51,31.8,Decreasing,NORMAL,None
2025-04-11 14:00:00,7.192,46.26,3.77,856.22,32.41,Decreasing,NORMAL,None
2025-04-11 15:00:00,7.375,85.94,1.06,865.39,31.78,Increasing,NORMAL,None
2025-04-11 16:00:00,7.213,61.3,2.98,847.23,31.38,Decreasing,NORMAL,None
2025-04-11 17:00:00,7.142,43.54,3.3,854.12,30.84,Decreasing,NORMAL,None
2025-04-11 18:00:00,7.431,30.0,3.82,833.69,30.1,Decreasing,NORMAL,None
2025-04-11 19:00:00,7.497,30.0,3.78,810.05,29.97,Decreasing,NORMAL,None
2025-04-11 20:00:00,7.231,48.19,4.25,791.15,29.8,Increasing,NORMAL,None
2025-04-11 21:00:00,7.429,30.0,3.55,795.44,29.01,Decreasing,NORMAL,None
2025-04-11 22:00:00,7.335,99.39,4.7,790.69,29.26,Increasing,NORMAL,None
2025-04-11 23:00:00,7.371,89.52,6.54,799.35,28.62,Increasing,NORMAL,None
2025-04-12 00:00:00,7.348,109.4,7.82,810.07,28.79,Increasing,NORMAL,None
2025-04-12 01:00:00,7.376,91.52,6.16,814.44,28.56,Increasing,NORMAL,None
2025-04-12 02:00:00,7.511,92.98,6.3,819.01,29.19,Increasing,NORMAL,None
2025-04-12 03:00:00,7.286,57.13,7.27,799.52,29.7,Increasing,NORMAL,None
2025-04-12 04:00:00,7.412,30.0,7.66,772.91,29.62,Decreasing,NORMAL,None
2025-04-12 05:00:00,7.308,77.57,8.11,784.74,30.47,Decreasing,NORMAL,None
2025-04-12 06:00:00,7.303,30.0,7.17,774.08,30.66,Decreasing,NORMAL,None
2025-04-12 07:00:00,7.373,82.24,5.41,786.62,31.28,Decreasing,NORMAL,None
2025-04-12 08:00:00,7.447,68.98,5.56,802.58,31.48,Decreasing,NORMAL,None
2025-04-12 09:00:00,7.444,58.35,5.89,808.71,32.37,Stable,NORMAL,None
2025-04-12 10:00:00,7.256,81.7,5.66,791.35,31.88,Increasing,NORMAL,None
2025-04-12 11:00:00,7.318,39.12,5.55,750.01,32.67,Decreasing,NORMAL,None
2025-04-12 12:00:00,7.42,41.48,4.35,778.19,32.43,Increasing,NORMAL,None
2025-04-12 13:00:00,7.536,46.04,4.5,775.65,32.22,Decreasing,NORMAL,None
2025-04-12 14:00:00,7.519,30.0,6.24,751.09,32.04,Decreasing,NORMAL,None
2025-04-12 15:00:00,7.318,199.17,28.71,774.82,32.13,Increasing,NORMAL,None
2025-04-12 16:00:00,7.46,163.85,25.16,797.08,31.96,Increasing,NORMAL,None
2025-04-12 17:00:00,7.421,77.7,21.61,796.28,31.14,Increasing,NORMAL,None
2025-04-12 18:00:00,7.263,83.28,18.6,800.01,30.79,Increasing,NORMAL,None
2025-04-12 19:00:00,7.233,130.56,19.71,775.36,29.85,Increasing,NORMAL,None
2025-04-12 20:00:00,7.243,125.75,20.13,796.5,29.4,Increasing,NORMAL,None
2025-04-12 21:00:00,7.255,153.74,26.47,802.71,29.13,Decreasing,NORMAL,None
2025-04-12 22:00:00,7.039,165.68,22.22,812.09,29.14,Stable,NORMAL,None
2025-04-12 23:00:00,7.206,117.28,19.71,805.21,28.89,Increasing,NORMAL,None
2025-04-13 00:00:00,7.385,109.13,17.79,800.32,28.88,Increasing,NORMAL,None
2025-04-13 01:00:00,7.358,102.67,17.42,806.51,29.03,Decreasing,NORMAL,None
2025-04-13 02:00:00,7.26,105.48,17.68,827.68,28.53,Decreasing,NORMAL,None
2025-04-13 03:00:00,7.38,93.62,15.31,803.77,29.33,Decreasing,NORMAL,None
2025-04-13 04:00:00,7.211,124.01,12.4,801.88,29.59,Decreasing,NORMAL,None
2025-04-13 05:00:00,7.444,62.7,11.89,794.61,29.5,Decreasing,NORMAL,None
2025-04-13 06:00:00,7.266,74.51,10.91,804.45,30.81,Decreasing,NORMAL,None
2025-04-13 07:00:00,7.319,111.35,10.84,811.47,30.91,Increasing,NORMAL,None
2025-04-13 08:00:00,7.256,100.2,10.3,823.62,31.79,Decreasing,NORMAL,None
2025-04-13 09:00:00,7.325,136.06,11.16,823.6,32.43,Increasing,NORMAL,None
2025-04-13 10:00:00,7.282,73.94,9.56,828.43,31.8,Decreasing,NORMAL,None
2025-04-13 11:00:00,7.29,43.86,7.66,820.38,31.62,Decreasing,NORMAL,None
2025-04-13 12:00:00,7.193,62.02,7.74,812.44,32.22,Decreasing,NORMAL,None
2025-04-13 13:00:00,7.395,78.71,6.18,798.8,32.0,Decreasing,NORMAL,None
2025-04-13 14:00:00,7.294,68.56,5.84,798.59,32.55,Decreasing,NORMAL,None
2025-04-13 15:00:00,7.491,41.96,5.17,815.95,31.26,Decreasing,NORMAL,None
2025-04-13 16:00:00,7.211,30.0,4.28,799.13,31.46,Decreasing,NORMAL,None
2025-04-13 17:00:00,7.384,81.21,2.03,806.93,31.34,Increasing,NORMAL,None
2025-04-13 18:00:00,7.287,150.95,14.28,833.09,30.09,Increasing,NORMAL,None
2025-04-13 19:00:00,7.306,61.88,14.49,838.28,29.8,Decreasing,NORMAL,None
2025-04-13 20:00:00,7.255,114.12,15.26,848.57,29.34,Increasing,NORMAL,None
2025-04-13 21:00:00,7.456,97.29,15.27,868.33,29.37,Increasing,NORMAL,None
2025-04-13 22:00:00,7.328,77.67,11.16,870.83,28.8,Increasing,NORMAL,None
2025-04-13 23:00:00,7.307,70.96,10.93,866.73,28.88,Decreasing,NORMAL,None
2025-04-14 00:00:00,7.469,45.38,9.43,869.72,29.15,Decreasing,NORMAL,None
2025-04-14 01:00:00,7.377,78.08,9.42,854.54,28.74,Increasing,NORMAL,None
2025-04-14 02:00:00,7.391,79.74,8.03,854.52,28.63,Decreasing,NORMAL,None
2025-04-14 03:00:00,7.47,74.46,9.85,850.63,29.59,Decreasing,NORMAL,None
2025-04-14 04:00:00,7.31,92.7,8.78,858.06,29.06,Increasing,NORMAL,None
2025-04-14 05:00:00,7.415,98.05,6.71,853.69,29.76,Increasing,NORMAL,None
2025-04-14 06:00:00,7.375,71.4,6.51,840.84,30.16,Increasing,NORMAL,None
2025-04-14 07:00:00,7.287,88.14,8.02,848.61,30.79,Increasing,NORMAL,None
2025-04-14 08:00:00,7.462,89.51,6.32,833.77,31.08,Increasing,NORMAL,None
2025-04-14 09:00:00,7.262,49.05,7.0,830.79,31.78,Decreasing,NORMAL,None
2025-04-14 10:00:00,7.137,42.35,4.35,828.34,32.79,Decreasing,NORMAL,None
2025-04-14 11:00:00,7.315,62.13,5.8,815.14,31.52,Decreasing,NORMAL,None
2025-04-14 12:00:00,7.29,53.7,4.28,793.72,32.5,Decreasing,NORMAL,None
2025-04-14 13:00:00,7.392,48.98,5.12,787.3,32.13,Decreasing,NORMAL,None
2025-04-14 14:00:00,7.4,42.41,5.49,785.86,32.14,Decreasing,NORMAL,None
2025-04-14 15:00:00,7.376,50.18,8.53,777.38,31.56,Stable,NORMAL,None
2025-04-14 16:00:00,7.198,38.85,9.89,760.04,31.51,Decreasing,NORMAL,None
2025-04-14 17:00:00,7.322,85.17,9.86,728.89,30.45,Increasing,NORMAL,None
2025-04-14 18:00:00,7.336,81.89,8.19,730.74,30.4,Increasing,NORMAL,None
2025-04-14 19:00:00,7.287,103.64,6.97,757.18,29.77,Increasing,NORMAL,None
2025-04-14 20:00:00,7.292,93.09,5.64,784.18,29.66,Increasing,NORMAL,None
2025-04-14 21:00:00,7.455,61.27,5.96,771.74,29.4,Increasing,NORMAL,None
2025-04-14 22:00:00,7.208,82.86,4.91,795.12,28.53,Increasing,NORMAL,None
2025-04-14 23:00:00,7.391,81.08,4.14,810.7,28.74,Decreasing,NORMAL,None
2025-04-15 00:00:00,7.388,69.99,4.94,831.35,29.13,Decreasing,NORMAL,None
2025-04-15 01:00:00,7.392,71.5,6.45,838.09,29.09,Decreasing,NORMAL,None
2025-04-15 02:00:00,7.356,82.07,5.75,824.01,29.3,Decreasing,NORMAL,None
2025-04-15 03:00:00,7.351,65.6,5.82,847.47,28.66,Increasing,NORMAL,None
2025-04-15 04:00:00,7.28,30.0,5.29,846.13,29.61,Decreasing,NORMAL,None
2025-04-15 05:00:00,7.275,82.63,5.15,833.13,29.91,Stable,NORMAL,None
2025-04-15 06:00:00,7.492,30.0,5.58,819.42,30.47,Decreasing,NORMAL,None
2025-04-15 07:00:00,7.479,60.51,5.4,827.82,30.97,Decreasing,NORMAL,None
2025-04-15 08:00:00,7.356,37.18,5.88,804.91,31.65,Decreasing,NORMAL,None
2025-04-15 09:00:00,7.388,38.14,5.67,795.49,31.1,Decreasing,NORMAL,None
2025-04-15 10:00:00,7.361,53.39,3.34,802.28,32.42,Increasing,NORMAL,None
2025-04-15 11:00:00,7.492,30.0,4.96,792.06,32.52,Decreasing,NORMAL,None
2025-04-15 12:00:00,7.283,79.52,5.58,791.89,32.17,Increasing,NORMAL,None
2025-04-15 13:00:00,7.429,38.12,4.56,753.68,32.15,Decreasing,NORMAL,None
2025-04-15 14:00:00,7.499,50.2,5.93,751.86,31.77,Increasing,NORMAL,None
2025-04-15 15:00:00,7.388,30.0,4.46,742.18,31.58,Decreasing,NORMAL,None
2025-04-15 16:00:00,7.334,76.89,4.02,750.32,31.18,Increasing,NORMAL,None
2025-04-15 17:00:00,7.335,91.14,4.23,770.49,30.61,Increasing,NORMAL,None
2025-04-15 18:00:00,7.423,70.05,3.22,780.81,30.48,Decreasing,NORMAL,None
2025-04-15 19:00:00,7.411,71.88,2.44,802.66,29.66,Increasing,NORMAL,None
2025-04-15 20:00:00,7.456,34.65,1.2,795.55,29.19,Decreasing,NORMAL,None
2025-04-15 21:00:00,7.467,38.31,1.36,788.7,29.13,Increasing,NORMAL,None
2025-04-15 22:00:00,7.419,30.0,1.77,811.97,29.28,Decreasing,NORMAL,None
2025-04-15 23:00:00,7.314,42.58,1.0,789.81,29.02,Decreasing,NORMAL,None
2025-04-16 00:00:00,7.437,41.45,1.0,779.92,28.31,Decreasing,NORMAL,None
2025-04-16 01:00:00,7.269,30.0,1.0,764.5,28.72,Decreasing,NORMAL,None
2025-04-16 02:00:00,7.264,90.3,1.92,754.39,28.92,Increasing,NORMAL,None
2025-04-16 03:00:00,7.428,43.35,3.99,751.21,28.91,Increasing,NORMAL,None
2025-04-16 04:00:00,7.588,30.0,3.61,749.37,30.02,Stable,NORMAL,None
2025-04-16 05:00:00,7.39,58.45,3.38,741.85,29.58,Increasing,NORMAL,None
2025-04-16 06:00:00,7.347,58.08,4.25,752.87,30.18,Increasing,NORMAL,None
2025-04-16 07:00:00,7.334,53.75,4.71,763.92,31.2,Increasing,NORMAL,None
2025-04-16 08:00:00,7.305,53.05,5.76,775.52,30.85,Decreasing,NORMAL,None
2025-04-16 09:00:00,7.538,30.0,5.23,772.09,31.62,Decreasing,NORMAL,None
2025-04-16 10:00:00,7.389,107.31,5.46,775.07,31.77,Increasing,NORMAL,None
2025-04-16 11:00:00,7.436,30.0,5.78,766.68,31.98,Decreasing,NORMAL,None
2025-04-16 12:00:00,7.317,61.38,7.05,778.88,32.28,Increasing,NORMAL,None
2025-04-16 13:00:00,7.398,30.0,4.19,769.49,32.42,Decreasing,NORMAL,None
2025-04-16 14:00:00,7.47,62.64,4.04,761.86,32.16,Increasing,NORMAL,None
2025-04-16 15:00:00,7.275,82.59,4.88,757.67,31.66,Increasing,NORMAL,None
2025-04-16 16:00:00,7.316,42.64,5.59,745.46,31.24,Decreasing,NORMAL,None
2025-04-16 17:00:00,7.272,54.01,6.17,736.32,31.41,Increasing,NORMAL,None
2025-04-16 18:00:00,7.295,55.34,4.09,744.95,30.2,Decreasing,NORMAL,None
2025-04-16 19:00:00,7.438,43.51,3.59,770.08,30.23,Increasing,NORMAL,None
2025-04-16 20:00:00,7.266,71.38,4.44,785.06,29.52,Increasing,NORMAL,None
2025-04-16 21:00:00,7.532,57.28,3.76,811.65,28.93,Decreasing,NORMAL,None
2025-04-16 22:00:00,7.398,38.92,2.18,815.82,29.29,Decreasing,NORMAL,None
2025-04-16 23:00:00,7.349,30.0,2.34,800.64,29.1,Decreasing,NORMAL,None
2025-04-17 00:00:00,7.314,74.75,2.28,801.21,28.03,Increasing,NORMAL,None
2025-04-17 01:00:00,7.275,55.58,2.74,799.1,28.89,Increasing,NORMAL,None
2025-04-17 02:00:00,7.295,61.01,2.38,789.03,28.96,Decreasing,NORMAL,None
2025-04-17 03:00:00,7.446,59.34,5.52,774.25,28.9,Increasing,NORMAL,None
2025-04-17 04:00:00,7.274,55.7,6.08,794.6,29.88,Increasing,NORMAL,None
2025-04-17 05:00:00,7.408,50.83,4.59,785.78,29.57,Increasing,NORMAL,None
2025-04-17 06:00:00,7.205,99.99,5.69,809.64,30.05,Increasing,NORMAL,None
2025-04-17 07:00:00,7.458,51.07,4.81,808.4,30.94,Decreasing,NORMAL,None
2025-04-17 08:00:00,7.399,60.43,5.31,799.91,31.24,Stable,NORMAL,None
2025-04-17 09:00:00,7.245,62.99,4.48,831.33,31.67,Increasing,NORMAL,None
2025-04-17 10:00:00,7.399,51.85,7.26,825.14,32.0,Decreasing,NORMAL,None
2025-04-17 11:00:00,7.313,115.64,7.75,827.56,32.36,Increasing,NORMAL,None
2025-04-17 12:00:00,7.559,30.0,8.66,827.81,32.71,Decreasing,NORMAL,None
2025-04-17 13:00:00,7.191,105.11,13.31,840.08,32.21,Increasing,NORMAL,None
2025-04-17 14:00:00,7.36,95.89,12.94,845.55,31.97,Increasing,NORMAL,None
2025-04-17 15:00:00,7.227,73.49,11.51,849.22,31.41,Increasing,NORMAL,None
2025-04-17 16:00:00,7.3,48.28,9.35,857.36,30.9,Decreasing,NORMAL,None
2025-04-17 17:00:00,7.3,103.33,10.28,871.55,30.6,Decreasing,NORMAL,None
2025-04-17 18:00:00,7.411,89.78,11.16,873.6,30.43,Increasing,NORMAL,None
2025-04-17 19:00:00,7.311,69.21,9.35,852.42,29.85,Decreasing,NORMAL,None
2025-04-17 20:00:00,7.494,71.95,8.19,824.96,29.59,Decreasing,NORMAL,None
2025-04-17 21:00:00,7.105,208.5,32.77,855.22,29.38,Increasing,NORMAL,None
2025-04-17 22:00:00,7.253,150.63,29.8,875.43,28.77,Increasing,NORMAL,None
2025-04-17 23:00:00,7.269,138.24,27.02,894.8,28.77,Increasing,NORMAL,None
2025-04-18 00:00:00,7.478,156.56,24.59,901.45,28.72,Increasing,NORMAL,None
2025-04-18 01:00:00,7.272,112.32,21.64,923.69,29.09,Increasing,NORMAL,None
2025-04-18 02:00:00,7.417,89.43,18.64,898.75,28.48,Increasing,NORMAL,None
2025-04-18 03:00:00,7.168,119.86,17.81,898.63,29.66,Decreasing,NORMAL,None
2025-04-18 04:00:00,7.243,81.43,16.25,881.22,29.24,Decreasing,NORMAL,None
2025-04-18 05:00:00,7.425,88.64,13.72,896.07,29.69,Decreasing,NORMAL,None
2025-04-18 06:00:00,7.409,103.9,14.36,913.14,30.5,Decreasing,NORMAL,None
2025-04-18 07:00:00,7.159,91.68,14.0,945.01,30.92,Decreasing,NORMAL,None
2025-04-18 08:00:00,7.152,113.15,18.23,946.09,31.56,Increasing,NORMAL,None
2025-04-18 09:00:00,7.386,100.43,17.23,933.73,31.6,Decreasing,NORMAL,None
2025-04-18 10:00:00,7.358,98.89,16.85,920.8,31.22,Increasing,NORMAL,None
2025-04-18 11:00:00,7.252,139.92,15.97,895.12,31.9,Increasing,NORMAL,None
2025-04-18 12:00:00,7.38,175.16,15.34,903.78,31.61,Increasing,NORMAL,None
2025-04-18 13:00:00,7.439,62.8,14.24,886.45,32.28,Decreasing,NORMAL,None
2025-04-18 14:00:00,7.274,104.83,11.88,880.24,31.74,Decreasing,NORMAL,None
2025-04-18 15:00:00,7.377,86.85,12.32,887.78,31.84,Decreasing,NORMAL,None
2025-04-18 16:00:00,7.341,93.25,11.63,880.84,30.97,Decreasing,NORMAL,None
2025-04-18 17:00:00,7.298,49.97,11.15,868.88,31.27,Decreasing,NORMAL,None
2025-04-18 18:00:00,7.282,98.89,11.35,871.55,30.95,Decreasing,NORMAL,None
2025-04-18 19:00:00,7.462,64.09,8.73,874.66,29.91,Stable,NORMAL,None
2025-04-18 20:00:00,7.412,91.31,8.31,858.87,29.52,Decreasing,NORMAL,None
2025-04-18 21:00:00,7.462,86.4,8.18,840.73,29.06,Stable,NORMAL,None
2025-04-18 22:00:00,7.325,109.59,8.97,835.37,29.03,Increasing,NORMAL,None
2025-04-18 23:00:00,7.288,103.04,11.14,834.37,29.09,Increasing,NORMAL,None
2025-04-19 00:00:00,7.283,99.57,9.14,822.22,28.92,Stable,NORMAL,None
2025-04-19 01:00:00,7.299,50.81,8.57,821.83,28.43,Decreasing,NORMAL,None
2025-04-19 02:00:00,7.308,71.34,8.43,821.93,28.66,Decreasing,NORMAL,None
2025-04-19 03:00:00,7.218,35.42,6.85,795.03,29.22,Decreasing,NORMAL,None
2025-04-19 04:00:00,7.319,89.84,6.48,808.69,28.8,Decreasing,NORMAL,None
2025-04-19 05:00:00,7.552,73.05,7.74,792.61,30.16,Decreasing,NORMAL,None
2025-04-19 06:00:00,7.439,55.08,5.82,783.93,30.25,Decreasing,NORMAL,None
2025-04-19 07:00:00,7.429,31.48,6.97,776.61,31.21,Decreasing,NORMAL,None
2025-04-19 08:00:00,7.429,36.97,7.13,772.73,31.87,Decreasing,NORMAL,None
2025-04-19 09:00:00,7.516,30.0,5.63,774.84,31.58,Decreasing,NORMAL,None
2025-04-19 10:00:00,7.511,63.26,5.53,762.5,31.93,Decreasing,NORMAL,None
2025-04-19 11:00:00,7.358,50.3,4.82,781.83,32.5,Decreasing,NORMAL,None
2025-04-19 12:00:00,7.385,50.24,5.44,771.66,31.92,Decreasing,NORMAL,None
2025-04-19 13:00:00,7.436,30.0,4.78,803.73,32.09,Decreasing,NORMAL,None
2025-04-19 14:00:00,7.274,62.78,5.72,788.5,31.83,Increasing,NORMAL,None
2025-04-19 15:00:00,7.314,70.41,5.97,791.96,31.36,Increasing,NORMAL,None
2025-04-19 16:00:00,7.335,95.99,5.02,793.78,31.11,Increasing,NORMAL,None
2025-04-19 17:00:00,7.455,30.0,4.57,817.32,31.22,Decreasing,NORMAL,None
2025-04-19 18:00:00,7.356,52.63,3.11,819.39,30.55,Increasing,NORMAL,None
2025-04-19 19:00:00,7.189,71.18,3.74,820.23,30.0,Increasing,NORMAL,None
2025-04-19 20:00:00,7.507,33.09,4.46,815.84,29.44,Decreasing,NORMAL,None
2025-04-19 21:00:00,7.247,70.15,5.19,804.71,29.37,Stable,NORMAL,None
2025-04-19 22:00:00,7.387,30.0,3.59,795.34,29.51,Decreasing,NORMAL,None
2025-04-19 23:00:00,7.366,95.62,2.55,819.47,28.15,Increasing,NORMAL,None
2025-04-20 00:00:00,7.307,58.18,3.04,814.5,28.27,Increasing,NORMAL,None
2025-04-20 01:00:00,7.442,48.18,2.55,824.6,28.11,Decreasing,NORMAL,None
2025-04-20 02:00:00,7.294,77.79,5.29,824.15,29.09,Increasing,NORMAL,None
2025-04-20 03:00:00,7.45,46.5,4.65,810.98,29.42,Decreasing,NORMAL,None
2025-04-20 04:00:00,7.504,30.0,5.71,801.03,29.13,Stable,NORMAL,None
2025-04-20 05:00:00,7.312,54.51,4.89,808.0,30.46,Decreasing,NORMAL,None
2025-04-20 06:00:00,7.566,49.71,2.82,805.84,30.89,Decreasing,NORMAL,None
2025-04-20 07:00:00,7.246,78.04,4.5,825.77,31.16,Increasing,NORMAL,None
2025-04-20 08:00:00,7.281,53.32,2.88,836.02,30.99,Decreasing,NORMAL,None
2025-04-20 09:00:00,7.386,30.0,2.43,827.96,31.89,Decreasing,NORMAL,None
2025-04-20 10:00:00,7.39,30.0,4.25,805.97,31.9,Stable,NORMAL,None
2025-04-20 11:00:00,7.408,43.29,4.13,819.78,32.25,Decreasing,NORMAL,None
2025-04-20 12:00:00,7.347,33.64,4.38,818.14,31.95,Decreasing,NORMAL,None
2025-04-20 13:00:00,7.31,31.0,4.47,794.04,32.12,Decreasing,NORMAL,None
2025-04-20 14:00:00,7.425,43.03,3.49,773.7,31.44,Decreasing,NORMAL,None
2025-04-20 15:00:00,7.267,79.58,4.02,776.75,31.89,Increasing,NORMAL,None
2025-04-20 16:00:00,7.32,83.18,3.66,778.45,31.32,Increasing,NORMAL,None
2025-04-20 17:00:00,7.42,48.65,1.7,784.54,30.91,Increasing,NORMAL,None
2025-04-20 18:00:00,7.378,52.07,2.03,768.85,30.09,Increasing,NORMAL,None
2025-04-20 19:00:00,7.3,92.6,1.81,790.33,30.52,Increasing,NORMAL,None
2025-04-20 20:00:00,7.345,37.4,2.95,770.4,29.55,Decreasing,NORMAL,None
2025-04-20 21:00:00,7.372,73.97,2.82,778.16,29.65,Decreasing,NORMAL,None
2025-04-20 22:00:00,7.248,41.71,1.47,758.23,28.92,Decreasing,NORMAL,None
2025-04-20 23:00:00,7.364,51.25,1.0,761.4,28.91,Increasing,NORMAL,None
2025-04-21 00:00:00,7.537,39.16,3.97,750.67,28.76,Decreasing,NORMAL,None
2025-04-21 01:00:00,7.431,30.0,2.78,750.21,28.5,Decreasing,NORMAL,None
2025-04-21 02:00:00,7.556,42.21,1.67,753.54,28.66,Increasing,NORMAL,None
2025-04-21 03:00:00,7.207,30.0,1.49,732.11,28.95,Decreasing,NORMAL,None
2025-04-21 04:00:00,7.417,60.04,2.43,722.12,29.93,Increasing,NORMAL,None
2025-04-21 05:00:00,7.266,55.16,3.02,709.92,29.76,Increasing,NORMAL,None
2025-04-21 06:00:00,7.441,50.59,2.27,718.26,30.91,Increasing,NORMAL,None
2025-04-21 07:00:00,7.312,30.0,2.53,709.26,30.87,Stable,NORMAL,None
2025-04-21 08:00:00,7.419,89.32,4.38,699.95,31.31,Increasing,NORMAL,None
2025-04-21 09:00:00,7.321,57.38,2.67,706.12,31.67,Increasing,NORMAL,None
2025-04-21 10:00:00,7.313,34.83,2.0,720.51,32.27,Decreasing,NORMAL,None
2025-04-21 11:00:00,7.409,44.7,2.65,733.8,31.77,Decreasing,NORMAL,None
2025-04-21 12:00:00,7.361,77.72,3.82,727.86,31.58,Increasing,NORMAL,None
2025-04-21 13:00:00,7.332,45.57,3.15,753.1,32.17,Increasing,NORMAL,None
2025-04-21 14:00:00,7.321,110.07,3.13,767.28,31.97,Increasing,NORMAL,None
2025-04-21 15:00:00,7.223,50.4,4.59,782.05,31.84,Decreasing,NORMAL,None
2025-04-21 16:00:00,7.496,30.0,4.8,782.27,31.01,Decreasing,NORMAL,None
2025-04-21 17:00:00,7.254,52.26,5.35,781.27,30.76,Increasing,NORMAL,None
2025-04-21 18:00:00,7.284,46.73,3.41,761.38,30.63,Decreasing,NORMAL,None
2025-04-21 19:00:00,7.372,30.0,2.33,753.85,30.41,Decreasing,NORMAL,None
2025-04-21 20:00:00,7.303,30.0,2.9,758.0,29.91,Decreasing,NORMAL,None
2025-04-21 21:00:00,7.379,51.42,4.81,767.15,28.57,Stable,NORMAL,None
2025-04-21 22:00:00,7.616,51.65,5.45,765.49,28.61,Increasing,NORMAL,None
2025-04-21 23:00:00,7.41,97.82,7.01,760.8,28.5,Increasing,NORMAL,None
2025-04-22 00:00:00,7.326,59.96,6.3,770.18,29.07,Increasing,NORMAL,None
2025-04-22 01:00:00,7.449,83.61,7.28,774.94,28.45,Increasing,NORMAL,None
2025-04-22 02:00:00,7.423,54.54,5.82,781.62,28.66,Increasing,NORMAL,None
2025-04-22 03:00:00,7.214,99.23,5.99,773.57,29.53,Increasing,NORMAL,None
2025-04-22 04:00:00,7.251,41.87,5.81,760.52,29.39,Decreasing,NORMAL,None
2025-04-22 05:00:00,7.399,72.66,6.63,765.88,29.54,Decreasing,NORMAL,None
2025-04-22 06:00:00,7.299,63.63,5.64,770.41,30.06,Increasing,NORMAL,None
2025-04-22 07:00:00,7.312,56.15,5.59,780.64,30.74,Decreasing,NORMAL,None
2025-04-22 08:00:00,7.576,70.96,7.32,774.78,31.02,Increasing,NORMAL,None
2025-04-22 09:00:00,7.157,74.56,5.48,796.81,31.55,Decreasing,NORMAL,None
2025-04-22 10:00:00,7.389,39.61,6.57,807.91,31.92,Decreasing,NORMAL,None
2025-04-22 11:00:00,7.302,59.86,7.21,805.96,31.92,Decreasing,NORMAL,None
2025-04-22 12:00:00,7.344,89.76,6.7,801.39,31.75,Increasing,NORMAL,None
2025-04-22 13:00:00,7.358,103.99,8.21,824.32,32.38,Increasing,NORMAL,None
2025-04-22 14:00:00,7.406,30.0,6.6,814.84,32.03,Decreasing,NORMAL,None
2025-04-22 15:00:00,7.19,89.24,7.1,836.36,32.33,Increasing,NORMAL,None
2025-04-22 16:00:00,7.193,58.29,7.73,813.05,31.46,Increasing,NORMAL,None
2025-04-22 17:00:00,7.373,76.65,8.82,812.57,30.93,Increasing,NORMAL,None
2025-04-22 18:00:00,7.471,43.64,7.01,785.16,29.94,Decreasing,NORMAL,None
2025-04-22 19:00:00,7.197,112.51,5.96,792.74,30.14,Increasing,NORMAL,None
2025-04-22 20:00:00,7.241,30.0,4.05,792.93,29.47,Stable,NORMAL,None
2025-04-22 21:00:00,7.255,55.67,4.96,807.78,28.78,Decreasing,NORMAL,None
2025-04-22 22:00:00,7.419,45.0,5.88,817.71,28.99,Decreasing,NORMAL,None
2025-04-22 23:00:00,7.275,69.45,4.47,837.08,28.86,Decreasing,NORMAL,None
2025-04-23 00:00:00,7.248,63.72,4.78,837.09,27.97,Increasing,NORMAL,None
2025-04-23 01:00:00,7.366,51.46,2.92,838.54,28.27,Decreasing,NORMAL,None
2025-04-23 02:00:00,7.456,53.41,1.4,834.86,28.86,Increasing,NORMAL,None
2025-04-23 03:00:00,7.41,30.0,1.39,818.43,28.8,Decreasing,NORMAL,None
2025-04-23 04:00:00,7.465,78.04,1.12,804.47,29.13,Increasing,NORMAL,None
2025-04-23 05:00:00,7.556,74.06,1.0,817.2,29.82,Increasing,NORMAL,None
2025-04-23 06:00:00,7.462,48.3,1.0,825.32,30.39,Decreasing,NORMAL,None
2025-04-23 07:00:00,7.375,44.78,1.0,836.97,31.57,Decreasing,NORMAL,None
2025-04-23 08:00:00,7.591,36.9,1.0,820.71,31.47,Decreasing,NORMAL,None
2025-04-23 09:00:00,7.414,30.0,2.79,803.13,31.59,Stable,NORMAL,None
2025-04-23 10:00:00,7.5,56.67,1.52,790.8,31.59,Decreasing,NORMAL,None
2025-04-23 11:00:00,7.354,60.48,3.89,787.44,32.3,Decreasing,NORMAL,None
2025-04-23 12:00:00,7.414,57.56,2.84,784.3,32.12,Increasing,NORMAL,None
2025-04-23 13:00:00,7.301,35.58,3.14,786.14,32.66,Decreasing,NORMAL,None
2025-04-23 14:00:00,7.406,46.75,2.94,772.4,32.58,Increasing,NORMAL,None
2025-04-23 15:00:00,7.505,30.57,4.4,781.23,31.48,Stable,NORMAL,None
2025-04-23 16:00:00,7.307,38.68,3.79,780.87,31.16,Decreasing,NORMAL,None
2025-04-23 17:00:00,7.484,39.17,2.02,767.55,31.13,Decreasing,NORMAL,None
2025-04-23 18:00:00,7.461,65.93,1.86,782.51,30.0,Increasing,NORMAL,None
2025-04-23 19:00:00,7.464,30.0,2.77,779.97,29.67,Decreasing,NORMAL,None
2025-04-23 20:00:00,7.252,34.99,2.46,778.99,29.68,Decreasing,NORMAL,None
2025-04-23 21:00:00,7.152,104.22,10.2,777.41,28.74,Increasing,NORMAL,None
2025-04-23 22:00:00,7.425,30.0,9.7,756.02,28.3,Decreasing,NORMAL,None
2025-04-23 23:00:00,7.344,92.06,9.12,734.87,28.61,Increasing,NORMAL,None
2025-04-24 00:00:00,7.324,90.76,8.91,745.79,28.91,Increasing,NORMAL,None
2025-04-24 01:00:00,7.407,66.26,9.4,771.4,28.75,Increasing,NORMAL,None
2025-04-24 02:00:00,7.221,91.68,7.88,780.5,28.8,Increasing,NORMAL,None
2025-04-24 03:00:00,7.33,84.94,7.9,793.35,29.2,Decreasing,NORMAL,None
2025-04-24 04:00:00,7.458,39.61,6.9,795.33,29.28,Increasing,NORMAL,None
2025-04-24 05:00:00,7.179,88.87,6.48,787.39,29.23,Decreasing,NORMAL,None
2025-04-24 06:00:00,7.455,41.88,8.15,781.55,29.95,Decreasing,NORMAL,None
2025-04-24 07:00:00,7.179,78.86,8.39,798.93,31.28,Increasing,NORMAL,None
2025-04-24 08:00:00,7.5,31.36,8.69,770.7,31.59,Decreasing,NORMAL,None
2025-04-24 09:00:00,7.179,64.11,7.66,747.27,31.79,Decreasing,NORMAL,None
2025-04-24 10:00:00,7.422,74.36,8.62,754.87,31.91,Increasing,NORMAL,None
2025-04-24 11:00:00,7.285,94.18,8.6,740.87,32.55,Increasing,NORMAL,None
2025-04-24 12:00:00,7.326,83.04,8.12,743.82,32.12,Increasing,NORMAL,None
2025-04-24 13:00:00,7.312,66.67,6.74,745.08,31.92,Decreasing,NORMAL,None
2025-04-24 14:00:00,7.448,51.78,5.13,743.32,31.56,Increasing,NORMAL,None
2025-04-24 15:00:00,7.224,54.47,5.28,764.13,32.12,Decreasing,NORMAL,None
2025-04-24 16:00:00,7.297,72.59,4.98,768.88,31.22,Stable,NORMAL,None
2025-04-24 17:00:00,7.444,92.28,5.44,781.75,30.97,Stable,NORMAL,None
2025-04-24 18:00:00,7.336,35.3,4.71,775.17,29.91,Decreasing,NORMAL,None
2025-04-24 19:00:00,7.327,39.78,4.47,754.28,29.63,Decreasing,NORMAL,None
2025-04-24 20:00:00,7.476,61.97,4.85,757.38,30.02,Increasing,NORMAL,None
2025-04-24 21:00:00,7.283,37.33,5.21,799.89,28.82,Decreasing,NORMAL,None
2025-04-24 22:00:00,7.418,30.0,4.31,784.98,28.98,Decreasing,NORMAL,None
2025-04-24 23:00:00,7.165,51.69,6.55,775.52,28.5,Decreasing,NORMAL,None
2025-04-25 00:00:00,7.551,57.81,6.08,775.38,28.43,Increasing,NORMAL,None
2025-04-25 01:00:00,7.397,94.02,5.08,786.61,28.88,Increasing,NORMAL,None
2025-04-25 02:00:00,7.457,58.82,5.11,805.29,28.03,Decreasing,NORMAL,None
2025-04-25 03:00:00,7.298,92.25,8.29,799.82,28.8,Increasing,NORMAL,None
2025-04-25 04:00:00,7.237,83.05,9.92,801.96,29.3,Increasing,NORMAL,None
2025-04-25 05:00:00,7.473,52.55,8.89,806.5,30.25,Stable,NORMAL,None
2025-04-25 06:00:00,7.26,93.24,8.33,827.97,30.27,Increasing,NORMAL,None
2025-04-25 07:00:00,7.221,51.88,8.75,810.64,30.16,Decreasing,NORMAL,None
2025-04-25 08:00:00,7.247,106.35,9.46,811.43,31.54,Increasing,NORMAL,None
2025-04-25 09:00:00,7.365,72.49,8.79,824.04,31.8,Decreasing,NORMAL,None
2025-04-25 10:00:00,7.279,62.43,7.4,824.03,31.38,Decreasing,NORMAL,None
2025-04-25 11:00:00,7.354,100.05,8.49,833.22,31.88,Increasing,NORMAL,None
2025-04-25 12:00:00,7.396,60.22,8.89,816.1,31.83,Decreasing,NORMAL,None
2025-04-25 13:00:00,7.45,74.36,6.59,805.93,31.88,Increasing,NORMAL,None
2025-04-25 14:00:00,7.393,61.38,4.95,816.23,32.19,Decreasing,NORMAL,None
2025-04-25 15:00:00,7.254,36.13,5.5,815.51,31.33,Decreasing,NORMAL,None
2025-04-25 16:00:00,7.293,30.0,5.65,816.76,31.17,Decreasing,NORMAL,None
2025-04-25 17:00:00,7.497,46.04,4.06,817.18,30.78,Decreasing,NORMAL,None
2025-04-25 18:00:00,7.357,58.39,4.63,805.6,30.68,Decreasing,NORMAL,None
2025-04-25 19:00:00,7.232,63.87,9.64,778.55,29.79,Decreasing,NORMAL,None
2025-04-25 20:00:00,7.201,72.99,10.26,772.41,29.52,Increasing,NORMAL,None
2025-04-25 21:00:00,7.305,51.3,9.42,754.29,29.4,Increasing,NORMAL,None
2025-04-25 22:00:00,7.366,72.0,10.3,752.8,29.33,Increasing,NORMAL,None
2025-04-25 23:00:00,7.256,76.46,9.67,751.89,28.74,Increasing,NORMAL,None
2025-04-26 00:00:00,7.426,77.94,10.35,742.8,29.07,Increasing,NORMAL,None
2025-04-26 01:00:00,7.438,30.0,10.5,729.15,29.1,Decreasing,NORMAL,None
2025-04-26 02:00:00,7.517,69.86,9.56,730.17,28.8,Decreasing,NORMAL,None
2025-04-26 03:00:00,7.485,57.28,7.88,722.31,29.15,Increasing,NORMAL,None
2025-04-26 04:00:00,7.289,69.23,6.4,749.12,29.8,Decreasing,NORMAL,None
2025-04-26 05:00:00,7.572,32.78,5.98,749.86,29.95,Decreasing,NORMAL,None
2025-04-26 06:00:00,7.245,48.61,6.9,741.58,30.27,Decreasing,NORMAL,None
2025-04-26 07:00:00,7.384,94.46,10.82,746.78,30.84,Increasing,NORMAL,None
2025-04-26 08:00:00,7.342,86.36,9.15,751.42,30.88,Increasing,NORMAL,None
2025-04-26 09:00:00,7.434,30.0,8.08,752.31,31.98,Decreasing,NORMAL,None
2025-04-26 10:00:00,7.556,41.18,6.06,750.54,31.89,Decreasing,NORMAL,None
2025-04-26 11:00:00,7.459,74.04,5.01,773.57,32.43,Increasing,NORMAL,None
2025-04-26 12:00:00,7.533,74.61,2.76,804.2,32.61,Increasing,NORMAL,None
2025-04-26 13:00:00,7.449,109.7,3.42,833.51,31.81,Increasing,NORMAL,None
2025-04-26 14:00:00,7.364,35.69,3.6,814.64,31.69,Decreasing,NORMAL,None
2025-04-26 15:00:00,7.309,80.01,4.79,825.5,32.03,Increasing,NORMAL,None
2025-04-26 16:00:00,7.476,37.93,3.78,833.24,30.82,Decreasing,NORMAL,None
2025-04-26 17:00:00,7.186,74.04,2.71,846.45,30.98,Stable,NORMAL,None
2025-04-26 18:00:00,7.448,57.89,3.28,846.86,30.49,Decreasing,NORMAL,None
2025-04-26 19:00:00,7.414,78.97,5.35,830.87,30.11,Decreasing,NORMAL,None
2025-04-26 20:00:00,7.203,48.18,4.64,827.65,29.79,Increasing,NORMAL,None
2025-04-26 21:00:00,7.272,45.84,11.23,816.51,29.09,Decreasing,NORMAL,None
2025-04-26 22:00:00,7.303,102.81,9.83,826.79,28.79,Increasing,NORMAL,None
2025-04-26 23:00:00,7.201,55.44,10.72,809.04,29.12,Decreasing,NORMAL,None
2025-04-27 00:00:00,7.419,73.45,10.82,837.93,28.07,Increasing,NORMAL,None
2025-04-27 01:00:00,7.295,30.0,8.17,824.76,29.0,Decreasing,NORMAL,None
2025-04-27 02:00:00,7.385,60.81,9.61,821.56,28.63,Increasing,NORMAL,None
2025-04-27 03:00:00,7.316,198.29,32.24,847.15,28.81,Increasing,NORMAL,None
2025-04-27 04:00:00,7.241,131.15,27.86,841.7,29.26,Increasing,NORMAL,None
2025-04-27 05:00:00,7.266,136.39,26.44,856.62,30.34,Increasing,NORMAL,None
2025-04-27 06:00:00,7.129,106.5,23.67,849.21,30.6,Increasing,NORMAL,None
2025-04-27 07:00:00,7.221,124.29,22.81,839.43,30.51,Increasing,NORMAL,None
2025-04-27 08:00:00,7.395,117.82,19.12,852.99,31.56,Increasing,NORMAL,None
2025-04-27 09:00:00,7.218,88.93,16.27,845.45,31.04,Decreasing,NORMAL,None
2025-04-27 10:00:00,7.245,85.5,15.05,850.64,31.75,Decreasing,NORMAL,None
2025-04-27 11:00:00,7.437,57.62,13.81,843.29,32.48,Decreasing,NORMAL,None
2025-04-27 12:00:00,7.373,106.66,13.52,839.29,31.81,Stable,NORMAL,None
2025-04-27 13:00:00,7.327,84.65,11.61,824.47,31.93,Decreasing,NORMAL,None
2025-04-27 14:00:00,7.312,57.38,8.37,843.68,31.81,Decreasing,NORMAL,None
2025-04-27 15:00:00,7.344,74.45,8.87,850.29,31.45,Decreasing,NORMAL,None
2025-04-27 16:00:00,7.366,85.95,8.02,843.31,31.09,Stable,NORMAL,None
2025-04-27 17:00:00,7.16,42.02,8.16,829.4,30.7,Decreasing,NORMAL,None
2025-04-27 18:00:00,7.457,94.81,7.25,834.19,30.59,Decreasing,NORMAL,None
2025-04-27 19:00:00,7.569,32.54,7.55,813.4,30.39,Decreasing,NORMAL,None
2025-04-27 20:00:00,7.389,39.31,7.84,796.44,29.47,Decreasing,NORMAL,None
2025-04-27 21:00:00,7.465,66.93,6.28,830.0,29.27,Decreasing,NORMAL,None
2025-04-27 22:00:00,7.421,124.74,18.89,819.31,28.39,Increasing,NORMAL,None
2025-04-27 23:00:00,7.45,38.3,15.91,823.98,28.32,Decreasing,NORMAL,None
2025-04-28 00:00:00,7.204,65.3,14.41,804.18,28.82,Decreasing,NORMAL,None
2025-04-28 01:00:00,7.316,125.7,12.78,797.94,28.89,Increasing,NORMAL,None
2025-04-28 02:00:00,7.302,80.55,12.34,778.98,28.16,Increasing,NORMAL,None
2025-04-28 03:00:00,7.348,92.5,10.86,772.22,28.85,Increasing,NORMAL,None
2025-04-28 04:00:00,7.153,99.31,9.67,781.84,29.57,Decreasing,NORMAL,None
2025-04-28 05:00:00,7.567,53.77,10.89,772.72,29.92,Increasing,NORMAL,None
2025-04-28 06:00:00,7.323,94.73,12.06,808.28,30.3,Increasing,NORMAL,None
2025-04-28 07:00:00,7.373,69.57,11.08,834.34,31.53,Decreasing,NORMAL,None
2025-04-28 08:00:00,7.457,81.56,9.31,825.87,31.2,Stable,NORMAL,None
2025-04-28 09:00:00,7.323,31.26,7.15,837.79,31.79,Decreasing,NORMAL,None
2025-04-28 10:00:00,7.26,105.12,6.09,862.04,31.91,Increasing,NORMAL,None
2025-04-28 11:00:00,7.291,93.44,6.57,857.73,31.88,Increasing,NORMAL,None
2025-04-28 12:00:00,7.207,49.98,6.97,832.84,32.11,Decreasing,NORMAL,None
2025-04-28 13:00:00,7.527,35.45,5.47,839.84,32.54,Decreasing,NORMAL,None
2025-04-28 14:00:00,7.252,58.77,4.24,843.96,32.23,Decreasing,NORMAL,None
2025-04-28 15:00:00,7.293,30.52,2.52,843.77,32.21,Stable,NORMAL,None
2025-04-28 16:00:00,7.469,43.21,1.79,840.08,31.45,Decreasing,NORMAL,None
2025-04-28 17:00:00,7.223,44.46,3.14,825.87,30.45,Decreasing,NORMAL,None
2025-04-28 18:00:00,7.431,58.59,3.23,832.38,30.96,Increasing,NORMAL,None
2025-04-28 19:00:00,7.321,54.75,4.74,834.54,29.89,Increasing,NORMAL,None
2025-04-28 20:00:00,7.342,35.69,5.34,816.34,29.47,Decreasing,NORMAL,None
2025-04-28 21:00:00,7.367,84.23,5.83,818.85,28.56,Increasing,NORMAL,None
2025-04-28 22:00:00,7.408,57.27,6.34,831.71,29.1,Increasing,NORMAL,None
2025-04-28 23:00:00,7.293,30.0,4.83,838.24,28.67,Decreasing,NORMAL,None
2025-04-29 00:00:00,7.446,107.56,13.04,866.52,28.56,Increasing,NORMAL,None
2025-04-29 01:00:00,7.209,111.42,10.54,878.92,28.61,Increasing,NORMAL,None
2025-04-29 02:00:00,7.247,85.59,7.25,878.32,28.81,Increasing,NORMAL,None
2025-04-29 03:00:00,7.347,69.12,4.84,874.27,29.16,Decreasing,NORMAL,None
2025-04-29 04:00:00,7.484,30.0,4.49,873.36,29.61,Decreasing,NORMAL,None
2025-04-29 05:00:00,7.355,65.14,4.87,847.76,29.8,Increasing,NORMAL,None
2025-04-29 06:00:00,7.379,97.58,5.43,861.91,30.35,Decreasing,NORMAL,None
2025-04-29 07:00:00,7.161,30.0,3.51,833.21,30.72,Decreasing,NORMAL,None
2025-04-29 08:00:00,7.538,69.48,3.01,816.88,30.73,Decreasing,NORMAL,None
2025-04-29 09:00:00,7.421,70.43,5.05,801.64,32.23,Stable,NORMAL,None
2025-04-29 10:00:00,7.402,63.03,5.01,783.73,31.9,Increasing,NORMAL,None
2025-04-29 11:00:00,7.332,88.12,4.79,773.98,32.55,Increasing,NORMAL,None
2025-04-29 12:00:00,7.108,83.12,3.62,788.15,32.52,Decreasing,NORMAL,None
2025-04-29 13:00:00,7.312,51.97,2.47,786.45,32.36,Increasing,NORMAL,None
2025-04-29 14:00:00,7.458,43.69,2.57,786.24,32.36,Decreasing,NORMAL,None
2025-04-29 15:00:00,7.394,102.37,4.04,788.63,31.43,Increasing,NORMAL,None
2025-04-29 16:00:00,7.354,55.2,5.73,790.37,31.36,Decreasing,NORMAL,None
2025-04-29 17:00:00,7.552,30.0,3.64,801.22,30.58,Decreasing,NORMAL,None
2025-04-29 18:00:00,7.512,51.72,4.07,787.76,30.49,Decreasing,NORMAL,None
2025-04-29 19:00:00,7.547,195.99,34.54,968.43,30.43,Increasing,NORMAL,None
2025-04-29 20:00:00,7.649,288.47,67.06,1188.75,30.74,Increasing,NORMAL,None
2025-04-29 21:00:00,7.714,408.95,100.67,1360.37,30.24,Increasing,NORMAL,None
2025-04-29 22:00:00,8.039,527.81,130.65,1527.56,31.99,Increasing,SPIKE/ABNORMAL,TDS
2025-04-29 23:00:00,8.106,627.67,153.93,1675.28,32.24,Increasing,SPIKE/ABNORMAL,"COD, TDS"
2025-04-30 00:00:00,8.07,635.75,165.68,1711.33,32.24,Increasing,SPIKE/ABNORMAL,"COD, TDS"
2025-04-30 01:00:00,7.92,691.22,166.95,1733.58,32.72,Increasing,SPIKE/ABNORMAL,"COD, TDS"
2025-04-30 02:00:00,7.796,588.21,155.33,1675.68,32.54,Increasing,SPIKE/ABNORMAL,TDS
2025-04-30 03:00:00,7.975,532.83,135.72,1538.72,31.64,Increasing,SPIKE/ABNORMAL,TDS
2025-04-30 04:00:00,7.775,448.92,106.47,1368.84,31.88,Decreasing,NORMAL,None
2025-04-30 05:00:00,7.691,342.54,73.6,1188.55,31.01,Decreasing,NORMAL,None
2025-04-30 06:00:00,7.394,193.93,40.35,993.93,31.12,Decreasing,NORMAL,None
2025-04-30 07:00:00,7.053,145.76,10.41,840.91,31.22,Decreasing,NORMAL,None
2025-04-30 08:00:00,7.441,60.02,10.3,838.01,31.71,Decreasing,NORMAL,None
2025-04-30 09:00:00,7.244,127.18,10.65,836.79,31.43,Decreasing,NORMAL,None
2025-04-30 10:00:00,7.358,93.11,10.44,839.98,32.21,Decreasing,NORMAL,None
2025-04-30 11:00:00,7.352,59.29,10.19,840.41,31.85,Decreasing,NORMAL,None
2025-04-30 12:00:00,7.427,30.82,10.35,825.21,32.43,Decreasing,NORMAL,None
2025-04-30 13:00:00,7.427,86.04,11.09,826.88,31.68,Decreasing,NORMAL,None
2025-04-30 14:00:00,7.435,48.08,11.23,797.22,31.99,Decreasing,NORMAL,None
2025-04-30 15:00:00,7.394,53.19,12.19,808.3,31.32,Decreasing,NORMAL,None
2025-04-30 16:00:00,7.397,86.8,10.55,801.38,31.29,Decreasing,NORMAL,None
2025-04-30 17:00:00,7.436,74.95,10.08,812.07,31.08,Increasing,NORMAL,None
2025-04-30 18:00:00,7.459,99.17,10.3,824.66,30.16,Increasing,NORMAL,None
2025-04-30 19:00:00,7.326,34.86,9.53,813.86,29.53,Decreasing,NORMAL,None
2025-04-30 20:00:00,7.38,83.68,9.4,805.9,29.21,Increasing,NORMAL,None
2025-04-30 21:00:00,7.449,130.0,9.4,796.89,28.96,Increasing,NORMAL,None
2025-04-30 22:00:00,7.43,61.03,7.13,789.2,28.95,Decreasing,NORMAL,None
2025-04-30 23:00:00,7.516,30.0,5.76,778.86,29.03,Decreasing,NORMAL,None
2025-05-01 00:00:00,7.413,60.37,5.53,780.1,28.45,Decreasing,NORMAL,None
2025-05-01 01:00:00,7.387,82.14,7.54,783.82,27.64,Increasing,NORMAL,None
2025-05-01 02:00:00,7.316,97.71,6.86,780.81,28.97,Increasing,NORMAL,None
2025-05-01 03:00:00,7.343,52.67,7.85,770.53,29.62,Decreasing,NORMAL,None
2025-05-01 04:00:00,7.565,87.55,7.8,756.83,29.39,Increasing,NORMAL,None
2025-05-01 05:00:00,7.348,67.29,7.37,752.85,29.87,Increasing,NORMAL,None
2025-05-01 06:00:00,7.178,97.19,8.12,769.52,30.24,Increasing,NORMAL,None
2025-05-01 07:00:00,7.364,57.43,7.56,765.83,30.93,Decreasing,NORMAL,None
2025-05-01 08:00:00,7.271,30.0,7.45,765.06,31.13,Decreasing,NORMAL,None
2025-05-01 09:00:00,7.359,54.85,6.66,773.15,31.81,Increasing,NORMAL,None
2025-05-01 10:00:00,7.522,73.48,5.38,765.56,32.34,Decreasing,NORMAL,None
2025-05-01 11:00:00,7.481,41.81,6.25,747.7,32.64,Decreasing,NORMAL,None
2025-05-01 12:00:00,7.228,31.32,5.61,733.19,32.16,Decreasing,NORMAL,None
2025-05-01 13:00:00,7.175,36.28,4.48,705.23,32.53,Decreasing,NORMAL,None
2025-05-01 14:00:00,7.356,46.46,3.47,708.43,32.26,Increasing,NORMAL,None
2025-05-01 15:00:00,7.332,35.77,3.7,716.7,31.79,Decreasing,NORMAL,None
2025-05-01 16:00:00,7.165,37.65,3.76,707.09,30.83,Decreasing,NORMAL,None
2025-05-01 17:00:00,7.225,30.0,3.4,698.81,30.53,Decreasing,NORMAL,None
2025-05-01 18:00:00,7.198,52.57,2.27,719.08,30.57,Increasing,NORMAL,None
2025-05-01 19:00:00,7.193,102.79,14.24,725.38,29.41,Increasing,NORMAL,None
2025-05-01 20:00:00,7.414,99.31,11.85,748.36,29.92,Increasing,NORMAL,None
2025-05-01 21:00:00,7.172,148.63,13.33,763.44,28.93,Increasing,NORMAL,None
2025-05-01 22:00:00,7.294,38.78,10.61,774.62,28.86,Stable,NORMAL,None
2025-05-01 23:00:00,7.287,87.49,12.6,770.33,28.2,Increasing,NORMAL,None
2025-05-02 00:00:00,7.291,70.99,14.12,763.81,28.2,Increasing,NORMAL,None
2025-05-02 01:00:00,7.619,101.13,12.28,767.26,28.17,Stable,NORMAL,None
2025-05-02 02:00:00,7.298,84.95,10.85,761.99,28.5,Decreasing,NORMAL,None
2025-05-02 03:00:00,7.476,106.61,9.39,762.97,29.47,Decreasing,NORMAL,None
2025-05-02 04:00:00,7.467,105.93,9.9,771.36,29.29,Increasing,NORMAL,None
2025-05-02 05:00:00,7.23,92.36,9.2,756.36,29.89,Increasing,NORMAL,None
2025-05-02 06:00:00,7.36,108.06,10.68,750.74,30.2,Increasing,NORMAL,None
2025-05-02 07:00:00,7.38,68.34,9.38,754.62,31.23,Decreasing,NORMAL,None
2025-05-02 08:00:00,7.415,45.95,10.1,756.66,31.44,Decreasing,NORMAL,None
2025-05-02 09:00:00,7.296,117.88,10.59,777.61,31.7,Increasing,NORMAL,None
2025-05-02 10:00:00,7.276,52.64,9.39,755.99,31.73,Decreasing,NORMAL,None
2025-05-02 11:00:00,7.382,118.66,9.59,752.95,31.89,Increasing,NORMAL,None
2025-05-02 12:00:00,7.596,73.04,7.8,799.34,31.64,Decreasing,NORMAL,None
2025-05-02 13:00:00,7.435,40.6,5.04,791.96,32.09,Decreasing,NORMAL,None
2025-05-02 14:00:00,7.279,53.81,5.22,809.64,31.31,Increasing,NORMAL,None
2025-05-02 15:00:00,7.414,51.65,5.3,799.06,31.35,Decreasing,NORMAL,None
2025-05-02 16:00:00,7.27,43.47,5.44,795.71,31.14,Decreasing,NORMAL,None
2025-05-02 17:00:00,7.477,57.14,3.85,809.79,30.59,Decreasing,NORMAL,None
2025-05-02 18:00:00,7.237,51.97,3.88,811.69,30.4,Decreasing,NORMAL,None
2025-05-02 19:00:00,7.519,76.98,2.27,820.4,30.04,Increasing,NORMAL,None
2025-05-02 20:00:00,7.314,47.28,1.73,783.38,29.44,Decreasing,NORMAL,None
2025-05-02 21:00:00,7.406,41.08,7.32,790.38,29.15,Decreasing,NORMAL,None
2025-05-02 22:00:00,7.515,62.88,9.62,794.14,28.98,Increasing,NORMAL,None
2025-05-02 23:00:00,7.468,52.29,9.57,786.88,28.34,Decreasing,NORMAL,None
2025-05-03 00:00:00,7.266,97.34,8.43,788.61,28.56,Increasing,NORMAL,None
2025-05-03 01:00:00,7.357,85.83,8.4,817.95,29.14,Increasing,NORMAL,None
2025-05-03 02:00:00,7.446,41.92,7.38,830.72,28.41,Decreasing,NORMAL,None
2025-05-03 03:00:00,7.445,45.04,5.6,824.07,29.04,Increasing,NORMAL,None
2025-05-03 04:00:00,7.206,35.65,3.79,811.2,29.26,Decreasing,NORMAL,None
2025-05-03 05:00:00,7.485,35.22,4.33,781.61,29.8,Decreasing,NORMAL,None
2025-05-03 06:00:00,7.458,93.75,2.38,769.51,30.28,Decreasing,NORMAL,None
2025-05-03 07:00:00,7.282,30.3,2.56,764.23,30.56,Decreasing,NORMAL,None
2025-05-03 08:00:00,7.435,30.44,3.14,753.17,30.7,Decreasing,NORMAL,None
2025-05-03 09:00:00,7.326,30.0,1.39,746.18,31.55,Decreasing,NORMAL,None
2025-05-03 10:00:00,7.352,30.0,1.16,742.13,32.28,Decreasing,NORMAL,None
2025-05-03 11:00:00,7.287,45.42,1.0,748.54,32.31,Increasing,NORMAL,None
2025-05-03 12:00:00,7.512,30.0,1.48,750.85,31.81,Decreasing,NORMAL,None
2025-05-03 13:00:00,7.558,53.29,1.87,739.74,32.12,Increasing,NORMAL,None
2025-05-03 14:00:00,7.339,30.0,3.65,730.65,31.91,Stable,NORMAL,None
2025-05-03 15:00:00,7.214,113.52,4.24,745.91,31.61,Increasing,NORMAL,None
2025-05-03 16:00:00,7.429,54.49,4.67,748.13,31.16,Increasing,NORMAL,None
2025-05-03 17:00:00,7.24,46.05,4.7,751.15,31.32,Stable,NORMAL,None
2025-05-03 18:00:00,7.385,52.01,4.99,777.02,29.76,Increasing,NORMAL,None
2025-05-03 19:00:00,7.438,30.0,4.35,759.16,29.41,Decreasing,NORMAL,None
2025-05-03 20:00:00,7.158,67.27,4.66,757.27,29.06,Increasing,NORMAL,None
2025-05-03 21:00:00,7.404,40.55,5.01,772.26,29.48,Decreasing,NORMAL,None
2025-05-03 22:00:00,7.4,70.0,8.26,788.73,28.75,Increasing,NORMAL,None
2025-05-03 23:00:00,7.271,87.33,7.75,820.39,28.5,Increasing,NORMAL,None
2025-05-04 00:00:00,7.353,127.87,17.18,811.27,28.74,Increasing,NORMAL,None
2025-05-04 01:00:00,7.37,120.72,18.26,841.46,28.13,Increasing,NORMAL,None
2025-05-04 02:00:00,7.351,132.1,17.39,841.16,29.12,Increasing,NORMAL,None
2025-05-04 03:00:00,7.295,103.9,18.03,857.91,29.14,Increasing,NORMAL,None
2025-05-04 04:00:00,7.403,122.9,16.79,874.21,28.65,Increasing,NORMAL,None
2025-05-04 05:00:00,7.359,79.78,15.41,840.63,30.0,Decreasing,NORMAL,None
2025-05-04 06:00:00,7.311,71.15,19.25,823.38,30.3,Decreasing,NORMAL,None
2025-05-04 07:00:00,7.459,82.62,16.78,828.89,30.94,Decreasing,NORMAL,None
2025-05-04 08:00:00,7.271,104.72,15.63,815.53,31.23,Decreasing,NORMAL,None
2025-05-04 09:00:00,7.354,135.21,14.21,818.47,31.24,Increasing,NORMAL,None
2025-05-04 10:00:00,7.201,107.57,13.32,833.41,31.91,Decreasing,NORMAL,None
2025-05-04 11:00:00,7.437,86.0,12.41,834.07,32.25,Increasing,NORMAL,None
2025-05-04 12:00:00,7.519,53.17,11.51,824.13,31.88,Decreasing,NORMAL,None
2025-05-04 13:00:00,7.169,75.37,9.64,831.97,31.98,Decreasing,NORMAL,None
2025-05-04 14:00:00,7.391,110.83,8.92,805.67,31.75,Increasing,NORMAL,None
2025-05-04 15:00:00,7.293,54.58,11.18,806.39,31.68,Decreasing,NORMAL,None
2025-05-04 16:00:00,7.366,42.92,10.48,800.48,31.13,Decreasing,NORMAL,None
2025-05-04 17:00:00,7.253,112.05,10.35,817.55,31.02,Increasing,NORMAL,None
2025-05-04 18:00:00,7.407,66.47,10.18,796.68,29.85,Increasing,NORMAL,None
2025-05-04 19:00:00,7.254,67.74,11.87,776.61,30.27,Decreasing,NORMAL,None
2025-05-04 20:00:00,7.3,82.12,11.45,769.19,29.44,Decreasing,NORMAL,None
2025-05-04 21:00:00,7.431,72.07,11.86,770.93,29.28,Increasing,NORMAL,None
2025-05-04 22:00:00,7.387,56.84,11.54,777.07,28.74,Increasing,NORMAL,None
2025-05-04 23:00:00,7.284,109.91,18.58,790.52,28.66,Stable,NORMAL,None
2025-05-05 00:00:00,7.416,115.98,17.68,795.6,28.29,Increasing,NORMAL,None
2025-05-05 01:00:00,7.292,84.77,15.61,809.29,28.6,Increasing,NORMAL,None
2025-05-05 02:00:00,7.48,93.4,13.89,791.17,29.32,Increasing,NORMAL,None
2025-05-05 03:00:00,7.325,145.93,12.43,813.87,28.96,Increasing,NORMAL,None
2025-05-05 04:00:00,7.276,51.46,11.8,802.64,29.26,Decreasing,NORMAL,None
2025-05-05 05:00:00,7.438,91.51,9.9,799.66,29.64,Decreasing,NORMAL,None
2025-05-05 06:00:00,7.441,50.92,8.71,792.98,30.54,Decreasing,NORMAL,None
2025-05-05 07:00:00,7.248,77.01,8.66,780.51,30.88,Decreasing,NORMAL,None
2025-05-05 08:00:00,7.339,50.36,6.96,800.49,31.27,Decreasing,NORMAL,None
2025-05-05 09:00:00,7.418,61.07,5.81,793.89,31.65,Decreasing,NORMAL,None
2025-05-05 10:00:00,7.43,52.18,6.5,786.61,31.7,Stable,NORMAL,None
2025-05-05 11:00:00,7.221,36.03,6.54,787.14,31.99,Decreasing,NORMAL,None
2025-05-05 12:00:00,7.238,120.98,13.36,811.99,32.06,Increasing,NORMAL,None
2025-05-05 13:00:00,7.381,125.57,11.01,828.97,31.78,Increasing,NORMAL,None
2025-05-05 14:00:00,7.361,42.14,8.3,828.66,32.2,Decreasing,NORMAL,None
2025-05-05 15:00:00,7.265,62.01,8.62,827.86,30.81,Stable,NORMAL,None
2025-05-05 16:00:00,7.355,70.63,6.84,824.16,30.42,Increasing,NORMAL,None
2025-05-05 17:00:00,7.58,34.9,7.14,825.11,30.68,Decreasing,NORMAL,None
2025-05-05 18:00:00,7.293,45.99,4.8,813.92,30.52,Decreasing,NORMAL,None
2025-05-05 19:00:00,7.349,74.17,3.73,819.41,29.6,Decreasing,NORMAL,None
2025-05-05 20:00:00,7.524,84.18,8.76,818.99,29.12,Increasing,NORMAL,None
2025-05-05 21:00:00,7.317,50.96,7.52,807.25,29.08,Decreasing,NORMAL,None
2025-05-05 22:00:00,7.373,80.03,9.39,821.85,28.75,Increasing,NORMAL,None
2025-05-05 23:00:00,7.112,68.83,8.85,823.34,28.5,Increasing,NORMAL,None
2025-05-06 00:00:00,7.614,53.27,6.78,833.01,28.11,Increasing,NORMAL,None
2025-05-06 01:00:00,7.432,63.57,6.55,807.1,28.0,Decreasing,NORMAL,None
2025-05-06 02:00:00,7.208,111.68,7.75,796.96,27.97,Increasing,NORMAL,None
2025-05-06 03:00:00,7.224,44.01,7.11,818.65,28.94,Decreasing,NORMAL,None
2025-05-06 04:00:00,7.478,68.53,6.22,834.94,29.22,Decreasing,NORMAL,None
2025-05-06 05:00:00,7.518,85.88,8.55,838.37,29.76,Increasing,NORMAL,None
2025-05-06 06:00:00,7.38,74.87,6.47,804.04,30.12,Increasing,NORMAL,None
2025-05-06 07:00:00,7.164,76.3,6.66,788.45,30.72,Increasing,NORMAL,None
2025-05-06 08:00:00,7.469,46.8,6.3,797.16,30.89,Decreasing,NORMAL,None
2025-05-06 09:00:00,7.465,62.17,6.5,777.18,31.21,Increasing,NORMAL,None
2025-05-06 10:00:00,7.304,65.91,6.91,753.71,31.78,Decreasing,NORMAL,None
2025-05-06 11:00:00,7.545,70.46,5.66,760.07,32.03,Decreasing,NORMAL,None
2025-05-06 12:00:00,7.332,82.48,6.26,752.66,32.21,Increasing,NORMAL,None
2025-05-06 13:00:00,7.261,85.61,6.16,749.87,32.12,Increasing,NORMAL,None
2025-05-06 14:00:00,7.183,79.82,5.57,773.58,31.59,Increasing,NORMAL,None
2025-05-06 15:00:00,7.187,38.27,4.29,767.44,31.68,Decreasing,NORMAL,None
2025-05-06 16:00:00,7.417,30.0,4.83,779.23,30.82,Decreasing,NORMAL,None
2025-05-06 17:00:00,7.253,47.39,4.76,770.12,31.26,Decreasing,NORMAL,None
2025-05-06 18:00:00,7.441,30.0,3.5,754.46,30.41,Decreasing,NORMAL,None
2025-05-06 19:00:00,7.58,40.6,2.55,760.18,29.55,Decreasing,NORMAL,None
2025-05-06 20:00:00,7.32,62.46,1.14,755.13,29.37,Decreasing,NORMAL,None
2025-05-06 21:00:00,7.176,84.24,2.61,771.53,28.6,Increasing,NORMAL,None
2025-05-06 22:00:00,7.51,43.59,2.92,764.83,29.01,Increasing,NORMAL,None
2025-05-06 23:00:00,7.44,53.76,2.63,804.89,28.66,Increasing,NORMAL,None
2025-05-07 00:00:00,7.46,87.74,3.55,826.58,28.31,Increasing,NORMAL,None
2025-05-07 01:00:00,7.312,80.1,5.6,815.54,28.81,Increasing,NORMAL,None
2025-05-07 02:00:00,7.281,78.62,4.61,839.07,28.81,Increasing,NORMAL,None
2025-05-07 03:00:00,7.464,30.0,3.36,847.48,29.09,Decreasing,NORMAL,None
2025-05-07 04:00:00,7.617,30.0,4.47,832.78,29.68,Decreasing,NORMAL,None
2025-05-07 05:00:00,7.424,30.0,2.25,847.48,29.72,Decreasing,NORMAL,None
2025-05-07 06:00:00,7.25,32.67,1.0,855.22,29.89,Decreasing,NORMAL,None
2025-05-07 07:00:00,7.402,43.58,1.26,834.88,30.48,Decreasing,NORMAL,None
2025-05-07 08:00:00,7.333,52.66,1.16,850.03,31.68,Decreasing,NORMAL,None
2025-05-07 09:00:00,7.433,84.89,1.0,868.28,31.7,Increasing,NORMAL,None
2025-05-07 10:00:00,7.318,30.0,1.0,847.37,31.62,Stable,NORMAL,None
2025-05-07 11:00:00,7.478,76.27,3.69,848.38,31.86,Increasing,NORMAL,None
2025-05-07 12:00:00,7.144,49.87,3.16,853.03,31.75,Increasing,NORMAL,None
2025-05-07 13:00:00,7.374,66.33,4.98,859.11,32.4,Increasing,NORMAL,None
2025-05-07 14:00:00,7.263,43.63,4.21,867.42,31.98,Decreasing,NORMAL,None
2025-05-07 15:00:00,7.277,30.0,2.13,857.58,31.63,Decreasing,NORMAL,None
2025-05-07 16:00:00,7.421,30.0,1.0,851.81,30.96,Stable,NORMAL,None
2025-05-07 17:00:00,7.304,116.74,2.38,859.12,31.05,Increasing,NORMAL,None
2025-05-07 18:00:00,7.309,30.0,1.78,866.14,30.63,Decreasing,NORMAL,None
2025-05-07 19:00:00,7.223,89.21,2.87,871.23,29.76,Increasing,NORMAL,None
2025-05-07 20:00:00,7.284,53.97,1.0,851.16,29.67,Increasing,NORMAL,None
2025-05-07 21:00:00,7.426,30.0,1.0,843.26,28.82,Stable,NORMAL,None
2025-05-07 22:00:00,7.21,53.62,1.0,839.93,29.34,Increasing,NORMAL,None
2025-05-07 23:00:00,7.229,30.0,1.0,823.17,28.36,Decreasing,NORMAL,None
2025-05-08 00:00:00,7.474,30.0,1.51,798.54,28.97,Stable,NORMAL,None
2025-05-08 01:00:00,7.554,71.33,2.69,767.71,29.01,Decreasing,NORMAL,None
2025-05-08 02:00:00,7.292,45.2,2.21,773.84,28.73,Decreasing,NORMAL,None
2025-05-08 03:00:00,7.332,36.83,4.92,767.35,28.93,Increasing,NORMAL,None
2025-05-08 04:00:00,7.204,30.0,4.12,745.57,29.2,Decreasing,NORMAL,None
2025-05-08 05:00:00,7.318,82.86,5.01,755.18,29.6,Increasing,NORMAL,None
2025-05-08 06:00:00,7.335,38.66,5.18,778.78,30.21,Increasing,NORMAL,None
2025-05-08 07:00:00,7.414,55.52,7.17,781.78,30.58,Decreasing,NORMAL,None
2025-05-08 08:00:00,7.25,106.43,6.24,796.26,31.07,Increasing,NORMAL,None
2025-05-08 09:00:00,7.497,59.75,5.12,792.89,31.48,Increasing,NORMAL,None
2025-05-08 10:00:00,7.273,40.77,4.09,776.48,31.84,Increasing,NORMAL,None
2025-05-08 11:00:00,7.508,47.66,4.3,758.1,31.79,Decreasing,NORMAL,None
2025-05-08 12:00:00,7.329,30.0,4.68,766.39,32.21,Decreasing,NORMAL,None
2025-05-08 13:00:00,7.331,58.54,4.79,788.97,31.38,Increasing,NORMAL,None
2025-05-08 14:00:00,7.373,44.22,4.72,783.28,31.96,Decreasing,NORMAL,None
2025-05-08 15:00:00,7.364,50.68,2.78,781.99,31.72,Decreasing,NORMAL,None
2025-05-08 16:00:00,7.493,30.0,4.34,763.02,31.68,Decreasing,NORMAL,None
2025-05-08 17:00:00,7.31,65.76,5.43,741.96,30.61,Increasing,NORMAL,None
2025-05-08 18:00:00,7.479,30.0,5.96,748.7,29.84,Stable,NORMAL,None
2025-05-08 19:00:00,7.304,33.13,5.36,763.0,29.72,Decreasing,NORMAL,None
2025-05-08 20:00:00,7.423,81.84,4.68,789.19,28.81,Increasing,NORMAL,None
2025-05-08 21:00:00,7.402,35.54,4.86,784.31,28.85,Decreasing,NORMAL,None
2025-05-08 22:00:00,7.056,72.64,4.03,785.26,29.13,Increasing,NORMAL,None
2025-05-08 23:00:00,7.209,111.9,25.46,787.56,28.51,Increasing,NORMAL,None
2025-05-09 00:00:00,7.444,88.11,23.26,797.57,28.38,Increasing,NORMAL,None
2025-05-09 01:00:00,7.463,98.19,20.87,804.09,28.49,Increasing,NORMAL,None
2025-05-09 02:00:00,7.194,107.09,20.07,782.5,28.92,Increasing,NORMAL,None
2025-05-09 03:00:00,7.488,105.4,17.58,784.24,28.49,Increasing,NORMAL,None
2025-05-09 04:00:00,7.336,104.48,19.75,786.61,29.39,Increasing,NORMAL,None
2025-05-09 05:00:00,7.362,113.85,17.23,786.55,29.42,Stable,NORMAL,None
2025-05-09 06:00:00,7.229,99.73,15.46,771.43,29.95,Increasing,NORMAL,None
2025-05-09 07:00:00,7.284,60.76,14.88,756.49,30.77,Decreasing,NORMAL,None
2025-05-09 08:00:00,7.236,130.3,15.14,765.37,30.89,Increasing,NORMAL,None
2025-05-09 09:00:00,7.3,126.23,13.14,778.95,31.6,Increasing,NORMAL,None
2025-05-09 10:00:00,7.275,98.42,12.75,779.09,31.55,Decreasing,NORMAL,None
2025-05-09 11:00:00,7.531,56.58,10.6,791.05,31.36,Decreasing,NORMAL,None
2025-05-09 12:00:00,7.3,78.06,11.25,807.63,32.1,Decreasing,NORMAL,None
2025-05-09 13:00:00,7.436,50.56,8.1,802.81,31.81,Decreasing,NORMAL,None
2025-05-09 14:00:00,7.454,51.15,8.39,784.6,31.47,Decreasing,NORMAL,None
2025-05-09 15:00:00,7.567,86.01,6.92,785.62,31.73,Decreasing,NORMAL,None
2025-05-09 16:00:00,7.268,52.79,6.08,793.99,31.39,Decreasing,NORMAL,None
2025-05-09 17:00:00,7.144,53.23,3.83,793.67,30.1,Decreasing,NORMAL,None
2025-05-09 18:00:00,7.217,76.26,5.24,798.9,30.01,Stable,NORMAL,None
2025-05-09 19:00:00,7.263,49.35,5.26,798.84,29.89,Stable,NORMAL,None
2025-05-09 20:00:00,7.425,68.12,5.82,807.06,29.26,Increasing,NORMAL,None
2025-05-09 21:00:00,7.219,119.27,13.15,792.64,29.05,Increasing,NORMAL,None
2025-05-09 22:00:00,7.358,83.92,11.77,783.99,29.19,Increasing,NORMAL,None
2025-05-09 23:00:00,7.376,103.92,10.77,764.03,29.02,Increasing,NORMAL,None
2025-05-10 00:00:00,7.463,97.73,10.34,782.41,28.97,Increasing,NORMAL,None
2025-05-10 01:00:00,7.376,127.75,9.77,794.5,28.49,Increasing,NORMAL,None
2025-05-10 02:00:00,7.384,64.99,10.57,808.9,28.53,Decreasing,NORMAL,None
2025-05-10 03:00:00,7.371,75.14,9.74,831.53,29.13,Decreasing,NORMAL,None
2025-05-10 04:00:00,7.2,30.0,8.1,822.81,29.63,Decreasing,NORMAL,None
2025-05-10 05:00:00,7.261,66.26,8.2,812.12,29.48,Decreasing,NORMAL,None
2025-05-10 06:00:00,7.277,83.69,5.68,799.82,29.93,Decreasing,NORMAL,None
2025-05-10 07:00:00,7.301,61.9,4.07,782.63,30.37,Decreasing,NORMAL,None
2025-05-10 08:00:00,7.391,62.5,3.94,775.87,31.33,Decreasing,NORMAL,None
2025-05-10 09:00:00,7.409,84.44,8.3,779.96,31.11,Increasing,NORMAL,None
2025-05-10 10:00:00,7.265,85.0,8.78,781.86,32.18,Increasing,NORMAL,None
2025-05-10 11:00:00,7.471,109.68,9.51,796.69,32.03,Increasing,NORMAL,None
2025-05-10 12:00:00,7.407,52.83,10.08,797.09,31.94,Decreasing,NORMAL,None
2025-05-10 13:00:00,7.308,93.12,11.07,808.11,31.57,Increasing,NORMAL,None
2025-05-10 14:00:00,7.424,92.68,10.83,819.74,31.43,Increasing,NORMAL,None
2025-05-10 15:00:00,7.248,61.48,10.64,822.3,31.43,Decreasing,NORMAL,None
2025-05-10 16:00:00,7.449,95.63,10.57,798.67,31.01,Increasing,NORMAL,None
2025-05-10 17:00:00,7.338,50.73,10.26,778.84,30.62,Decreasing,NORMAL,None
2025-05-10 18:00:00,7.422,41.36,9.4,765.06,30.02,Decreasing,NORMAL,None
2025-05-10 19:00:00,7.463,30.0,9.19,743.2,29.73,Decreasing,NORMAL,None
2025-05-10 20:00:00,7.261,52.05,7.18,723.02,28.79,Decreasing,NORMAL,None
2025-05-10 21:00:00,7.415,71.94,7.36,713.51,28.34,Increasing,NORMAL,None
2025-05-10 22:00:00,7.294,87.84,7.7,721.92,29.22,Decreasing,NORMAL,None
2025-05-10 23:00:00,7.496,38.11,7.9,708.69,28.52,Decreasing,NORMAL,None
2025-05-11 00:00:00,7.352,110.82,8.03,736.47,28.66,Increasing,NORMAL,None
2025-05-11 01:00:00,7.245,30.61,7.87,763.06,28.6,Stable,NORMAL,None
2025-05-11 02:00:00,7.395,137.1,7.25,785.79,28.66,Increasing,NORMAL,None
2025-05-11 03:00:00,7.347,49.95,5.05,798.23,29.02,Decreasing,NORMAL,None
2025-05-11 04:00:00,7.438,30.0,4.73,775.35,29.4,Decreasing,NORMAL,None
2025-05-11 05:00:00,7.333,72.08,3.3,787.48,29.97,Increasing,NORMAL,None
2025-05-11 06:00:00,7.312,30.0,4.41,790.87,30.35,Decreasing,NORMAL,None
2025-05-11 07:00:00,7.442,122.71,7.51,803.18,31.02,Increasing,NORMAL,None
2025-05-11 08:00:00,7.277,61.96,8.45,794.63,31.3,Decreasing,NORMAL,None
2025-05-11 09:00:00,7.452,47.8,9.07,788.01,32.13,Decreasing,NORMAL,None
2025-05-11 10:00:00,7.23,30.0,9.19,788.84,31.54,Stable,NORMAL,None
2025-05-11 11:00:00,7.462,80.4,7.77,795.26,32.46,Increasing,NORMAL,None
2025-05-11 12:00:00,7.185,62.94,7.29,790.29,31.97,Increasing,NORMAL,None
2025-05-11 13:00:00,7.48,30.0,7.43,780.52,31.3,Decreasing,NORMAL,None
2025-05-11 14:00:00,7.452,69.9,5.84,794.96,31.68,Increasing,NORMAL,None
2025-05-11 15:00:00,7.225,30.0,8.62,776.73,31.2,Decreasing,NORMAL,None
2025-05-11 16:00:00,7.362,50.06,7.56,788.48,31.37,Increasing,NORMAL,None
2025-05-11 17:00:00,7.179,55.77,6.82,794.39,30.67,Decreasing,NORMAL,None
2025-05-11 18:00:00,7.398,77.34,7.69,784.32,30.73,Increasing,NORMAL,None
2025-05-11 19:00:00,7.45,77.94,7.69,800.41,30.0,Increasing,NORMAL,None
2025-05-11 20:00:00,7.42,95.95,8.26,792.4,28.81,Increasing,NORMAL,None
2025-05-11 21:00:00,7.268,79.73,7.0,789.8,29.36,Increasing,NORMAL,None
2025-05-11 22:00:00,7.154,114.63,6.11,800.72,28.65,Increasing,NORMAL,None
2025-05-11 23:00:00,7.327,48.49,5.74,810.36,28.8,Decreasing,NORMAL,None
2025-05-12 00:00:00,7.404,50.92,5.32,800.61,28.82,Decreasing,NORMAL,None
2025-05-12 01:00:00,7.27,74.98,6.62,825.43,29.04,Decreasing,NORMAL,None
2025-05-12 02:00:00,7.427,65.51,5.38,813.2,28.63,Decreasing,NORMAL,None
2025-05-12 03:00:00,7.466,90.1,6.34,809.73,28.64,Increasing,NORMAL,None
2025-05-12 04:00:00,7.549,81.25,7.48,813.17,29.19,Decreasing,NORMAL,None
2025-05-12 05:00:00,7.568,65.31,4.75,809.39,29.58,Increasing,NORMAL,None
2025-05-12 06:00:00,7.393,47.18,3.15,790.34,30.05,Decreasing,NORMAL,None
2025-05-12 07:00:00,7.469,32.68,3.36,779.94,30.65,Decreasing,NORMAL,None
2025-05-12 08:00:00,7.411,50.24,2.33,774.35,31.47,Decreasing,NORMAL,None
2025-05-12 09:00:00,7.241,81.35,1.34,764.61,31.45,Decreasing,NORMAL,None
2025-05-12 10:00:00,7.233,33.97,2.15,750.21,31.91,Decreasing,NORMAL,None
2025-05-12 11:00:00,7.359,78.9,3.83,766.93,32.07,Increasing,NORMAL,None
2025-05-12 12:00:00,7.137,72.21,2.35,755.82,31.87,Increasing,NORMAL,None
2025-05-12 13:00:00,7.288,30.0,3.57,756.28,31.86,Decreasing,NORMAL,None
2025-05-12 14:00:00,7.342,54.84,5.27,752.39,31.79,Increasing,NORMAL,None
2025-05-12 15:00:00,7.458,30.0,4.27,767.18,30.96,Decreasing,NORMAL,None
2025-05-12 16:00:00,7.181,102.69,5.56,772.69,31.33,Increasing,NORMAL,None
2025-05-12 17:00:00,7.591,103.42,8.33,797.52,30.92,Increasing,NORMAL,None
2025-05-12 18:00:00,7.336,126.88,8.93,800.18,30.48,Increasing,NORMAL,None
2025-05-12 19:00:00,7.366,91.45,8.43,798.79,29.74,Increasing,NORMAL,None
2025-05-12 20:00:00,7.247,90.86,7.58,801.29,29.28,Increasing,NORMAL,None
2025-05-12 21:00:00,7.355,82.98,5.92,799.13,28.37,Increasing,NORMAL,None
2025-05-12 22:00:00,7.263,40.9,6.7,785.15,29.07,Decreasing,NORMAL,None
2025-05-12 23:00:00,7.567,57.16,6.77,761.45,28.72,Decreasing,NORMAL,None
2025-05-13 00:00:00,7.429,63.78,5.08,769.58,28.1,Decreasing,NORMAL,None
2025-05-13 01:00:00,7.423,49.35,6.1,743.37,28.35,Decreasing,NORMAL,None
2025-05-13 02:00:00,7.326,30.0,4.38,750.85,28.05,Decreasing,NORMAL,None
2025-05-13 03:00:00,7.423,60.41,4.84,757.28,28.6,Decreasing,NORMAL,None
2025-05-13 04:00:00,7.368,71.05,3.15,762.64,29.0,Increasing,NORMAL,None
2025-05-13 05:00:00,7.385,61.06,5.01,782.79,29.81,Increasing,NORMAL,None
2025-05-13 06:00:00,7.206,122.12,5.91,763.87,30.42,Increasing,NORMAL,None
2025-05-13 07:00:00,7.172,83.25,6.51,754.23,30.64,Increasing,NORMAL,None
2025-05-13 08:00:00,7.301,84.48,6.54,750.92,31.29,Increasing,NORMAL,None
2025-05-13 09:00:00,7.318,83.11,4.73,766.29,31.56,Increasing,NORMAL,None
2025-05-13 10:00:00,7.431,91.35,3.44,776.16,31.51,Increasing,NORMAL,None
2025-05-13 11:00:00,7.219,33.81,4.72,791.63,32.04,Decreasing,NORMAL,None
2025-05-13 12:00:00,7.325,68.36,5.15,784.52,32.37,Decreasing,NORMAL,None
2025-05-13 13:00:00,7.35,46.07,5.48,785.86,32.16,Decreasing,NORMAL,None
2025-05-13 14:00:00,7.368,30.0,4.34,764.89,31.94,Decreasing,NORMAL,None
2025-05-13 15:00:00,7.337,52.52,3.55,747.93,31.29,Decreasing,NORMAL,None
2025-05-13 16:00:00,7.316,72.75,3.72,778.85,31.16,Decreasing,NORMAL,None
2025-05-13 17:00:00,7.412,105.95,4.04,770.64,31.16,Increasing,NORMAL,None
2025-05-13 18:00:00,7.396,67.02,5.86,767.06,30.14,Stable,NORMAL,None
2025-05-13 19:00:00,7.468,73.71,7.56,754.83,30.02,Increasing,NORMAL,None
2025-05-13 20:00:00,7.391,78.12,7.51,736.92,29.47,Increasing,NORMAL,None
2025-05-13 21:00:00,7.318,71.59,7.39,720.22,28.76,Increasing,NORMAL,None
2025-05-13 22:00:00,7.332,37.16,6.25,719.0,28.18,Decreasing,NORMAL,None
2025-05-13 23:00:00,7.211,78.04,5.22,746.0,28.5,Decreasing,NORMAL,None
2025-05-14 00:00:00,7.337,88.93,11.61,724.6,27.83,Increasing,NORMAL,None
2025-05-14 01:00:00,7.36,76.98,8.98,739.8,28.8,Increasing,NORMAL,None
2025-05-14 02:00:00,7.36,57.7,9.21,734.46,29.17,Decreasing,NORMAL,None
2025-05-14 03:00:00,7.267,119.48,8.43,739.46,28.84,Increasing,NORMAL,None
2025-05-14 04:00:00,7.252,73.65,9.75,734.66,28.76,Increasing,NORMAL,None
2025-05-14 05:00:00,7.333,78.73,8.75,741.27,29.87,Stable,NORMAL,None
2025-05-14 06:00:00,7.309,54.69,10.11,758.76,29.87,Decreasing,NORMAL,None
2025-05-14 07:00:00,7.275,47.66,10.37,755.94,30.54,Decreasing,NORMAL,None
2025-05-14 08:00:00,7.574,71.18,10.35,739.48,31.34,Increasing,NORMAL,None
2025-05-14 09:00:00,7.314,117.32,8.85,784.5,31.4,Stable,NORMAL,None
2025-05-14 10:00:00,7.635,30.0,8.49,781.19,31.92,Decreasing,NORMAL,None
2025-05-14 11:00:00,7.282,67.66,8.11,754.39,32.12,Decreasing,NORMAL,None
2025-05-14 12:00:00,7.233,55.92,7.59,770.18,32.12,Stable,NORMAL,None
2025-05-14 13:00:00,7.468,42.84,7.39,785.98,32.37,Decreasing,NORMAL,None
2025-05-14 14:00:00,7.27,56.97,6.31,786.21,31.43,Decreasing,NORMAL,None
2025-05-14 15:00:00,7.375,68.14,5.69,782.65,31.47,Decreasing,NORMAL,None
2025-05-14 16:00:00,7.661,66.62,6.9,766.98,31.06,Increasing,NORMAL,None
2025-05-14 17:00:00,7.515,81.0,6.06,773.3,30.78,Increasing,NORMAL,None
2025-05-14 18:00:00,7.171,72.69,6.1,764.54,30.13,Increasing,NORMAL,None
2025-05-14 19:00:00,7.328,89.93,5.51,783.44,29.53,Increasing,NORMAL,None
2025-05-14 20:00:00,7.223,30.23,6.52,774.84,29.18,Decreasing,NORMAL,None
2025-05-14 21:00:00,7.397,122.47,6.95,777.29,28.97,Increasing,NORMAL,None
2025-05-14 22:00:00,7.323,93.05,9.87,779.79,28.36,Increasing,NORMAL,None
2025-05-14 23:00:00,7.182,47.19,10.59,774.48,28.49,Decreasing,NORMAL,None
2025-05-15 00:00:00,7.245,98.7,6.9,788.57,28.36,Increasing,NORMAL,None
2025-05-15 01:00:00,7.251,89.15,6.92,777.54,28.12,Stable,NORMAL,None
2025-05-15 02:00:00,7.521,50.1,7.29,770.02,28.45,Increasing,NORMAL,None
2025-05-15 03:00:00,7.364,49.6,5.56,758.84,29.05,Decreasing,NORMAL,None
2025-05-15 04:00:00,7.354,30.0,4.2,758.77,29.15,Decreasing,NORMAL,None
2025-05-15 05:00:00,7.348,46.53,2.67,758.95,29.65,Stable,NORMAL,None
2025-05-15 06:00:00,7.363,56.17,2.29,778.41,29.65,Decreasing,NORMAL,None
2025-05-15 07:00:00,7.457,30.0,2.69,783.19,30.45,Decreasing,NORMAL,None
2025-05-15 08:00:00,7.306,30.0,1.48,778.59,30.96,Decreasing,NORMAL,None
2025-05-15 09:00:00,7.251,30.0,3.61,743.17,31.26,Decreasing,NORMAL,None
2025-05-15 10:00:00,7.534,51.54,8.22,753.92,32.0,Increasing,NORMAL,None
2025-05-15 11:00:00,7.507,30.0,9.19,753.62,31.57,Decreasing,NORMAL,None
2025-05-15 12:00:00,7.454,119.41,15.96,758.51,32.15,Increasing,NORMAL,None
2025-05-15 13:00:00,7.125,90.06,14.92,771.63,31.76,Increasing,NORMAL,None
2025-05-15 14:00:00,7.318,80.32,12.64,763.5,31.55,Increasing,NORMAL,None
2025-05-15 15:00:00,7.391,81.42,11.49,778.25,31.53,Increasing,NORMAL,None
2025-05-15 16:00:00,7.325,67.92,10.71,767.78,30.71,Increasing,NORMAL,None
2025-05-15 17:00:00,7.218,88.82,11.53,766.36,30.46,Increasing,NORMAL,None
2025-05-15 18:00:00,7.493,83.22,11.69,765.0,30.16,Decreasing,NORMAL,None
2025-05-15 19:00:00,7.338,58.21,12.94,752.64,29.33,Decreasing,NORMAL,None
2025-05-15 20:00:00,7.329,79.08,13.21,753.71,29.19,Stable,NORMAL,None
2025-05-15 21:00:00,7.207,114.16,11.13,787.22,29.33,Increasing,NORMAL,None
2025-05-15 22:00:00,7.364,91.36,9.29,766.86,28.37,Increasing,NORMAL,None
2025-05-15 23:00:00,7.359,52.41,8.38,779.75,27.96,Decreasing,NORMAL,None
2025-05-16 00:00:00,7.346,108.62,9.41,759.31,28.18,Increasing,NORMAL,None
2025-05-16 01:00:00,7.142,30.0,11.32,742.18,27.68,Decreasing,NORMAL,None
2025-05-16 02:00:00,7.33,68.01,10.59,746.54,28.74,Decreasing,NORMAL,None
2025-05-16 03:00:00,7.285,92.41,11.17,748.63,28.77,Decreasing,NORMAL,None
2025-05-16 04:00:00,7.317,102.13,10.71,727.31,29.18,Increasing,NORMAL,None
2025-05-16 05:00:00,7.277,108.59,10.17,747.35,29.4,Increasing,NORMAL,None
2025-05-16 06:00:00,7.401,64.65,10.64,750.6,30.29,Decreasing,NORMAL,None
2025-05-16 07:00:00,7.298,73.18,10.43,769.32,30.7,Increasing,NORMAL,None
2025-05-16 08:00:00,7.302,102.14,9.19,776.47,30.76,Increasing,NORMAL,None
2025-05-16 09:00:00,7.321,62.01,9.71,798.79,31.51,Decreasing,NORMAL,None
2025-05-16 10:00:00,7.194,42.43,9.84,812.42,31.59,Decreasing,NORMAL,None
2025-05-16 11:00:00,7.544,121.29,10.15,820.35,31.95,Increasing,NORMAL,None
2025-05-16 12:00:00,7.516,53.32,11.52,794.64,31.72,Decreasing,NORMAL,None
2025-05-16 13:00:00,7.306,85.03,12.23,781.15,31.53,Increasing,NORMAL,None
2025-05-16 14:00:00,7.394,60.97,10.14,770.97,31.88,Decreasing,NORMAL,None
2025-05-16 15:00:00,7.353,70.46,9.95,750.81,30.94,Increasing,NORMAL,None
2025-05-16 16:00:00,7.297,31.33,10.09,753.36,31.12,Decreasing,NORMAL,None
2025-05-16 17:00:00,7.381,108.9,10.62,764.41,30.26,Decreasing,NORMAL,None
2025-05-16 18:00:00,7.377,77.11,9.28,762.25,30.33,Increasing,NORMAL,None
2025-05-16 19:00:00,7.329,41.94,7.9,754.01,29.0,Decreasing,NORMAL,None
2025-05-16 20:00:00,7.26,68.77,6.95,756.47,28.95,Increasing,NORMAL,None
2025-05-16 21:00:00,7.255,88.67,12.15,771.88,28.77,Increasing,NORMAL,None
2025-05-16 22:00:00,7.347,69.23,11.19,782.95,28.8,Increasing,NORMAL,None
2025-05-16 23:00:00,7.475,60.98,11.18,782.88,27.94,Decreasing,NORMAL,None
2025-05-17 00:00:00,7.382,90.06,13.5,786.46,28.26,Increasing,NORMAL,None
2025-05-17 01:00:00,7.398,57.87,16.68,766.61,28.49,Increasing,NORMAL,None
2025-05-17 02:00:00,7.428,80.41,15.85,780.2,28.48,Increasing,NORMAL,None
2025-05-17 03:00:00,7.414,87.51,12.73,815.22,28.74,Stable,NORMAL,None
2025-05-17 04:00:00,7.305,80.2,9.18,802.14,29.43,Increasing,NORMAL,None
2025-05-17 05:00:00,7.452,64.91,8.01,807.66,29.3,Increasing,NORMAL,None
2025-05-17 06:00:00,7.268,92.8,7.87,815.0,30.39,Increasing,NORMAL,None
2025-05-17 07:00:00,7.27,91.43,6.18,806.72,30.25,Increasing,NORMAL,None
2025-05-17 08:00:00,7.433,58.13,6.97,778.96,30.74,Decreasing,NORMAL,None
2025-05-17 09:00:00,7.15,64.38,5.7,793.82,30.88,Decreasing,NORMAL,None
2025-05-17 10:00:00,7.398,62.05,7.27,819.11,32.04,Decreasing,NORMAL,None
2025-05-17 11:00:00,7.195,38.88,8.32,792.83,31.91,Decreasing,NORMAL,None
2025-05-17 12:00:00,7.339,63.22,8.73,775.28,31.82,Decreasing,NORMAL,None
2025-05-17 13:00:00,7.394,30.0,7.3,789.91,31.98,Decreasing,NORMAL,None
2025-05-17 14:00:00,7.387,77.97,8.31,807.18,30.95,Increasing,NORMAL,None
2025-05-17 15:00:00,7.443,107.61,7.8,827.37,31.65,Increasing,NORMAL,None
2025-05-17 16:00:00,7.341,79.01,6.99,848.66,30.97,Increasing,NORMAL,None
2025-05-17 17:00:00,7.41,58.15,6.37,844.97,30.4,Increasing,NORMAL,None
2025-05-17 18:00:00,7.429,30.0,4.49,837.06,30.4,Decreasing,NORMAL,None
2025-05-17 19:00:00,7.207,75.27,5.03,857.39,29.93,Increasing,NORMAL,None
2025-05-17 20:00:00,7.542,30.0,7.61,844.25,29.07,Decreasing,NORMAL,None
2025-05-17 21:00:00,7.333,80.71,8.26,857.29,28.19,Decreasing,NORMAL,None
2025-05-17 22:00:00,7.475,62.04,7.35,842.25,28.27,Decreasing,NORMAL,None
2025-05-17 23:00:00,7.413,42.01,6.56,819.94,27.69,Decreasing,NORMAL,None
2025-05-18 00:00:00,7.396,57.26,5.51,796.91,28.4,Increasing,NORMAL,None
2025-05-18 01:00:00,7.159,62.0,6.76,778.4,28.5,Decreasing,NORMAL,None
2025-05-18 02:00:00,7.451,62.16,7.79,787.26,29.02,Increasing,NORMAL,None
2025-05-18 03:00:00,7.419,45.54,7.31,787.19,28.37,Decreasing,NORMAL,None
2025-05-18 04:00:00,7.425,72.55,7.97,769.79,29.17,Increasing,NORMAL,None
2025-05-18 05:00:00,7.447,44.02,11.56,792.66,29.76,Increasing,NORMAL,None
2025-05-18 06:00:00,7.205,98.84,10.04,801.16,30.17,Increasing,NORMAL,None
2025-05-18 07:00:00,7.342,61.52,9.28,783.49,31.22,Stable,NORMAL,None
2025-05-18 08:00:00,7.327,73.8,10.39,800.89,30.52,Increasing,NORMAL,None
2025-05-18 09:00:00,7.344,30.0,8.98,804.19,31.66,Decreasing,NORMAL,None
2025-05-18 10:00:00,7.23,80.12,8.99,814.38,31.92,Increasing,NORMAL,None
2025-05-18 11:00:00,7.28,70.75,10.74,800.66,31.85,Increasing,NORMAL,None
2025-05-18 12:00:00,7.311,117.7,9.84,831.39,32.23,Increasing,NORMAL,None
2025-05-18 13:00:00,7.218,70.01,8.72,835.48,31.86,Increasing,NORMAL,None
2025-05-18 14:00:00,7.229,60.44,6.56,833.33,31.29,Decreasing,NORMAL,None
2025-05-18 15:00:00,7.312,53.32,7.37,847.65,31.4,Increasing,NORMAL,None
2025-05-18 16:00:00,7.285,41.15,6.7,833.54,30.94,Decreasing,NORMAL,None
2025-05-18 17:00:00,7.364,63.01,5.59,800.68,30.69,Decreasing,NORMAL,None
2025-05-18 18:00:00,7.319,53.13,6.12,796.62,30.1,Decreasing,NORMAL,None
2025-05-18 19:00:00,7.404,40.43,7.02,793.07,29.01,Decreasing,NORMAL,None
2025-05-18 20:00:00,7.202,80.31,5.03,788.21,29.14,Increasing,NORMAL,None
2025-05-18 21:00:00,7.545,43.48,5.06,774.41,28.49,Decreasing,NORMAL,None
2025-05-18 22:00:00,7.21,127.4,5.76,809.24,28.28,Increasing,NORMAL,None
2025-05-18 23:00:00,7.254,85.17,4.62,804.0,28.47,Increasing,NORMAL,None
2025-05-19 00:00:00,7.488,61.05,6.11,804.49,28.17,Increasing,NORMAL,None
2025-05-19 01:00:00,7.367,88.04,5.26,800.99,28.79,Increasing,NORMAL,None
2025-05-19 02:00:00,7.363,41.51,6.99,807.25,28.82,Decreasing,NORMAL,None
2025-05-19 03:00:00,7.246,53.56,6.29,814.23,29.18,Increasing,NORMAL,None
2025-05-19 04:00:00,7.479,47.43,8.06,816.82,29.85,Decreasing,NORMAL,None
2025-05-19 05:00:00,7.263,53.37,7.45,810.46,29.73,Decreasing,NORMAL,None
2025-05-19 06:00:00,7.369,117.29,14.46,835.38,30.04,Increasing,NORMAL,None
2025-05-19 07:00:00,7.48,65.63,12.07,854.48,30.57,Decreasing,NORMAL,None
2025-05-19 08:00:00,7.262,75.18,11.15,844.32,30.74,Increasing,NORMAL,None
2025-05-19 09:00:00,7.438,84.98,9.35,835.34,31.28,Increasing,NORMAL,None
2025-05-19 10:00:00,7.517,30.0,8.0,839.8,31.64,Decreasing,NORMAL,None
2025-05-19 11:00:00,7.284,60.56,8.68,826.49,31.81,Increasing,NORMAL,None
2025-05-19 12:00:00,7.492,66.86,7.86,831.3,31.74,Decreasing,NORMAL,None
2025-05-19 13:00:00,7.33,100.87,9.19,831.42,32.61,Increasing,NORMAL,None
2025-05-19 14:00:00,7.351,85.29,8.32,852.47,31.47,Increasing,NORMAL,None
2025-05-19 15:00:00,7.252,48.07,7.8,860.1,30.97,Decreasing,NORMAL,None
2025-05-19 16:00:00,7.424,105.43,7.15,848.92,31.16,Increasing,NORMAL,None
2025-05-19 17:00:00,7.353,86.78,5.87,836.29,30.53,Increasing,NORMAL,None
2025-05-19 18:00:00,7.336,61.07,6.7,824.4,30.37,Decreasing,NORMAL,None
2025-05-19 19:00:00,7.246,30.0,6.2,797.43,29.63,Decreasing,NORMAL,None
2025-05-19 20:00:00,7.344,30.0,5.06,800.03,29.52,Decreasing,NORMAL,None
2025-05-19 21:00:00,7.392,75.17,6.13,812.07,28.86,Increasing,NORMAL,None
2025-05-19 22:00:00,7.305,30.0,5.59,806.95,28.58,Decreasing,NORMAL,None
2025-05-19 23:00:00,7.34,86.33,3.97,806.16,28.33,Stable,NORMAL,None
2025-05-20 00:00:00,7.465,30.0,3.49,794.63,27.82,Decreasing,NORMAL,None
2025-05-20 01:00:00,7.219,45.19,4.73,791.41,28.4,Increasing,NORMAL,None
2025-05-20 02:00:00,7.4,33.6,4.13,791.52,28.41,Increasing,NORMAL,None
2025-05-20 03:00:00,7.45,39.77,4.2,785.56,28.7,Decreasing,NORMAL,None
2025-05-20 04:00:00,7.392,62.38,11.84,782.19,29.53,Increasing,NORMAL,None
2025-05-20 05:00:00,7.356,55.0,11.68,792.08,29.59,Decreasing,NORMAL,None
2025-05-20 06:00:00,7.314,108.36,12.23,783.32,29.9,Increasing,NORMAL,None
2025-05-20 07:00:00,7.538,52.62,12.47,810.53,30.16,Increasing,NORMAL,None
2025-05-20 08:00:00,7.659,120.82,11.62,834.36,30.63,Increasing,NORMAL,None
2025-05-20 09:00:00,7.328,53.47,9.9,848.08,31.38,Increasing,NORMAL,None
2025-05-20 10:00:00,7.162,68.43,9.0,830.07,31.72,Increasing,NORMAL,None
2025-05-20 11:00:00,7.468,91.07,6.93,829.72,31.95,Increasing,NORMAL,None
2025-05-20 12:00:00,7.443,92.46,5.82,822.43,31.6,Decreasing,NORMAL,None
2025-05-20 13:00:00,7.259,95.68,6.46,823.47,31.54,Increasing,NORMAL,None
2025-05-20 14:00:00,7.336,56.34,6.63,817.47,31.62,Decreasing,NORMAL,None
2025-05-20 15:00:00,7.207,93.13,5.82,803.28,31.1,Increasing,NORMAL,None
2025-05-20 16:00:00,7.331,47.09,5.95,784.91,30.63,Decreasing,NORMAL,None
2025-05-20 17:00:00,7.415,30.0,4.69,766.55,30.54,Decreasing,NORMAL,None
2025-05-20 18:00:00,7.315,59.48,5.73,762.39,30.3,Decreasing,NORMAL,None
2025-05-20 19:00:00,7.267,30.0,5.36,770.09,29.55,Decreasing,NORMAL,None
2025-05-20 20:00:00,7.568,82.9,7.07,792.69,29.12,Increasing,NORMAL,None
2025-05-20 21:00:00,7.301,63.86,5.38,804.74,29.16,Decreasing,NORMAL,None
2025-05-20 22:00:00,7.296,51.27,6.05,813.72,28.31,Increasing,NORMAL,None
2025-05-20 23:00:00,7.373,30.0,5.18,804.91,28.3,Stable,NORMAL,None
2025-05-21 00:00:00,7.368,67.39,5.37,820.28,28.29,Increasing,NORMAL,None
2025-05-21 01:00:00,7.458,49.74,5.22,814.6,27.99,Increasing,NORMAL,None
2025-05-21 02:00:00,7.46,30.0,4.98,805.88,28.57,Decreasing,NORMAL,None
2025-05-21 03:00:00,7.401,35.94,5.76,815.04,28.74,Decreasing,NORMAL,None
2025-05-21 04:00:00,7.272,73.68,6.29,827.99,29.12,Increasing,NORMAL,None
2025-05-21 05:00:00,7.376,71.96,4.94,834.15,29.41,Increasing,NORMAL,None
2025-05-21 06:00:00,7.306,30.0,5.58,822.68,30.26,Decreasing,NORMAL,None
2025-05-21 07:00:00,7.535,99.73,3.75,820.36,30.57,Increasing,NORMAL,None
2025-05-21 08:00:00,7.295,30.0,5.18,812.28,30.71,Stable,NORMAL,None
2025-05-21 09:00:00,7.152,35.13,5.06,796.68,30.97,Stable,NORMAL,None
2025-05-21 10:00:00,7.245,30.0,5.24,806.23,31.18,Decreasing,NORMAL,None
2025-05-21 11:00:00,7.6,83.84,4.98,809.21,32.06,Increasing,NORMAL,None
2025-05-21 12:00:00,7.355,47.41,5.4,812.52,31.96,Increasing,NORMAL,None
2025-05-21 13:00:00,7.346,35.89,3.44,802.36,31.63,Decreasing,NORMAL,None
2025-05-21 14:00:00,7.573,38.4,3.82,814.69,31.38,Increasing,NORMAL,None
2025-05-21 15:00:00,7.536,43.27,3.45,806.41,31.97,Increasing,NORMAL,None
2025-05-21 16:00:00,7.517,30.0,3.71,796.53,30.97,Stable,NORMAL,None
2025-05-21 17:00:00,7.406,30.0,5.23,764.88,30.3,Decreasing,NORMAL,None
2025-05-21 18:00:00,7.486,85.88,23.52,746.91,30.09,Increasing,NORMAL,None
2025-05-21 19:00:00,7.422,108.7,23.45,745.54,30.15,Increasing,NORMAL,None
2025-05-21 20:00:00,7.229,143.55,19.28,767.13,28.72,Increasing,NORMAL,None
2025-05-21 21:00:00,7.192,154.97,19.74,785.98,28.71,Increasing,NORMAL,None
2025-05-21 22:00:00,7.374,122.02,18.86,799.75,28.49,Increasing,NORMAL,None
2025-05-21 23:00:00,7.359,52.57,18.19,801.55,28.46,Increasing,NORMAL,None
2025-05-22 00:00:00,7.325,101.7,17.02,833.65,28.09,Increasing,NORMAL,None
2025-05-22 01:00:00,7.295,59.05,15.28,818.41,28.39,Decreasing,NORMAL,None
2025-05-22 02:00:00,7.45,95.93,15.34,824.78,28.62,Decreasing,NORMAL,None
2025-05-22 03:00:00,7.174,90.57,14.24,853.38,28.53,Decreasing,NORMAL,None
2025-05-22 04:00:00,7.327,115.86,11.82,863.67,28.56,Decreasing,NORMAL,None
2025-05-22 05:00:00,7.519,56.86,12.2,861.56,29.22,Increasing,NORMAL,None
2025-05-22 06:00:00,7.319,83.61,10.25,855.89,30.19,Decreasing,NORMAL,None
2025-05-22 07:00:00,7.304,120.64,14.6,864.93,30.73,Increasing,NORMAL,None
2025-05-22 08:00:00,7.57,90.7,12.26,881.16,30.64,Decreasing,NORMAL,None
2025-05-22 09:00:00,7.216,84.13,10.31,872.2,30.74,Decreasing,NORMAL,None
2025-05-22 10:00:00,7.551,60.92,19.59,856.54,30.93,Decreasing,NORMAL,None
2025-05-22 11:00:00,7.44,108.89,18.63,869.93,31.88,Increasing,NORMAL,None
2025-05-22 12:00:00,7.261,142.76,16.59,850.46,31.58,Increasing,NORMAL,None
2025-05-22 13:00:00,7.374,62.57,14.32,870.37,31.64,Decreasing,NORMAL,None
2025-05-22 14:00:00,7.297,66.99,12.69,890.21,31.66,Decreasing,NORMAL,None
2025-05-22 15:00:00,7.451,69.32,11.35,885.42,31.44,Decreasing,NORMAL,None
2025-05-22 16:00:00,7.337,79.71,9.53,905.78,31.16,Increasing,NORMAL,None
2025-05-22 17:00:00,7.336,54.49,9.25,940.41,31.16,Decreasing,NORMAL,None
2025-05-22 18:00:00,7.182,84.76,8.52,921.04,30.69,Decreasing,NORMAL,None
2025-05-22 19:00:00,7.426,49.95,6.89,875.3,29.54,Decreasing,NORMAL,None
2025-05-22 20:00:00,7.284,54.48,8.18,864.59,29.62,Decreasing,NORMAL,None
2025-05-22 21:00:00,7.311,61.39,6.62,853.13,28.55,Decreasing,NORMAL,None
2025-05-22 22:00:00,7.428,64.45,7.68,849.13,29.09,Decreasing,NORMAL,None
2025-05-22 23:00:00,7.334,70.34,8.33,854.85,28.16,Increasing,NORMAL,None
2025-05-23 00:00:00,7.248,72.76,7.75,853.59,27.92,Decreasing,NORMAL,None
2025-05-23 01:00:00,7.375,123.53,7.59,859.31,28.71,Increasing,NORMAL,None
2025-05-23 02:00:00,7.432,59.74,7.58,833.16,28.32,Increasing,NORMAL,None
2025-05-23 03:00:00,7.197,51.66,9.28,822.04,28.65,Decreasing,NORMAL,None
2025-05-23 04:00:00,7.329,105.46,7.06,820.46,28.79,Increasing,NORMAL,None
2025-05-23 05:00:00,7.282,31.92,6.81,813.82,29.82,Decreasing,NORMAL,None
2025-05-23 06:00:00,7.344,88.15,6.23,811.1,30.33,Increasing,NORMAL,None
2025-05-23 07:00:00,7.457,72.64,6.63,809.75,30.12,Decreasing,NORMAL,None
2025-05-23 08:00:00,7.349,95.79,5.56,800.22,31.2,Increasing,NORMAL,None
2025-05-23 09:00:00,7.348,78.81,4.92,795.95,31.1,Increasing,NORMAL,None
2025-05-23 10:00:00,7.237,73.31,4.88,779.19,31.48,Decreasing,NORMAL,None
2025-05-23 11:00:00,7.131,67.08,5.46,775.36,31.65,Increasing,NORMAL,None
2025-05-23 12:00:00,7.45,33.34,4.41,787.32,31.84,Decreasing,NORMAL,None
2025-05-23 13:00:00,7.48,30.0,4.67,799.41,31.8,Decreasing,NORMAL,None
2025-05-23 14:00:00,7.408,37.45,4.25,796.26,31.48,Decreasing,NORMAL,None
2025-05-23 15:00:00,7.478,33.59,3.17,792.23,31.31,Decreasing,NORMAL,None
2025-05-23 16:00:00,7.365,76.93,3.29,808.08,30.94,Increasing,NORMAL,None
2025-05-23 17:00:00,7.342,30.0,2.55,807.9,30.75,Decreasing,NORMAL,None
2025-05-23 18:00:00,7.452,45.94,1.38,813.15,30.29,Increasing,NORMAL,None
2025-05-23 19:00:00,7.439,30.0,3.18,815.74,29.21,Stable,NORMAL,None
2025-05-23 20:00:00,7.255,62.7,3.57,803.91,29.04,Increasing,NORMAL,None
2025-05-23 21:00:00,7.563,60.42,2.69,796.08,28.65,Increasing,NORMAL,None
2025-05-23 22:00:00,7.445,47.68,6.69,778.67,28.24,Decreasing,NORMAL,None
2025-05-23 23:00:00,7.302,83.05,7.39,785.85,27.69,Increasing,NORMAL,None
2025-05-24 00:00:00,7.522,38.92,7.18,775.92,27.78,Decreasing,NORMAL,None
2025-05-24 01:00:00,7.368,64.17,6.77,762.58,28.55,Increasing,NORMAL,None
2025-05-24 02:00:00,7.323,39.98,5.13,780.61,28.83,Decreasing,NORMAL,None
2025-05-24 03:00:00,7.322,47.3,3.38,774.33,29.13,Decreasing,NORMAL,None
2025-05-24 04:00:00,7.666,36.47,3.24,774.33,28.93,Decreasing,NORMAL,None
2025-05-24 05:00:00,7.491,30.0,1.58,784.96,29.49,Decreasing,NORMAL,None
2025-05-24 06:00:00,7.27,66.69,2.14,818.5,29.84,Increasing,NORMAL,None
2025-05-24 07:00:00,7.225,50.73,1.0,825.08,30.52,Decreasing,NORMAL,None
2025-05-24 08:00:00,7.274,60.65,1.0,868.34,31.11,Increasing,NORMAL,None
2025-05-24 09:00:00,7.243,30.0,1.0,854.94,31.39,Decreasing,NORMAL,None
2025-05-24 10:00:00,7.249,35.99,1.0,846.04,30.73,Stable,NORMAL,None
2025-05-24 11:00:00,7.215,30.0,1.06,843.91,31.47,Stable,NORMAL,None
2025-05-24 12:00:00,7.46,30.0,1.37,833.25,31.58,Decreasing,NORMAL,None
2025-05-24 13:00:00,7.501,64.88,2.03,831.67,31.66,Increasing,NORMAL,None
2025-05-24 14:00:00,7.441,30.0,2.48,813.48,31.44,Decreasing,NORMAL,None
2025-05-24 15:00:00,7.365,30.0,3.13,807.5,30.96,Stable,NORMAL,None
2025-05-24 16:00:00,7.361,30.0,2.95,792.74,31.01,Decreasing,NORMAL,None
2025-05-24 17:00:00,7.33,31.64,3.95,769.11,30.35,Increasing,NORMAL,None
2025-05-24 18:00:00,7.376,30.0,3.97,771.57,29.52,Stable,NORMAL,None
2025-05-24 19:00:00,7.203,45.47,4.06,779.34,29.71,Decreasing,NORMAL,None
2025-05-24 20:00:00,7.352,55.0,3.84,792.75,29.14,Increasing,NORMAL,None
2025-05-24 21:00:00,7.374,30.0,3.48,785.83,29.14,Stable,NORMAL,None
2025-05-24 22:00:00,7.405,57.69,4.15,787.59,28.21,Increasing,NORMAL,None
2025-05-24 23:00:00,7.273,53.98,3.07,780.0,28.46,Increasing,NORMAL,None
2025-05-25 00:00:00,7.339,97.81,4.14,770.3,28.21,Increasing,NORMAL,None
2025-05-25 01:00:00,7.391,30.0,2.7,760.88,27.79,Decreasing,NORMAL,None
2025-05-25 02:00:00,7.307,57.96,3.26,767.39,28.23,Increasing,NORMAL,None
2025-05-25 03:00:00,7.473,55.97,3.64,781.92,28.89,Increasing,NORMAL,None
2025-05-25 04:00:00,7.348,53.48,4.34,776.91,28.67,Decreasing,NORMAL,None
2025-05-25 05:00:00,7.445,99.03,5.99,786.77,29.64,Increasing,NORMAL,None
2025-05-25 06:00:00,7.289,49.77,6.38,776.8,29.52,Decreasing,NORMAL,None
2025-05-25 07:00:00,7.303,59.3,3.84,770.47,30.04,Increasing,NORMAL,None
2025-05-25 08:00:00,7.409,44.73,2.69,781.09,30.69,Decreasing,NORMAL,None
2025-05-25 09:00:00,7.359,81.56,3.8,770.91,31.49,Increasing,NORMAL,None
2025-05-25 10:00:00,7.271,55.95,4.35,786.22,30.92,Increasing,NORMAL,None
2025-05-25 11:00:00,7.485,30.0,5.21,773.28,32.04,Decreasing,NORMAL,None
2025-05-25 12:00:00,7.304,83.64,8.19,782.09,31.66,Increasing,NORMAL,None
2025-05-25 13:00:00,7.5,63.36,7.05,761.93,31.39,Increasing,NORMAL,None
2025-05-25 14:00:00,7.538,71.34,9.28,749.02,31.24,Increasing,NORMAL,None
2025-05-25 15:00:00,7.343,43.57,8.35,766.89,31.38,Decreasing,NORMAL,None
2025-05-25 16:00:00,7.252,95.57,8.02,764.79,30.78,Increasing,NORMAL,None
2025-05-25 17:00:00,7.326,84.92,8.55,757.3,30.38,Increasing,NORMAL,None
2025-05-25 18:00:00,7.358,45.65,11.96,737.47,29.85,Decreasing,NORMAL,None
2025-05-25 19:00:00,7.485,96.85,10.72,775.79,29.16,Increasing,NORMAL,None
2025-05-25 20:00:00,7.068,105.11,12.13,796.37,28.58,Increasing,NORMAL,None
2025-05-25 21:00:00,7.287,104.93,12.1,808.39,28.5,Increasing,NORMAL,None
2025-05-25 22:00:00,7.312,69.64,11.16,778.1,28.64,Decreasing,NORMAL,None
2025-05-25 23:00:00,7.482,60.78,10.56,753.58,28.39,Decreasing,NORMAL,None
2025-05-26 00:00:00,7.405,102.79,9.42,754.13,28.12,Increasing,NORMAL,None
2025-05-26 01:00:00,7.322,64.3,9.45,776.47,28.25,Decreasing,NORMAL,None
2025-05-26 02:00:00,7.432,68.71,7.47,800.51,28.42,Decreasing,NORMAL,None
2025-05-26 03:00:00,7.32,30.0,8.5,788.36,28.23,Decreasing,NORMAL,None
2025-05-26 04:00:00,7.445,50.61,7.15,770.2,28.81,Decreasing,NORMAL,None
2025-05-26 05:00:00,7.384,68.66,6.74,759.92,29.45,Increasing,NORMAL,None
2025-05-26 06:00:00,7.438,62.2,5.33,780.0,29.63,Decreasing,NORMAL,None
2025-05-26 07:00:00,7.571,30.0,4.11,772.42,30.55,Decreasing,NORMAL,None
2025-05-26 08:00:00,7.259,92.07,6.86,761.59,31.04,Increasing,NORMAL,None
2025-05-26 09:00:00,7.146,56.88,6.5,767.77,31.41,Increasing,NORMAL,None
2025-05-26 10:00:00,7.4,31.76,5.28,747.84,31.07,Decreasing,NORMAL,None
2025-05-26 11:00:00,7.058,62.54,5.18,749.25,31.5,Decreasing,NORMAL,None
2025-05-26 12:00:00,7.149,87.3,7.57,776.18,31.94,Increasing,NORMAL,None
2025-05-26 13:00:00,7.471,56.26,8.52,784.63,31.6,Increasing,NORMAL,None
2025-05-26 14:00:00,7.272,30.0,6.13,771.21,30.9,Decreasing,NORMAL,None
2025-05-26 15:00:00,7.323,59.94,4.03,767.74,31.12,Increasing,NORMAL,None
2025-05-26 16:00:00,7.542,64.42,4.28,790.26,30.97,Increasing,NORMAL,None
2025-05-26 17:00:00,7.318,65.64,4.39,800.0,30.16,Increasing,NORMAL,None
2025-05-26 18:00:00,7.271,73.36,5.06,821.58,30.48,Decreasing,NORMAL,None
2025-05-26 19:00:00,7.313,95.57,5.77,833.73,29.27,Increasing,NORMAL,None
2025-05-26 20:00:00,7.414,30.0,6.79,811.28,28.92,Stable,NORMAL,None
2025-05-26 21:00:00,7.343,71.28,6.64,807.69,28.83,Increasing,NORMAL,None
2025-05-26 22:00:00,7.332,91.93,6.55,820.44,28.3,Increasing,NORMAL,None
2025-05-26 23:00:00,7.253,102.54,6.11,819.62,28.47,Increasing,NORMAL,None
2025-05-27 00:00:00,7.234,42.58,4.92,819.26,27.86,Decreasing,NORMAL,None
2025-05-27 01:00:00,7.386,30.0,5.62,804.06,28.14,Decreasing,NORMAL,None
2025-05-27 02:00:00,7.451,66.17,5.83,801.06,28.32,Increasing,NORMAL,None
2025-05-27 03:00:00,7.501,38.86,4.55,796.74,29.03,Decreasing,NORMAL,None
2025-05-27 04:00:00,7.304,73.4,6.13,776.15,28.88,Decreasing,NORMAL,None
2025-05-27 05:00:00,7.363,101.82,6.75,781.84,29.91,Stable,NORMAL,None
2025-05-27 06:00:00,7.513,42.35,4.4,792.79,30.08,Stable,NORMAL,None
2025-05-27 07:00:00,7.303,40.25,4.41,766.39,30.82,Increasing,NORMAL,None
2025-05-27 08:00:00,7.426,30.0,4.19,746.81,30.42,Decreasing,NORMAL,None
2025-05-27 09:00:00,7.439,46.25,5.57,759.38,30.76,Increasing,NORMAL,None
2025-05-27 10:00:00,7.584,84.04,6.27,793.17,31.93,Increasing,NORMAL,None
2025-05-27 11:00:00,7.448,36.11,6.87,785.53,31.88,Decreasing,NORMAL,None
2025-05-27 12:00:00,7.345,68.25,7.0,806.91,31.28,Increasing,NORMAL,None
2025-05-27 13:00:00,7.5,70.23,7.1,798.86,32.17,Increasing,NORMAL,None
2025-05-27 14:00:00,7.351,44.27,7.58,781.33,31.52,Increasing,NORMAL,None
2025-05-27 15:00:00,7.261,97.45,5.52,779.78,31.13,Increasing,NORMAL,None
2025-05-27 16:00:00,7.311,30.0,5.47,784.36,31.07,Decreasing,NORMAL,None
2025-05-27 17:00:00,7.32,59.07,4.87,770.87,29.85,Increasing,NORMAL,None
2025-05-27 18:00:00,7.482,56.63,4.71,764.75,29.08,Decreasing,NORMAL,None
2025-05-27 19:00:00,7.414,69.99,5.46,761.14,29.49,Stable,NORMAL,None
2025-05-27 20:00:00,7.137,147.51,19.24,792.03,29.67,Increasing,NORMAL,None
2025-05-27 21:00:00,7.4,179.66,16.05,800.85,28.66,Increasing,NORMAL,None
2025-05-27 22:00:00,7.262,115.83,13.04,824.28,27.88,Increasing,NORMAL,None
2025-05-27 23:00:00,7.426,81.66,12.69,813.72,27.99,Increasing,NORMAL,None
2025-05-28 00:00:00,7.357,77.99,14.73,815.47,28.17,Increasing,NORMAL,None
2025-05-28 01:00:00,7.285,121.54,12.59,858.73,28.34,Increasing,NORMAL,None
2025-05-28 02:00:00,7.414,107.49,11.69,847.47,28.41,Decreasing,NORMAL,None
2025-05-28 03:00:00,7.321,44.79,9.82,835.21,28.75,Decreasing,NORMAL,None
2025-05-28 04:00:00,7.182,30.0,7.03,844.98,28.66,Decreasing,NORMAL,None
2025-05-28 05:00:00,7.428,57.67,6.66,842.68,29.56,Decreasing,NORMAL,None
2025-05-28 06:00:00,7.369,30.0,6.51,803.63,29.39,Decreasing,NORMAL,None
2025-05-28 07:00:00,7.367,108.3,4.86,841.73,30.76,Decreasing,NORMAL,None
2025-05-28 08:00:00,7.085,135.01,5.29,840.6,30.82,Increasing,NORMAL,None
2025-05-28 09:00:00,7.238,63.66,3.65,851.28,30.91,Increasing,NORMAL,None
2025-05-28 10:00:00,7.273,60.03,1.6,845.12,31.39,Increasing,NORMAL,None
2025-05-28 11:00:00,7.44,56.74,2.34,840.19,31.81,Stable,NORMAL,None
2025-05-28 12:00:00,7.453,68.4,2.49,842.25,32.02,Increasing,NORMAL,None
2025-05-28 13:00:00,7.434,30.0,3.63,817.74,31.84,Decreasing,NORMAL,None
2025-05-28 14:00:00,7.327,73.71,2.28,822.47,31.42,Decreasing,NORMAL,None
2025-05-28 15:00:00,7.344,60.95,1.0,845.26,30.94,Decreasing,NORMAL,None
2025-05-28 16:00:00,7.419,30.0,1.0,838.64,30.69,Decreasing,NORMAL,None
2025-05-28 17:00:00,7.226,66.57,1.0,867.1,30.69,Increasing,NORMAL,None
2025-05-28 18:00:00,7.387,46.35,1.0,847.66,29.8,Decreasing,NORMAL,None
2025-05-28 19:00:00,7.335,39.68,1.0,856.14,29.27,Increasing,NORMAL,None
2025-05-28 20:00:00,7.334,47.95,1.58,849.9,29.5,Decreasing,NORMAL,None
2025-05-28 21:00:00,7.531,41.91,1.0,840.67,28.82,Decreasing,NORMAL,None
2025-05-28 22:00:00,7.21,30.0,1.0,821.81,28.36,Stable,NORMAL,None
2025-05-28 23:00:00,7.369,30.98,1.0,826.69,28.61,Decreasing,NORMAL,None
2025-05-29 00:00:00,7.25,50.39,3.94,826.81,28.07,Increasing,NORMAL,None
2025-05-29 01:00:00,7.369,30.0,3.91,817.27,28.03,Decreasing,NORMAL,None
2025-05-29 02:00:00,7.345,30.0,2.84,786.86,28.37,Decreasing,NORMAL,None
2025-05-29 03:00:00,7.389,69.8,3.18,794.06,28.47,Increasing,NORMAL,None
2025-05-29 04:00:00,7.378,72.32,6.35,779.15,28.92,Increasing,NORMAL,None
2025-05-29 05:00:00,7.478,53.35,5.71,781.97,29.47,Increasing,NORMAL,None
2025-05-29 06:00:00,7.277,52.98,7.8,766.62,30.27,Increasing,NORMAL,None
2025-05-29 07:00:00,7.35,152.17,8.7,792.75,30.29,Increasing,NORMAL,None
2025-05-29 08:00:00,7.481,83.08,6.84,798.48,30.9,Increasing,NORMAL,None
2025-05-29 09:00:00,7.219,115.93,6.98,803.11,30.87,Increasing,NORMAL,None
2025-05-29 10:00:00,7.41,57.3,5.51,801.92,31.83,Decreasing,NORMAL,None
2025-05-29 11:00:00,7.351,153.74,28.38,791.55,31.1,Increasing,NORMAL,None
2025-05-29 12:00:00,7.209,147.01,25.01,835.98,31.75,Increasing,NORMAL,None
2025-05-29 13:00:00,7.182,123.28,23.21,862.22,31.69,Decreasing,NORMAL,None
2025-05-29 14:00:00,7.352,136.03,22.17,884.71,31.44,Increasing,NORMAL,None
2025-05-29 15:00:00,7.44,108.2,20.05,872.58,30.88,Decreasing,NORMAL,None
2025-05-29 16:00:00,7.293,92.21,18.28,875.29,30.97,Increasing,NORMAL,None
2025-05-29 17:00:00,7.375,93.22,17.14,860.77,30.06,Decreasing,NORMAL,None
2025-05-29 18:00:00,7.147,91.36,15.56,843.08,29.8,Decreasing,NORMAL,None
2025-05-29 19:00:00,7.315,81.45,14.17,852.43,29.23,Decreasing,NORMAL,None
2025-05-29 20:00:00,7.341,84.13,12.33,847.99,28.95,Decreasing,NORMAL,None
2025-05-29 21:00:00,7.151,113.25,11.11,862.17,28.85,Increasing,NORMAL,None
2025-05-29 22:00:00,7.297,105.0,11.98,866.02,28.41,Increasing,NORMAL,None
2025-05-29 23:00:00,7.284,110.72,11.44,862.01,28.17,Increasing,NORMAL,None
2025-05-30 00:00:00,7.254,76.77,13.03,844.05,28.08,Decreasing,NORMAL,None
2025-05-30 01:00:00,7.315,115.79,13.31,842.8,28.08,Increasing,NORMAL,None
2025-05-30 02:00:00,7.168,136.04,11.99,847.82,28.53,Increasing,NORMAL,None
2025-05-30 03:00:00,7.245,87.64,11.09,863.84,29.16,Decreasing,NORMAL,None
2025-05-30 04:00:00,7.306,110.0,8.91,852.25,28.84,Increasing,NORMAL,None
2025-05-30 05:00:00,7.352,78.11,8.93,859.2,28.97,Decreasing,NORMAL,None
2025-05-30 06:00:00,7.227,41.36,9.1,843.21,30.04,Decreasing,NORMAL,None
2025-05-30 07:00:00,7.423,81.82,6.96,848.15,29.66,Decreasing,NORMAL,None
2025-05-30 08:00:00,7.244,59.35,5.22,806.62,31.0,Decreasing,NORMAL,None
2025-05-30 09:00:00,7.389,57.96,5.12,807.36,31.06,Decreasing,NORMAL,None
2025-05-30 10:00:00,7.337,54.27,4.71,790.11,31.06,Decreasing,NORMAL,None
2025-05-30 11:00:00,7.443,31.95,3.65,777.31,30.8,Decreasing,NORMAL,None
2025-05-30 12:00:00,7.233,46.9,3.99,771.53,31.89,Increasing,NORMAL,None
2025-05-30 13:00:00,7.379,51.33,4.16,778.65,31.44,Decreasing,NORMAL,None
2025-05-30 14:00:00,7.376,94.96,3.19,783.99,31.41,Increasing,NORMAL,None
2025-05-30 15:00:00,7.473,30.0,2.35,769.81,30.34,Decreasing,NORMAL,None
2025-05-30 16:00:00,7.386,30.0,1.87,755.73,30.74,Decreasing,NORMAL,None
2025-05-30 17:00:00,7.384,57.67,1.93,742.69,30.34,Increasing,NORMAL,None
2025-05-30 18:00:00,7.404,74.17,3.79,739.4,29.92,Increasing,NORMAL,None
2025-05-30 19:00:00,7.226,82.58,4.5,740.54,28.9,Increasing,NORMAL,None
2025-05-30 20:00:00,7.323,64.2,6.08,733.0,28.8,Decreasing,NORMAL,None
2025-05-30 21:00:00,7.408,70.21,7.48,743.63,28.07,Increasing,NORMAL,None
2025-05-30 22:00:00,7.412,30.69,9.81,742.92,28.7,Stable,NORMAL,None
2025-05-30 23:00:00,7.357,52.04,9.73,749.67,27.85,Decreasing,NORMAL,None
2025-05-31 00:00:00,7.349,112.92,10.51,755.87,28.09,Increasing,NORMAL,None
2025-05-31 01:00:00,7.335,79.31,9.24,756.24,27.69,Decreasing,NORMAL,None
2025-05-31 02:00:00,7.285,84.5,9.25,760.05,28.32,Increasing,NORMAL,None
2025-05-31 03:00:00,7.254,91.14,10.09,777.71,28.79,Increasing,NORMAL,None
2025-05-31 04:00:00,7.258,108.27,9.8,770.47,29.38,Increasing,NORMAL,None
2025-05-31 05:00:00,7.031,79.03,9.92,760.5,29.34,Increasing,NORMAL,None
2025-05-31 06:00:00,7.341,53.57,9.25,762.46,29.9,Decreasing,NORMAL,None
2025-05-31 07:00:00,7.295,78.3,8.36,764.93,29.91,Stable,NORMAL,None
2025-05-31 08:00:00,7.413,54.85,7.65,760.72,30.6,Decreasing,NORMAL,None
2025-05-31 09:00:00,7.29,33.81,5.61,759.8,30.9,Decreasing,NORMAL,None
2025-05-31 10:00:00,7.284,78.23,4.98,767.16,31.32,Decreasing,NORMAL,None
2025-05-31 11:00:00,7.367,38.69,6.23,797.08,31.51,Decreasing,NORMAL,None
2025-05-31 12:00:00,7.471,47.33,7.95,783.99,31.51,Decreasing,NORMAL,None
2025-05-31 13:00:00,7.29,75.02,7.52,787.42,31.6,Decreasing,NORMAL,None
2025-05-31 14:00:00,7.288,86.05,5.32,806.27,31.38,Increasing,NORMAL,None
2025-05-31 15:00:00,7.195,84.06,4.99,762.1,31.16,Increasing,NORMAL,None
2025-05-31 16:00:00,7.308,30.87,5.0,743.81,30.12,Decreasing,NORMAL,None
2025-05-31 17:00:00,7.443,84.46,9.67,725.72,30.09,Increasing,NORMAL,None
2025-05-31 18:00:00,7.187,85.05,8.98,756.3,29.7,Increasing,NORMAL,None
2025-05-31 19:00:00,7.291,71.97,9.46,754.24,29.77,Decreasing,NORMAL,None
2025-05-31 20:00:00,7.453,61.88,9.23,753.93,28.59,Decreasing,NORMAL,None
2025-05-31 21:00:00,7.34,34.44,9.34,763.56,28.76,Decreasing,NORMAL,None
2025-05-31 22:00:00,7.249,122.65,8.77,764.74,28.09,Increasing,NORMAL,None
2025-05-31 23:00:00,7.393,40.22,8.66,755.15,27.54,Decreasing,NORMAL,None
2025-06-01 00:00:00,7.165,128.6,7.59,761.95,27.58,Increasing,NORMAL,None
2025-06-01 01:00:00,7.269,30.0,7.18,773.34,28.16,Decreasing,NORMAL,None
2025-06-01 02:00:00,7.428,44.95,6.22,772.94,27.94,Decreasing,NORMAL,None
2025-06-01 03:00:00,7.226,216.54,29.67,810.17,28.1,Increasing,NORMAL,None
2025-06-01 04:00:00,7.384,113.19,25.04,826.7,29.23,Decreasing,NORMAL,None
2025-06-01 05:00:00,7.286,143.57,21.41,835.34,29.22,Increasing,NORMAL,None
2025-06-01 06:00:00,7.271,113.44,20.24,831.8,29.65,Decreasing,NORMAL,None
2025-06-01 07:00:00,7.084,112.72,17.64,796.96,30.41,Increasing,NORMAL,None
2025-06-01 08:00:00,7.283,99.68,16.45,806.88,30.81,Increasing,NORMAL,None
2025-06-01 09:00:00,7.273,94.04,16.03,817.74,30.48,Decreasing,NORMAL,None
2025-06-01 10:00:00,7.35,66.97,13.14,814.03,31.67,Decreasing,NORMAL,None
2025-06-01 11:00:00,7.358,72.53,13.29,818.43,31.72,Decreasing,NORMAL,None
2025-06-01 12:00:00,7.179,102.24,13.88,821.11,31.84,Decreasing,NORMAL,None
2025-06-01 13:00:00,7.201,126.83,21.34,848.54,31.67,Increasing,NORMAL,None
2025-06-01 14:00:00,7.333,119.37,20.67,868.24,31.94,Increasing,NORMAL,None
2025-06-01 15:00:00,7.425,132.88,21.49,868.98,31.1,Increasing,NORMAL,None
2025-06-01 16:00:00,7.198,97.77,17.98,878.39,30.77,Increasing,NORMAL,None
2025-06-01 17:00:00,7.39,99.55,17.16,885.21,29.91,Increasing,NORMAL,None
2025-06-01 18:00:00,7.419,81.27,14.84,889.51,30.34,Decreasing,NORMAL,None
2025-06-01 19:00:00,7.367,121.3,14.41,897.3,29.5,Decreasing,NORMAL,None
2025-06-01 20:00:00,7.277,97.64,12.97,877.79,29.22,Decreasing,NORMAL,None
2025-06-01 21:00:00,7.184,114.66,27.01,876.24,28.8,Decreasing,NORMAL,None
2025-06-01 22:00:00,7.433,153.51,27.19,876.31,28.64,Increasing,NORMAL,None
2025-06-01 23:00:00,7.248,159.95,23.71,919.45,27.77,Increasing,NORMAL,None
2025-06-02 00:00:00,7.286,112.55,20.23,912.85,28.55,Increasing,NORMAL,None
2025-06-02 01:00:00,7.466,107.5,18.57,921.66,27.46,Decreasing,NORMAL,None
2025-06-02 02:00:00,7.367,71.44,17.61,915.44,27.95,Decreasing,NORMAL,None
2025-06-02 03:00:00,7.467,120.28,17.59,888.45,28.64,Increasing,NORMAL,None
2025-06-02 04:00:00,7.225,130.64,17.95,910.52,29.28,Decreasing,NORMAL,None
2025-06-02 05:00:00,7.167,135.52,16.11,895.93,29.43,Decreasing,NORMAL,None
2025-06-02 06:00:00,7.407,85.55,14.3,911.05,29.44,Decreasing,NORMAL,None
2025-06-02 07:00:00,7.432,75.02,12.17,902.0,30.45,Decreasing,NORMAL,None
2025-06-02 08:00:00,7.217,32.77,10.65,888.97,31.28,Decreasing,NORMAL,None
2025-06-02 09:00:00,7.306,53.09,10.81,878.78,30.51,Decreasing,NORMAL,None
2025-06-02 10:00:00,7.461,109.85,10.94,877.91,31.13,Decreasing,NORMAL,None
2025-06-02 11:00:00,7.294,139.19,13.57,882.81,31.61,Stable,NORMAL,None
2025-06-02 12:00:00,7.4,66.04,11.41,876.13,31.64,Decreasing,NORMAL,None
2025-06-02 13:00:00,7.063,89.01,14.83,862.36,31.52,Increasing,NORMAL,None
2025-06-02 14:00:00,7.414,115.59,15.02,868.74,30.94,Increasing,NORMAL,None
2025-06-02 15:00:00,7.196,93.45,13.89,858.78,31.15,Increasing,NORMAL,None
2025-06-02 16:00:00,7.234,61.93,13.03,866.94,30.5,Decreasing,NORMAL,None
2025-06-02 17:00:00,7.567,130.93,10.53,864.52,30.52,Decreasing,NORMAL,None
2025-06-02 18:00:00,7.488,89.03,8.47,854.88,30.14,Increasing,NORMAL,None
2025-06-02 19:00:00,7.089,93.82,8.57,865.96,29.11,Increasing,NORMAL,None
2025-06-02 20:00:00,7.481,103.86,10.45,878.83,28.44,Decreasing,NORMAL,None
2025-06-02 21:00:00,7.128,124.34,8.93,887.48,28.38,Increasing,NORMAL,None
2025-06-02 22:00:00,7.382,50.95,8.12,881.29,28.49,Decreasing,NORMAL,None
2025-06-02 23:00:00,7.307,92.89,10.98,885.24,27.91,Decreasing,NORMAL,None
2025-06-03 00:00:00,7.452,102.63,10.17,880.65,28.05,Increasing,NORMAL,None
2025-06-03 01:00:00,7.358,65.04,8.43,883.1,28.11,Decreasing,NORMAL,None
2025-06-03 02:00:00,7.509,64.37,7.92,877.01,28.53,Decreasing,NORMAL,None
2025-06-03 03:00:00,7.41,80.08,6.12,874.12,28.9,Decreasing,NORMAL,None
2025-06-03 04:00:00,7.412,43.76,6.11,873.61,29.3,Decreasing,NORMAL,None
2025-06-03 05:00:00,7.318,54.51,5.66,859.65,29.04,Decreasing,NORMAL,None
2025-06-03 06:00:00,7.247,30.0,4.49,855.93,29.65,Decreasing,NORMAL,None
2025-06-03 07:00:00,7.152,84.78,4.61,889.18,30.08,Increasing,NORMAL,None
2025-06-03 08:00:00,7.381,51.21,6.0,897.79,30.27,Decreasing,NORMAL,None
2025-06-03 09:00:00,7.326,39.39,4.39,898.86,31.16,Decreasing,NORMAL,None
2025-06-03 10:00:00,7.478,58.75,4.64,889.15,31.04,Increasing,NORMAL,None
2025-06-03 11:00:00,7.373,30.0,3.75,866.57,31.55,Decreasing,NORMAL,None
2025-06-03 12:00:00,7.275,53.2,5.08,864.89,31.41,Increasing,NORMAL,None
2025-06-03 13:00:00,7.271,88.31,6.07,856.69,31.73,Increasing,NORMAL,None
2025-06-03 14:00:00,7.358,75.05,6.9,838.86,31.42,Increasing,NORMAL,None
2025-06-03 15:00:00,7.591,79.18,5.31,842.85,31.0,Increasing,NORMAL,None
2025-06-03 16:00:00,7.382,94.74,6.24,854.55,30.33,Increasing,NORMAL,None
2025-06-03 17:00:00,7.46,39.58,6.29,835.06,29.89,Increasing,NORMAL,None
2025-06-03 18:00:00,7.296,81.91,6.86,856.8,29.87,Increasing,NORMAL,None
2025-06-03 19:00:00,7.334,70.01,5.5,846.19,29.25,Decreasing,NORMAL,None
2025-06-03 20:00:00,7.212,100.62,5.17,833.87,28.71,Increasing,NORMAL,None
2025-06-03 21:00:00,7.306,30.0,5.41,826.5,28.62,Decreasing,NORMAL,None
2025-06-03 22:00:00,7.127,56.5,4.74,805.42,27.94,Decreasing,NORMAL,None
2025-06-03 23:00:00,7.227,46.74,4.25,817.51,28.52,Increasing,NORMAL,None
2025-06-04 00:00:00,7.095,41.6,4.47,819.15,27.97,Decreasing,NORMAL,None
2025-06-04 01:00:00,7.457,49.08,5.09,807.73,27.89,Decreasing,NORMAL,None
2025-06-04 02:00:00,7.406,65.88,4.91,828.95,27.81,Decreasing,NORMAL,None
2025-06-04 03:00:00,7.395,68.17,4.78,839.55,28.28,Increasing,NORMAL,None
2025-06-04 04:00:00,7.244,30.0,3.42,834.99,28.37,Decreasing,NORMAL,None
2025-06-04 05:00:00,7.415,97.76,7.32,825.88,29.17,Increasing,NORMAL,None
2025-06-04 06:00:00,7.232,142.3,8.2,837.71,29.48,Increasing,NORMAL,None
2025-06-04 07:00:00,7.508,71.29,8.01,833.53,29.73,Increasing,NORMAL,None
2025-06-04 08:00:00,7.45,99.68,7.8,833.31,30.68,Increasing,NORMAL,None
2025-06-04 09:00:00,7.235,49.95,8.08,837.81,31.22,Decreasing,NORMAL,None
2025-06-04 10:00:00,7.25,53.49,7.86,842.61,31.78,Increasing,NORMAL,None
2025-06-04 11:00:00,7.225,72.76,7.72,844.47,31.71,Decreasing,NORMAL,None
2025-06-04 12:00:00,7.163,112.45,6.96,854.74,31.03,Decreasing,NORMAL,None
2025-06-04 13:00:00,7.388,63.01,7.43,837.09,31.37,Decreasing,NORMAL,None
2025-06-04 14:00:00,7.158,69.75,8.5,835.23,32.02,Decreasing,NORMAL,None
2025-06-04 15:00:00,7.333,48.72,7.23,843.36,30.73,Stable,NORMAL,None
2025-06-04 16:00:00,7.291,49.41,9.03,856.62,30.79,Decreasing,NORMAL,None
2025-06-04 17:00:00,7.187,75.75,9.05,851.17,30.44,Increasing,NORMAL,None
2025-06-04 18:00:00,7.315,113.87,10.38,869.51,29.37,Stable,NORMAL,None
2025-06-04 19:00:00,7.402,103.25,11.73,850.1,29.11,Increasing,NORMAL,None
2025-06-04 20:00:00,7.323,86.28,11.45,832.51,29.18,Increasing,NORMAL,None
2025-06-04 21:00:00,7.41,66.61,9.37,836.72,28.62,Increasing,NORMAL,None
2025-06-04 22:00:00,7.451,93.66,8.23,846.6,28.31,Increasing,NORMAL,None
2025-06-04 23:00:00,7.333,32.06,10.6,821.13,27.8,Decreasing,NORMAL,None
2025-06-05 00:00:00,7.508,67.58,8.97,843.55,27.97,Decreasing,NORMAL,None
2025-06-05 01:00:00,7.501,72.1,8.31,825.13,28.04,Decreasing,NORMAL,None
2025-06-05 02:00:00,7.345,117.53,7.63,824.58,28.55,Increasing,NORMAL,None
2025-06-05 03:00:00,7.526,71.59,12.3,821.69,28.58,Increasing,NORMAL,None
2025-06-05 04:00:00,7.318,112.24,12.17,826.91,28.13,Increasing,NORMAL,None
2025-06-05 05:00:00,7.426,98.31,11.12,823.4,28.97,Increasing,NORMAL,None
2025-06-05 06:00:00,7.501,32.94,10.57,808.16,29.71,Decreasing,NORMAL,None
2025-06-05 07:00:00,7.33,76.91,11.51,812.75,30.03,Increasing,NORMAL,None
2025-06-05 08:00:00,7.326,92.01,11.53,814.54,30.5,Decreasing,NORMAL,None
2025-06-05 09:00:00,7.443,62.36,17.86,819.41,31.23,Decreasing,NORMAL,None
2025-06-05 10:00:00,7.186,107.13,17.15,829.34,31.12,Decreasing,NORMAL,None
2025-06-05 11:00:00,7.383,103.55,16.37,825.53,31.79,Increasing,NORMAL,None
2025-06-05 12:00:00,7.316,60.83,16.56,850.1,31.84,Increasing,NORMAL,None
2025-06-05 13:00:00,7.286,118.82,14.66,847.92,31.24,Increasing,NORMAL,None
2025-06-05 14:00:00,7.258,78.76,15.85,814.8,31.29,Decreasing,NORMAL,None
2025-06-05 15:00:00,7.234,152.53,15.26,830.02,30.95,Increasing,NORMAL,None
2025-06-05 16:00:00,7.327,55.16,14.72,843.3,30.61,Decreasing,NORMAL,None
2025-06-05 17:00:00,7.325,102.08,13.33,855.19,30.49,Stable,NORMAL,None
2025-06-05 18:00:00,7.17,95.06,13.69,849.62,29.37,Increasing,NORMAL,None
2025-06-05 19:00:00,7.463,74.1,13.13,855.9,28.61,Decreasing,NORMAL,None
2025-06-05 20:00:00,7.322,88.0,11.18,850.81,28.71,Increasing,NORMAL,None
2025-06-05 21:00:00,7.319,30.0,11.37,831.68,28.25,Decreasing,NORMAL,None
2025-06-05 22:00:00,7.423,100.73,8.67,839.9,27.98,Increasing,NORMAL,None
2025-06-05 23:00:00,7.365,160.06,32.0,838.25,27.47,Increasing,NORMAL,None
2025-06-06 00:00:00,7.28,119.5,26.49,841.84,28.36,Increasing,NORMAL,None
2025-06-06 01:00:00,7.209,129.79,23.82,860.94,27.28,Increasing,NORMAL,None
2025-06-06 02:00:00,7.495,101.67,22.39,876.06,27.96,Increasing,NORMAL,None
2025-06-06 03:00:00,7.432,105.99,21.16,881.57,28.27,Increasing,NORMAL,None
2025-06-06 04:00:00,7.312,86.9,16.58,858.93,28.65,Decreasing,NORMAL,None
2025-06-06 05:00:00,7.312,49.26,15.28,878.09,28.83,Decreasing,NORMAL,None
2025-06-06 06:00:00,7.406,110.57,16.03,875.1,29.11,Decreasing,NORMAL,None
2025-06-06 07:00:00,7.267,148.15,15.25,871.2,30.12,Increasing,NORMAL,None
2025-06-06 08:00:00,7.265,96.94,14.36,875.48,30.76,Decreasing,NORMAL,None
2025-06-06 09:00:00,7.442,43.73,14.42,848.71,30.66,Decreasing,NORMAL,None
2025-06-06 10:00:00,7.312,98.45,11.58,847.5,31.57,Increasing,NORMAL,None
2025-06-06 11:00:00,7.292,82.55,10.45,848.28,31.5,Increasing,NORMAL,None
2025-06-06 12:00:00,7.373,83.3,8.88,845.44,31.81,Decreasing,NORMAL,None
2025-06-06 13:00:00,7.387,154.78,13.77,855.66,31.73,Increasing,NORMAL,None
2025-06-06 14:00:00,7.334,88.92,12.63,855.07,31.35,Decreasing,NORMAL,None
2025-06-06 15:00:00,7.13,90.16,10.9,859.59,31.53,Increasing,NORMAL,None
2025-06-06 16:00:00,7.289,89.57,9.73,857.04,30.37,Decreasing,NORMAL,None
2025-06-06 17:00:00,7.309,118.92,9.33,872.7,29.89,Increasing,NORMAL,None
2025-06-06 18:00:00,7.335,61.3,8.41,901.75,29.85,Decreasing,NORMAL,None
2025-06-06 19:00:00,7.289,73.24,7.72,899.09,29.05,Decreasing,NORMAL,None
2025-06-06 20:00:00,7.396,103.44,7.96,909.37,28.49,Increasing,NORMAL,None
2025-06-06 21:00:00,7.334,43.9,8.74,904.18,28.01,Decreasing,NORMAL,None
2025-06-06 22:00:00,7.362,30.0,7.53,893.3,28.54,Decreasing,NORMAL,None
2025-06-06 23:00:00,7.256,98.26,6.19,885.66,27.73,Decreasing,NORMAL,None
2025-06-07 00:00:00,7.4,106.34,8.74,858.58,27.53,Increasing,NORMAL,None
2025-06-07 01:00:00,7.222,83.23,12.41,885.19,28.07,Increasing,NORMAL,None
2025-06-07 02:00:00,7.393,77.8,10.22,874.26,28.3,Decreasing,NORMAL,None
2025-06-07 03:00:00,7.271,51.49,8.9,859.43,28.18,Increasing,NORMAL,None
2025-06-07 04:00:00,7.345,48.21,7.36,861.79,28.4,Increasing,NORMAL,None
2025-06-07 05:00:00,7.391,46.32,9.85,860.91,29.36,Decreasing,NORMAL,None
2025-06-07 06:00:00,7.289,83.9,9.95,854.84,29.94,Decreasing,NORMAL,None
2025-06-07 07:00:00,7.32,128.87,8.45,857.23,30.55,Increasing,NORMAL,None
2025-06-07 08:00:00,7.512,30.0,6.68,850.85,30.33,Decreasing,NORMAL,None
2025-06-07 09:00:00,7.285,52.99,5.26,854.85,31.13,Stable,NORMAL,None
2025-06-07 10:00:00,7.391,67.27,5.21,835.46,31.06,Increasing,NORMAL,None
2025-06-07 11:00:00,7.325,63.52,5.13,826.43,31.13,Increasing,NORMAL,None
2025-06-07 12:00:00,7.38,71.61,3.36,822.94,31.41,Decreasing,NORMAL,None
2025-06-07 13:00:00,7.563,56.63,3.78,820.4,31.67,Decreasing,NORMAL,None
2025-06-07 14:00:00,7.376,38.31,4.66,809.65,31.48,Increasing,NORMAL,None
2025-06-07 15:00:00,7.291,31.1,4.86,800.36,31.13,Decreasing,NORMAL,None
2025-06-07 16:00:00,7.415,30.0,4.67,801.77,30.27,Decreasing,NORMAL,None
2025-06-07 17:00:00,7.498,78.01,5.85,787.78,30.16,Increasing,NORMAL,None
2025-06-07 18:00:00,7.439,67.82,5.96,774.28,29.66,Decreasing,NORMAL,None
2025-06-07 19:00:00,7.315,64.85,6.23,775.5,28.31,Increasing,NORMAL,None
2025-06-07 20:00:00,7.289,45.91,6.54,794.7,28.93,Increasing,NORMAL,None
2025-06-07 21:00:00,7.361,30.0,4.8,818.22,28.58,Decreasing,NORMAL,None
2025-06-07 22:00:00,7.188,65.24,7.06,827.97,28.27,Increasing,NORMAL,None
2025-06-07 23:00:00,7.39,40.08,7.59,835.24,28.05,Decreasing,NORMAL,None
2025-06-08 00:00:00,7.289,62.16,7.34,822.28,27.69,Decreasing,NORMAL,None
2025-06-08 01:00:00,7.483,82.48,7.34,835.75,27.45,Increasing,NORMAL,None
2025-06-08 02:00:00,7.311,130.27,5.89,853.22,27.98,Increasing,NORMAL,None
2025-06-08 03:00:00,7.349,54.58,4.63,838.48,28.18,Increasing,NORMAL,None
2025-06-08 04:00:00,7.491,32.7,4.86,844.24,28.85,Decreasing,NORMAL,None
2025-06-08 05:00:00,7.189,122.83,5.11,836.36,29.77,Increasing,NORMAL,None
2025-06-08 06:00:00,7.392,30.0,4.15,823.25,29.8,Decreasing,NORMAL,None
2025-06-08 07:00:00,7.377,43.69,8.41,804.44,30.46,Decreasing,NORMAL,None
2025-06-08 08:00:00,7.362,104.98,6.9,816.54,30.37,Decreasing,NORMAL,None
2025-06-08 09:00:00,7.324,90.06,6.52,833.37,30.4,Increasing,NORMAL,None
2025-06-08 10:00:00,7.269,30.0,5.17,817.76,31.24,Decreasing,NORMAL,None
2025-06-08 11:00:00,7.534,63.18,9.99,815.83,31.34,Decreasing,NORMAL,None
2025-06-08 12:00:00,7.328,80.92,9.19,816.46,31.41,Increasing,NORMAL,None
2025-06-08 13:00:00,7.379,30.0,7.68,804.82,30.68,Decreasing,NORMAL,None
2025-06-08 14:00:00,7.206,56.51,7.65,797.09,31.16,Decreasing,NORMAL,None
2025-06-08 15:00:00,7.517,73.86,6.97,802.76,30.88,Decreasing,NORMAL,None
2025-06-08 16:00:00,7.458,40.71,6.51,801.66,30.46,Increasing,NORMAL,None
2025-06-08 17:00:00,7.432,35.64,5.51,800.97,29.92,Decreasing,NORMAL,None
2025-06-08 18:00:00,7.461,30.0,4.21,790.61,29.22,Decreasing,NORMAL,None
2025-06-08 19:00:00,7.308,53.0,3.79,758.26,28.73,Increasing,NORMAL,None
2025-06-08 20:00:00,7.342,73.87,2.84,769.9,28.94,Increasing,NORMAL,None
2025-06-08 21:00:00,7.323,30.0,3.11,762.42,28.39,Decreasing,NORMAL,None
2025-06-08 22:00:00,7.488,98.95,9.26,781.5,27.88,Increasing,NORMAL,None
2025-06-08 23:00:00,7.339,102.53,9.56,779.36,28.14,Increasing,NORMAL,None
2025-06-09 00:00:00,7.4,75.3,8.98,782.37,26.98,Increasing,NORMAL,None
2025-06-09 01:00:00,7.439,30.0,7.76,767.64,27.8,Decreasing,NORMAL,None
2025-06-09 02:00:00,7.281,86.56,5.27,763.43,27.77,Increasing,NORMAL,None
2025-06-09 03:00:00,7.428,43.7,6.69,770.68,28.75,Increasing,NORMAL,None
2025-06-09 04:00:00,7.537,50.27,5.61,758.48,28.82,Decreasing,NORMAL,None
2025-06-09 05:00:00,7.308,110.5,13.88,787.74,29.94,Increasing,NORMAL,None
2025-06-09 06:00:00,7.254,73.65,14.47,795.45,29.81,Stable,NORMAL,None
2025-06-09 07:00:00,7.254,89.27,12.85,790.61,29.77,Increasing,NORMAL,None
2025-06-09 08:00:00,7.18,121.32,12.26,803.01,30.19,Increasing,NORMAL,None
2025-06-09 09:00:00,7.338,92.13,9.99,803.19,31.35,Increasing,NORMAL,None
2025-06-09 10:00:00,7.272,80.66,8.06,841.51,31.06,Increasing,NORMAL,None
2025-06-09 11:00:00,7.175,69.49,6.43,816.92,31.23,Decreasing,NORMAL,None
2025-06-09 12:00:00,7.585,68.79,4.72,826.12,30.71,Decreasing,NORMAL,None
2025-06-09 13:00:00,7.477,63.44,4.26,809.53,31.4,Decreasing,NORMAL,None
2025-06-09 14:00:00,7.24,56.75,5.94,789.03,31.28,Decreasing,NORMAL,None
2025-06-09 15:00:00,7.44,67.32,7.21,820.01,30.48,Decreasing,NORMAL,None
2025-06-09 16:00:00,7.17,80.36,6.46,825.81,30.44,Stable,NORMAL,None
2025-06-09 17:00:00,7.517,44.48,5.94,838.86,29.5,Decreasing,NORMAL,None
2025-06-09 18:00:00,7.418,50.44,6.84,856.04,29.69,Decreasing,NORMAL,None
2025-06-09 19:00:00,7.268,59.3,7.61,836.73,29.31,Decreasing,NORMAL,None
2025-06-09 20:00:00,7.202,30.0,6.45,821.82,29.13,Decreasing,NORMAL,None
2025-06-09 21:00:00,7.329,54.09,6.42,842.85,28.47,Decreasing,NORMAL,None
2025-06-09 22:00:00,7.406,55.83,6.42,841.64,28.22,Decreasing,NORMAL,None
2025-06-09 23:00:00,7.19,99.81,6.91,846.69,28.05,Increasing,NORMAL,None
2025-06-10 00:00:00,7.5,65.71,8.97,836.2,27.9,Increasing,NORMAL,None
2025-06-10 01:00:00,7.335,65.65,8.47,795.25,27.89,Increasing,NORMAL,None
2025-06-10 02:00:00,7.407,75.96,8.65,818.65,27.35,Increasing,NORMAL,None
2025-06-10 03:00:00,7.246,76.84,8.03,813.46,27.82,Increasing,NORMAL,None
2025-06-10 04:00:00,7.297,80.71,13.01,807.18,29.04,Increasing,NORMAL,None
2025-06-10 05:00:00,7.099,152.57,11.83,840.72,28.99,Increasing,NORMAL,None
2025-06-10 06:00:00,7.332,56.29,10.5,836.98,29.36,Decreasing,NORMAL,None
2025-06-10 07:00:00,7.344,89.38,9.95,846.26,29.69,Increasing,NORMAL,None
2025-06-10 08:00:00,7.392,83.7,8.4,857.62,30.37,Increasing,NORMAL,None
2025-06-10 09:00:00,7.459,78.36,8.22,881.46,30.25,Stable,NORMAL,None
2025-06-10 10:00:00,7.489,61.8,11.83,874.65,31.01,Decreasing,NORMAL,None
2025-06-10 11:00:00,7.425,85.06,10.81,856.61,31.32,Decreasing,NORMAL,None
2025-06-10 12:00:00,7.019,81.61,12.02,864.8,31.24,Increasing,NORMAL,None
2025-06-10 13:00:00,7.331,30.76,11.85,825.74,31.34,Decreasing,NORMAL,None
2025-06-10 14:00:00,7.321,97.05,11.45,825.75,31.09,Increasing,NORMAL,None
2025-06-10 15:00:00,7.174,123.5,11.63,829.2,30.55,Increasing,NORMAL,None
2025-06-10 16:00:00,7.366,57.89,11.2,822.68,30.35,Decreasing,NORMAL,None
2025-06-10 17:00:00,7.475,108.32,9.73,827.21,30.47,Increasing,NORMAL,None
2025-06-10 18:00:00,7.385,30.0,9.44,799.99,29.89,Decreasing,NORMAL,None
2025-06-10 19:00:00,7.522,70.84,8.87,786.13,28.99,Increasing,NORMAL,None
2025-06-10 20:00:00,7.4,53.51,8.99,797.31,28.7,Decreasing,NORMAL,None
2025-06-10 21:00:00,7.354,60.4,9.06,795.03,29.21,Decreasing,NORMAL,None
2025-06-10 22:00:00,7.145,75.36,8.13,798.68,28.15,Increasing,NORMAL,None
2025-06-10 23:00:00,7.304,98.36,7.66,815.11,28.17,Decreasing,NORMAL,None
2025-06-11 00:00:00,7.41,76.86,6.07,833.9,27.72,Increasing,NORMAL,None
2025-06-11 01:00:00,7.403,46.98,4.64,866.48,27.79,Decreasing,NORMAL,None
2025-06-11 02:00:00,7.294,42.69,8.67,856.15,27.95,Decreasing,NORMAL,None
2025-06-11 03:00:00,7.361,56.5,8.04,845.68,28.19,Decreasing,NORMAL,None
2025-06-11 04:00:00,7.332,51.3,7.66,830.5,28.96,Decreasing,NORMAL,None
2025-06-11 05:00:00,7.386,69.93,6.37,812.77,29.05,Decreasing,NORMAL,None
2025-06-11 06:00:00,7.396,56.34,5.79,802.96,29.54,Decreasing,NORMAL,None
2025-06-11 07:00:00,7.552,60.93,5.87,800.18,29.51,Increasing,NORMAL,None
2025-06-11 08:00:00,7.399,76.6,6.06,816.44,30.33,Increasing,NORMAL,None
2025-06-11 09:00:00,7.441,71.97,6.98,799.92,30.71,Increasing,NORMAL,None
2025-06-11 10:00:00,7.426,34.27,4.03,770.98,31.16,Decreasing,NORMAL,None
2025-06-11 11:00:00,7.211,50.42,4.03,765.84,30.79,Decreasing,NORMAL,None
2025-06-11 12:00:00,7.458,33.23,4.28,749.41,30.96,Decreasing,NORMAL,None
2025-06-11 13:00:00,7.421,88.35,3.48,746.73,31.18,Increasing,NORMAL,None
2025-06-11 14:00:00,7.531,84.04,7.14,763.49,30.92,Increasing,NORMAL,None
2025-06-11 15:00:00,7.353,30.0,6.06,762.03,30.94,Decreasing,NORMAL,None
2025-06-11 16:00:00,7.199,30.0,5.76,781.89,30.63,Decreasing,NORMAL,None
2025-06-11 17:00:00,7.221,109.5,21.69,788.94,29.81,Increasing,NORMAL,None
2025-06-11 18:00:00,7.313,102.11,18.93,782.77,29.34,Increasing,NORMAL,None
2025-06-11 19:00:00,7.363,123.82,17.35,799.14,29.1,Increasing,NORMAL,None
2025-06-11 20:00:00,7.154,169.04,16.63,794.74,28.27,Increasing,NORMAL,None
2025-06-11 21:00:00,7.405,81.25,13.6,799.05,27.93,Increasing,NORMAL,None
2025-06-11 22:00:00,7.314,74.12,12.64,801.97,27.41,Increasing,NORMAL,None
2025-06-11 23:00:00,7.335,67.76,10.7,789.44,27.66,Decreasing,NORMAL,None
2025-06-12 00:00:00,7.299,65.33,10.11,798.96,27.82,Decreasing,NORMAL,None
2025-06-12 01:00:00,7.234,30.74,7.75,793.88,27.46,Decreasing,NORMAL,None
2025-06-12 02:00:00,7.395,60.22,7.5,812.56,28.15,Decreasing,NORMAL,None
2025-06-12 03:00:00,7.286,155.12,29.18,851.81,27.87,Increasing,NORMAL,None
2025-06-12 04:00:00,7.226,152.7,26.73,870.64,28.68,Increasing,NORMAL,None
2025-06-12 05:00:00,7.229,190.36,24.06,884.35,29.32,Increasing,NORMAL,None
2025-06-12 06:00:00,7.176,138.92,21.79,873.49,29.6,Increasing,NORMAL,None
2025-06-12 07:00:00,7.516,115.8,17.95,864.8,30.15,Increasing,NORMAL,None
2025-06-12 08:00:00,7.424,122.43,17.08,853.89,29.95,Increasing,NORMAL,None
2025-06-12 09:00:00,7.4,93.53,14.68,846.66,30.97,Decreasing,NORMAL,None
2025-06-12 10:00:00,7.327,96.34,14.87,848.71,31.28,Decreasing,NORMAL,None
2025-06-12 11:00:00,7.262,72.66,16.71,824.91,31.45,Decreasing,NORMAL,None
2025-06-12 12:00:00,7.264,120.41,16.02,838.18,31.12,Decreasing,NORMAL,None
2025-06-12 13:00:00,7.11,114.51,15.98,848.63,30.88,Stable,NORMAL,None
2025-06-12 14:00:00,7.316,106.09,17.52,878.61,31.24,Decreasing,NORMAL,None
2025-06-12 15:00:00,7.364,83.93,14.72,896.45,30.87,Decreasing,NORMAL,None
2025-06-12 16:00:00,7.416,54.48,12.9,888.48,30.19,Decreasing,NORMAL,None
2025-06-12 17:00:00,7.447,114.69,11.82,876.83,30.45,Increasing,NORMAL,None
2025-06-12 18:00:00,7.32,97.64,11.31,872.35,29.22,Decreasing,NORMAL,None
2025-06-12 19:00:00,7.199,101.61,12.66,882.48,29.21,Decreasing,NORMAL,None
2025-06-12 20:00:00,7.222,95.01,11.99,882.8,28.52,Decreasing,NORMAL,None
2025-06-12 21:00:00,7.33,102.95,11.92,903.96,27.95,Increasing,NORMAL,None
2025-06-12 22:00:00,7.43,100.8,10.45,893.3,27.66,Increasing,NORMAL,None
2025-06-12 23:00:00,7.299,36.7,10.92,849.8,27.74,Decreasing,NORMAL,None
2025-06-13 00:00:00,7.551,62.26,10.61,845.36,27.24,Decreasing,NORMAL,None
2025-06-13 01:00:00,7.214,53.52,9.04,822.05,27.32,Decreasing,NORMAL,None
2025-06-13 02:00:00,7.197,86.0,9.1,841.34,27.83,Decreasing,NORMAL,None
2025-06-13 03:00:00,7.362,52.02,8.13,828.77,28.45,Decreasing,NORMAL,None
2025-06-13 04:00:00,7.319,91.74,9.26,827.58,28.88,Decreasing,NORMAL,None
2025-06-13 05:00:00,7.527,57.84,8.31,828.57,29.01,Increasing,NORMAL,None
2025-06-13 06:00:00,7.235,80.2,5.5,831.35,29.29,Increasing,NORMAL,None
2025-06-13 07:00:00,7.241,72.3,6.29,842.85,29.39,Increasing,NORMAL,None
2025-06-13 08:00:00,7.279,35.88,4.05,820.3,30.29,Decreasing,NORMAL,None
2025-06-13 09:00:00,7.392,44.22,3.61,820.5,30.34,Decreasing,NORMAL,None
2025-06-13 10:00:00,7.38,91.57,4.2,823.0,30.82,Stable,NORMAL,None
2025-06-13 11:00:00,7.226,78.59,3.98,811.57,31.21,Increasing,NORMAL,None
2025-06-13 12:00:00,7.35,61.18,2.07,808.36,31.79,Decreasing,NORMAL,None
2025-06-13 13:00:00,7.29,49.07,2.7,798.23,31.0,Decreasing,NORMAL,None
2025-06-13 14:00:00,7.407,56.88,2.52,790.22,30.66,Increasing,NORMAL,None
2025-06-13 15:00:00,7.201,98.1,15.92,784.35,31.17,Increasing,NORMAL,None
2025-06-13 16:00:00,7.394,97.21,15.84,789.51,30.4,Increasing,NORMAL,None
2025-06-13 17:00:00,7.266,102.18,14.24,786.13,29.85,Increasing,NORMAL,None
2025-06-13 18:00:00,7.284,114.48,12.97,835.27,29.03,Increasing,NORMAL,None
2025-06-13 19:00:00,7.25,79.69,11.74,836.58,28.42,Increasing,NORMAL,None
2025-06-13 20:00:00,7.411,99.66,11.65,835.11,28.71,Increasing,NORMAL,None
2025-06-13 21:00:00,7.27,72.7,11.41,818.63,28.47,Decreasing,NORMAL,None
2025-06-13 22:00:00,7.408,35.39,10.51,797.15,28.65,Decreasing,NORMAL,None
2025-06-13 23:00:00,7.279,41.27,8.42,788.76,27.53,Decreasing,NORMAL,None
2025-06-14 00:00:00,7.33,52.55,6.79,813.45,27.75,Decreasing,NORMAL,None
2025-06-14 01:00:00,7.18,80.18,6.04,817.12,27.59,Stable,NORMAL,None
2025-06-14 02:00:00,7.179,78.56,6.59,807.21,27.67,Decreasing,NORMAL,None
2025-06-14 03:00:00,7.424,58.12,6.33,798.14,27.94,Decreasing,NORMAL,None
2025-06-14 04:00:00,7.24,60.34,6.19,803.06,28.87,Increasing,NORMAL,None
2025-06-14 05:00:00,7.123,78.12,5.6,809.58,28.87,Increasing,NORMAL,None
2025-06-14 06:00:00,7.448,39.68,5.87,813.4,29.17,Decreasing,NORMAL,None
2025-06-14 07:00:00,7.478,48.17,4.41,826.53,30.11,Decreasing,NORMAL,None
2025-06-14 08:00:00,7.22,50.04,4.66,789.84,30.73,Decreasing,NORMAL,None
2025-06-14 09:00:00,7.411,30.0,3.31,769.89,30.76,Decreasing,NORMAL,None
2025-06-14 10:00:00,7.312,71.58,2.95,771.91,31.55,Increasing,NORMAL,None
2025-06-14 11:00:00,7.488,78.57,2.93,775.76,30.87,Stable,NORMAL,None
2025-06-14 12:00:00,7.305,56.96,2.26,764.88,31.02,Increasing,NORMAL,None
2025-06-14 13:00:00,7.458,64.9,1.41,747.05,31.47,Increasing,NORMAL,None
2025-06-14 14:00:00,7.328,66.2,1.7,756.2,30.27,Increasing,NORMAL,None
2025-06-14 15:00:00,7.488,68.91,1.89,756.71,30.95,Increasing,NORMAL,None
2025-06-14 16:00:00,7.308,50.65,2.77,743.74,30.29,Decreasing,NORMAL,None
2025-06-14 17:00:00,7.441,51.87,3.27,750.55,29.87,Decreasing,NORMAL,None
2025-06-14 18:00:00,7.414,30.0,3.59,743.8,29.54,Decreasing,NORMAL,None
2025-06-14 19:00:00,7.475,68.18,3.09,745.15,28.72,Increasing,NORMAL,None
2025-06-14 20:00:00,7.46,30.0,1.21,740.16,28.17,Decreasing,NORMAL,None
2025-06-14 21:00:00,7.299,30.0,1.52,721.71,27.89,Decreasing,NORMAL,None
2025-06-14 22:00:00,7.396,40.97,4.1,732.51,27.71,Decreasing,NORMAL,None
2025-06-14 23:00:00,7.274,63.29,4.44,742.5,28.03,Increasing,NORMAL,None
2025-06-15 00:00:00,7.37,61.84,4.33,726.76,27.21,Increasing,NORMAL,None
2025-06-15 01:00:00,7.44,47.76,4.08,720.3,27.9,Decreasing,NORMAL,None
2025-06-15 02:00:00,7.42,48.39,2.98,716.41,27.81,Increasing,NORMAL,None
2025-06-15 03:00:00,7.3,30.0,2.47,722.89,28.39,Stable,NORMAL,None
2025-06-15 04:00:00,7.175,85.75,3.32,753.83,28.71,Increasing,NORMAL,None
2025-06-15 05:00:00,7.468,30.0,4.19,754.57,28.41,Decreasing,NORMAL,None
2025-06-15 06:00:00,7.183,59.5,10.04,767.22,29.6,Decreasing,NORMAL,None
2025-06-15 07:00:00,7.318,112.5,9.99,781.42,29.83,Increasing,NORMAL,None
2025-06-15 08:00:00,7.292,76.01,9.51,778.89,30.55,Increasing,NORMAL,None
2025-06-15 09:00:00,7.287,52.59,8.37,793.53,30.59,Increasing,NORMAL,None
2025-06-15 10:00:00,7.42,89.76,11.64,774.68,31.07,Increasing,NORMAL,None
2025-06-15 11:00:00,7.153,71.75,12.32,765.9,30.72,Increasing,NORMAL,None
2025-06-15 12:00:00,7.414,108.1,11.43,761.51,30.88,Increasing,NORMAL,None
2025-06-15 13:00:00,7.363,80.06,13.36,784.1,31.16,Decreasing,NORMAL,None
2025-06-15 14:00:00,7.416,88.64,11.28,785.58,31.2,Increasing,NORMAL,None
2025-06-15 15:00:00,7.36,89.95,11.92,799.72,30.46,Increasing,NORMAL,None
2025-06-15 16:00:00,7.325,48.83,11.69,786.8,30.16,Decreasing,NORMAL,None
2025-06-15 17:00:00,7.498,58.16,12.15,762.53,29.91,Decreasing,NORMAL,None
2025-06-15 18:00:00,7.239,78.82,10.5,782.17,29.77,Decreasing,NORMAL,None
2025-06-15 19:00:00,7.208,39.34,9.59,766.5,29.15,Decreasing,NORMAL,None
2025-06-15 20:00:00,7.416,96.1,13.45,784.18,28.37,Increasing,NORMAL,None
2025-06-15 21:00:00,7.248,54.71,14.5,770.09,28.32,Decreasing,NORMAL,None
2025-06-15 22:00:00,7.504,75.46,12.9,768.63,27.31,Increasing,NORMAL,None
2025-06-15 23:00:00,7.369,48.21,11.18,757.61,27.35,Decreasing,NORMAL,None
2025-06-16 00:00:00,7.434,30.0,9.88,747.81,27.9,Decreasing,NORMAL,None
2025-06-16 01:00:00,7.296,104.52,9.59,764.42,27.65,Increasing,NORMAL,None
2025-06-16 02:00:00,7.391,30.0,7.77,785.53,27.99,Decreasing,NORMAL,None
2025-06-16 03:00:00,7.436,38.82,7.78,773.42,28.28,Decreasing,NORMAL,None
2025-06-16 04:00:00,7.435,66.6,7.05,778.4,28.91,Decreasing,NORMAL,None
2025-06-16 05:00:00,7.318,121.6,13.2,789.25,28.96,Increasing,NORMAL,None
2025-06-16 06:00:00,7.386,61.43,11.34,792.71,29.55,Increasing,NORMAL,None
2025-06-16 07:00:00,7.333,114.54,12.56,799.67,29.6,Increasing,NORMAL,None
2025-06-16 08:00:00,7.246,48.31,10.7,799.77,30.61,Increasing,NORMAL,None
2025-06-16 09:00:00,7.388,97.47,9.92,807.18,30.76,Increasing,NORMAL,None
2025-06-16 10:00:00,7.551,93.44,9.5,829.66,30.51,Increasing,NORMAL,None
2025-06-16 11:00:00,7.454,53.08,8.77,831.5,31.14,Decreasing,NORMAL,None
2025-06-16 12:00:00,7.509,74.59,8.29,867.86,31.62,Increasing,NORMAL,None
2025-06-16 13:00:00,7.403,48.83,8.65,844.8,31.42,Decreasing,NORMAL,None
2025-06-16 14:00:00,7.376,37.08,7.19,828.42,31.04,Decreasing,NORMAL,None
2025-06-16 15:00:00,7.24,63.37,10.87,825.23,30.72,Decreasing,NORMAL,None
2025-06-16 16:00:00,7.34,63.82,7.52,809.64,30.13,Decreasing,NORMAL,None
2025-06-16 17:00:00,7.353,70.25,8.04,817.63,30.05,Increasing,NORMAL,None
2025-06-16 18:00:00,7.296,30.0,5.93,803.53,29.32,Decreasing,NORMAL,None
2025-06-16 19:00:00,7.442,43.69,5.43,805.44,28.42,Decreasing,NORMAL,None
2025-06-16 20:00:00,7.31,49.61,3.65,800.13,28.6,Increasing,NORMAL,None
2025-06-16 21:00:00,7.34,102.19,2.35,796.3,28.01,Increasing,NORMAL,None
2025-06-16 22:00:00,7.358,60.6,1.22,796.51,27.77,Decreasing,NORMAL,None
2025-06-16 23:00:00,7.238,42.39,1.07,808.58,27.98,Decreasing,NORMAL,None
2025-06-17 00:00:00,7.335,33.92,1.0,778.07,28.19,Increasing,NORMAL,None
2025-06-17 01:00:00,7.518,30.0,1.0,778.57,27.82,Decreasing,NORMAL,None
2025-06-17 02:00:00,7.399,30.0,1.0,777.41,27.21,Decreasing,NORMAL,None
2025-06-17 03:00:00,7.681,61.45,1.0,760.89,28.01,Decreasing,NORMAL,None
2025-06-17 04:00:00,7.422,60.47,1.0,768.92,28.48,Stable,NORMAL,None
2025-06-17 05:00:00,7.347,87.34,1.0,762.96,28.83,Increasing,NORMAL,None
2025-06-17 06:00:00,7.45,30.0,1.0,730.65,28.64,Decreasing,NORMAL,None
2025-06-17 07:00:00,7.356,71.36,1.0,722.47,29.75,Increasing,NORMAL,None
2025-06-17 08:00:00,7.307,43.5,2.1,741.37,29.88,Increasing,NORMAL,None
2025-06-17 09:00:00,7.289,45.85,5.21,744.1,30.79,Decreasing,NORMAL,None
2025-06-17 10:00:00,7.293,77.98,4.51,756.17,30.57,Increasing,NORMAL,None
2025-06-17 11:00:00,7.377,52.8,4.61,744.18,31.36,Decreasing,NORMAL,None
2025-06-17 12:00:00,7.468,43.26,4.67,757.52,31.11,Increasing,NORMAL,None
2025-06-17 13:00:00,7.47,94.22,4.62,775.82,31.26,Increasing,NORMAL,None
2025-06-17 14:00:00,7.373,50.67,6.65,779.0,30.99,Increasing,NORMAL,None
2025-06-17 15:00:00,7.333,86.67,5.58,804.61,30.25,Increasing,NORMAL,None
2025-06-17 16:00:00,7.165,95.34,6.18,817.13,30.18,Increasing,NORMAL,None
2025-06-17 17:00:00,7.316,65.09,5.0,798.61,29.58,Increasing,NORMAL,None
2025-06-17 18:00:00,7.23,75.4,13.86,797.08,29.36,Increasing,NORMAL,None
2025-06-17 19:00:00,7.256,60.61,11.59,789.61,28.9,Decreasing,NORMAL,None
2025-06-17 20:00:00,7.343,39.07,10.25,769.86,28.34,Decreasing,NORMAL,None
2025-06-17 21:00:00,7.269,102.64,9.33,769.46,28.3,Increasing,NORMAL,None
2025-06-17 22:00:00,7.395,62.74,9.87,801.64,27.42,Decreasing,NORMAL,None
2025-06-17 23:00:00,7.223,60.09,9.97,796.35,27.79,Decreasing,NORMAL,None
2025-06-18 00:00:00,7.357,82.83,10.03,804.15,26.94,Increasing,NORMAL,None
2025-06-18 01:00:00,7.342,75.15,8.6,794.13,27.16,Increasing,NORMAL,None
2025-06-18 02:00:00,7.359,70.74,12.7,787.68,27.7,Increasing,NORMAL,None
2025-06-18 03:00:00,7.307,83.35,12.03,783.95,27.74,Decreasing,NORMAL,None
2025-06-18 04:00:00,7.098,91.92,10.19,785.76,27.9,Increasing,NORMAL,None
2025-06-18 05:00:00,7.352,132.89,8.97,792.56,28.99,Increasing,NORMAL,None
2025-06-18 06:00:00,7.213,62.18,9.29,798.5,29.53,Decreasing,NORMAL,None
2025-06-18 07:00:00,7.209,75.77,8.23,800.04,29.91,Stable,NORMAL,None
2025-06-18 08:00:00,7.396,69.65,7.46,780.46,30.56,Stable,NORMAL,None
2025-06-18 09:00:00,7.205,83.24,5.66,802.93,30.67,Stable,NORMAL,None
2025-06-18 10:00:00,7.428,94.96,5.0,795.87,30.46,Increasing,NORMAL,None
2025-06-18 11:00:00,7.372,47.46,6.44,784.04,31.15,Decreasing,NORMAL,None
2025-06-18 12:00:00,7.411,30.0,5.96,740.4,31.68,Decreasing,NORMAL,None
2025-06-18 13:00:00,7.408,87.23,5.7,761.98,31.17,Increasing,NORMAL,None
2025-06-18 14:00:00,7.399,100.69,6.31,781.62,30.99,Increasing,NORMAL,None
2025-06-18 15:00:00,7.388,63.76,5.69,779.74,30.72,Decreasing,NORMAL,None
2025-06-18 16:00:00,7.223,45.21,5.47,761.51,30.17,Decreasing,NORMAL,None
2025-06-18 17:00:00,7.465,30.0,4.69,776.35,30.25,Decreasing,NORMAL,None
2025-06-18 18:00:00,7.341,36.1,2.99,766.36,29.19,Increasing,NORMAL,None
2025-06-18 19:00:00,7.428,41.4,3.66,774.4,28.74,Decreasing,NORMAL,None
2025-06-18 20:00:00,7.287,30.0,3.45,773.41,28.21,Decreasing,NORMAL,None
2025-06-18 21:00:00,7.359,48.73,7.8,765.13,27.67,Decreasing,NORMAL,None
2025-06-18 22:00:00,7.452,42.58,10.71,780.94,27.55,Decreasing,NORMAL,None
2025-06-18 23:00:00,7.395,36.31,8.83,767.44,27.34,Increasing,NORMAL,None
2025-06-19 00:00:00,7.417,61.46,9.02,780.7,27.4,Increasing,NORMAL,None
2025-06-19 01:00:00,7.463,66.85,8.92,784.28,27.69,Increasing,NORMAL,None
2025-06-19 02:00:00,7.405,94.18,7.88,793.82,27.7,Increasing,NORMAL,None
2025-06-19 03:00:00,7.181,73.21,6.6,779.81,28.16,Increasing,NORMAL,None
2025-06-19 04:00:00,7.582,85.31,5.64,797.06,28.68,Increasing,NORMAL,None
2025-06-19 05:00:00,7.271,69.09,6.95,804.64,29.15,Increasing,NORMAL,None
2025-06-19 06:00:00,7.415,80.42,6.87,806.15,29.46,Increasing,NORMAL,None
2025-06-19 07:00:00,7.432,88.52,8.52,801.6,29.79,Increasing,NORMAL,None
2025-06-19 08:00:00,7.369,80.47,7.69,781.03,30.04,Decreasing,NORMAL,None
2025-06-19 09:00:00,7.381,30.98,6.72,788.83,30.98,Decreasing,NORMAL,None
2025-06-19 10:00:00,7.249,86.35,5.66,804.78,30.87,Stable,NORMAL,None
2025-06-19 11:00:00,7.361,62.81,4.62,803.26,30.53,Decreasing,NORMAL,None
2025-06-19 12:00:00,7.449,30.38,5.15,802.38,31.09,Decreasing,NORMAL,None
2025-06-19 13:00:00,7.387,30.0,3.75,822.22,31.26,Decreasing,NORMAL,None
2025-06-19 14:00:00,7.45,65.62,2.93,812.52,31.29,Decreasing,NORMAL,None
2025-06-19 15:00:00,7.35,63.87,3.3,807.38,30.07,Increasing,NORMAL,None
2025-06-19 16:00:00,7.377,55.9,3.13,816.69,29.65,Decreasing,NORMAL,None
2025-06-19 17:00:00,7.54,30.0,2.85,810.97,30.03,Decreasing,NORMAL,None
2025-06-19 18:00:00,7.405,52.46,2.19,790.28,28.96,Increasing,NORMAL,None
2025-06-19 19:00:00,7.244,113.21,5.2,787.31,29.1,Increasing,NORMAL,None
2025-06-19 20:00:00,7.197,70.29,4.53,783.11,28.37,Increasing,NORMAL,None
2025-06-19 21:00:00,7.374,94.95,3.73,767.5,27.84,Increasing,NORMAL,None
2025-06-19 22:00:00,7.447,30.0,4.91,759.28,27.48,Decreasing,NORMAL,None
2025-06-19 23:00:00,7.285,30.0,5.44,743.94,27.73,Stable,NORMAL,None
2025-06-20 00:00:00,7.445,30.0,4.32,723.4,27.7,Decreasing,NORMAL,None
2025-06-20 01:00:00,7.32,81.28,3.79,743.27,27.51,Decreasing,NORMAL,None
2025-06-20 02:00:00,7.208,96.18,3.82,772.87,27.49,Increasing,NORMAL,None
2025-06-20 03:00:00,7.339,30.0,3.44,771.32,27.73,Decreasing,NORMAL,None
2025-06-20 04:00:00,7.228,52.63,4.6,790.63,28.19,Increasing,NORMAL,None
2025-06-20 05:00:00,7.593,57.8,3.61,783.38,29.12,Increasing,NORMAL,None
2025-06-20 06:00:00,7.321,45.9,3.74,788.07,29.81,Increasing,NORMAL,None
2025-06-20 07:00:00,7.538,53.9,3.0,767.68,30.12,Decreasing,NORMAL,None
2025-06-20 08:00:00,7.263,58.9,4.11,748.5,29.82,Decreasing,NORMAL,None
2025-06-20 09:00:00,7.397,56.57,4.41,739.91,30.64,Increasing,NORMAL,None
2025-06-20 10:00:00,7.283,46.34,5.28,760.55,30.83,Decreasing,NORMAL,None
2025-06-20 11:00:00,7.285,85.66,5.57,757.93,31.18,Increasing,NORMAL,None
2025-06-20 12:00:00,7.299,90.03,6.59,751.7,31.27,Increasing,NORMAL,None
2025-06-20 13:00:00,7.362,49.46,6.7,739.22,30.85,Decreasing,NORMAL,None
2025-06-20 14:00:00,7.336,74.28,6.23,773.27,30.81,Increasing,NORMAL,None
2025-06-20 15:00:00,7.272,86.32,7.06,795.87,30.41,Increasing,NORMAL,None
2025-06-20 16:00:00,7.528,75.07,7.84,786.76,29.95,Increasing,NORMAL,None
2025-06-20 17:00:00,7.399,70.37,8.38,796.78,29.8,Decreasing,NORMAL,None
2025-06-20 18:00:00,7.179,94.73,8.19,799.39,29.1,Increasing,NORMAL,None
2025-06-20 19:00:00,7.284,63.94,7.43,792.48,29.15,Increasing,NORMAL,None
2025-06-20 20:00:00,7.227,54.36,6.11,773.13,28.25,Decreasing,NORMAL,None
2025-06-20 21:00:00,7.434,193.45,32.03,951.34,28.76,Increasing,NORMAL,None
2025-06-20 22:00:00,7.51,276.33,62.08,1156.5,29.03,Increasing,NORMAL,None
2025-06-20 23:00:00,7.697,395.43,94.27,1335.34,30.0,Increasing,NORMAL,None
2025-06-21 00:00:00,7.872,482.7,126.33,1520.52,30.11,Increasing,SPIKE/ABNORMAL,TDS
2025-06-21 01:00:00,7.975,618.84,155.8,1714.74,30.73,Increasing,SPIKE/ABNORMAL,"COD, TDS"
2025-06-21 02:00:00,8.19,741.82,180.92,1872.71,30.93,Increasing,SPIKE/ABNORMAL,"COD, TDS"
2025-06-21 03:00:00,8.207,817.87,201.72,2012.95,32.79,Increasing,SPIKE/ABNORMAL,"BOD, COD, TDS"
2025-06-21 04:00:00,8.284,858.29,217.06,2102.2,33.25,Increasing,SPIKE/ABNORMAL,"BOD, COD, TDS"
2025-06-21 05:00:00,8.384,843.21,223.7,2163.22,34.04,Increasing,SPIKE/ABNORMAL,"BOD, COD, TDS"
2025-06-21 06:00:00,8.314,921.86,221.62,2157.69,34.53,Increasing,SPIKE/ABNORMAL,"BOD, COD, TDS"
2025-06-21 07:00:00,8.243,850.18,215.93,2122.13,34.77,Increasing,SPIKE/ABNORMAL,"BOD, COD, TDS"
2025-06-21 08:00:00,8.163,805.63,202.24,2027.05,34.57,Increasing,SPIKE/ABNORMAL,"BOD, COD, TDS"
2025-06-21 09:00:00,8.162,710.65,187.78,1888.36,34.85,Decreasing,SPIKE/ABNORMAL,"COD, TDS"
2025-06-21 10:00:00,7.881,646.14,163.79,1746.28,33.87,Decreasing,SPIKE/ABNORMAL,"COD, TDS"
2025-06-21 11:00:00,7.757,573.21,139.61,1588.41,33.55,Decreasing,SPIKE/ABNORMAL,TDS
2025-06-21 12:00:00,7.826,406.51,104.88,1417.41,32.7,Decreasing,NORMAL,None
2025-06-21 13:00:00,7.485,312.69,71.07,1221.78,32.24,Decreasing,NORMAL,None
2025-06-21 14:00:00,7.431,167.38,38.77,1045.54,31.8,Decreasing,NORMAL,None
2025-06-21 15:00:00,7.303,142.34,13.31,885.26,30.52,Decreasing,NORMAL,None
2025-06-21 16:00:00,7.453,71.62,13.71,886.92,30.39,Decreasing,NORMAL,None
2025-06-21 17:00:00,7.451,97.76,11.67,902.09,29.46,Decreasing,NORMAL,None
2025-06-21 18:00:00,7.38,123.88,12.63,905.91,29.87,Decreasing,NORMAL,None
2025-06-21 19:00:00,7.366,68.0,11.43,891.75,28.8,Decreasing,NORMAL,None
2025-06-21 20:00:00,7.359,75.99,14.25,883.39,28.18,Decreasing,NORMAL,None
2025-06-21 21:00:00,7.483,76.66,12.72,883.89,28.14,Decreasing,NORMAL,None
2025-06-21 22:00:00,7.343,118.34,11.88,876.93,28.02,Increasing,NORMAL,None
2025-06-21 23:00:00,7.35,95.22,15.06,868.62,27.54,Stable,NORMAL,None
2025-06-22 00:00:00,7.463,102.11,12.98,880.2,27.73,Decreasing,NORMAL,None
2025-06-22 01:00:00,7.378,127.77,13.25,873.51,27.17,Increasing,NORMAL,None
2025-06-22 02:00:00,7.013,98.2,12.79,849.22,27.77,Increasing,NORMAL,None
2025-06-22 03:00:00,7.316,70.47,12.85,846.85,27.83,Decreasing,NORMAL,None
2025-06-22 04:00:00,7.258,47.76,12.91,837.2,28.71,Decreasing,NORMAL,None
2025-06-22 05:00:00,7.358,80.57,11.99,843.11,28.7,Decreasing,NORMAL,None
2025-06-22 06:00:00,7.298,94.47,11.76,846.92,29.28,Decreasing,NORMAL,None
2025-06-22 07:00:00,7.386,103.42,11.97,843.29,29.3,Decreasing,NORMAL,None
2025-06-22 08:00:00,7.285,41.27,11.63,840.55,30.22,Decreasing,NORMAL,None
2025-06-22 09:00:00,7.293,75.94,16.8,861.91,30.76,Increasing,NORMAL,None
2025-06-22 10:00:00,7.468,99.18,15.91,848.71,30.72,Increasing,NORMAL,None
2025-06-22 11:00:00,7.414,134.6,12.55,842.89,30.66,Increasing,NORMAL,None
2025-06-22 12:00:00,7.506,76.57,12.64,861.67,31.5,Decreasing,NORMAL,None
2025-06-22 13:00:00,7.35,102.83,9.19,874.48,31.14,Stable,NORMAL,None
2025-06-22 14:00:00,7.115,124.08,11.85,892.38,30.91,Increasing,NORMAL,None
2025-06-22 15:00:00,7.406,100.0,12.1,884.3,30.51,Increasing,NORMAL,None
2025-06-22 16:00:00,7.255,110.7,9.86,887.42,30.27,Increasing,NORMAL,None
2025-06-22 17:00:00,7.281,32.32,8.63,862.03,29.72,Decreasing,NORMAL,None
2025-06-22 18:00:00,7.268,124.85,8.59,861.24,29.29,Increasing,NORMAL,None
2025-06-22 19:00:00,7.431,55.87,8.63,876.82,28.57,Decreasing,NORMAL,None
2025-06-22 20:00:00,7.403,71.67,8.17,860.6,28.01,Decreasing,NORMAL,None
2025-06-22 21:00:00,7.397,73.74,6.43,845.71,28.28,Decreasing,NORMAL,None
2025-06-22 22:00:00,7.255,127.03,7.85,831.36,27.96,Increasing,NORMAL,None
2025-06-22 23:00:00,7.206,127.64,7.88,821.51,27.39,Increasing,NORMAL,None
2025-06-23 00:00:00,7.378,69.94,5.87,822.93,27.78,Decreasing,NORMAL,None
2025-06-23 01:00:00,7.276,78.11,6.42,837.92,27.55,Increasing,NORMAL,None
2025-06-23 02:00:00,7.455,63.65,3.53,822.58,27.26,Decreasing,NORMAL,None
2025-06-23 03:00:00,7.471,77.65,4.06,826.43,28.25,Increasing,NORMAL,None
2025-06-23 04:00:00,7.447,86.16,11.52,826.39,28.1,Decreasing,NORMAL,None
2025-06-23 05:00:00,7.345,74.55,11.51,832.52,28.6,Decreasing,NORMAL,None
2025-06-23 06:00:00,7.375,63.5,10.81,812.57,29.52,Decreasing,NORMAL,None
2025-06-23 07:00:00,7.272,79.44,11.22,810.58,29.88,Stable,NORMAL,None
2025-06-23 08:00:00,7.409,55.04,10.58,823.45,29.27,Decreasing,NORMAL,None
2025-06-23 09:00:00,7.374,34.66,9.48,819.24,30.66,Decreasing,NORMAL,None
2025-06-23 10:00:00,7.301,48.69,7.37,832.98,30.82,Decreasing,NORMAL,None
2025-06-23 11:00:00,7.373,78.55,5.85,857.57,30.87,Increasing,NORMAL,None
2025-06-23 12:00:00,7.306,85.4,6.6,866.49,31.13,Increasing,NORMAL,None
2025-06-23 13:00:00,7.176,103.63,9.32,871.51,31.41,Increasing,NORMAL,None
2025-06-23 14:00:00,7.441,52.28,9.13,854.33,30.88,Decreasing,NORMAL,None
2025-06-23 15:00:00,7.254,90.89,8.79,840.66,30.54,Increasing,NORMAL,None
2025-06-23 16:00:00,7.268,76.21,6.98,823.84,30.36,Increasing,NORMAL,None
2025-06-23 17:00:00,7.423,30.0,7.26,823.29,29.59,Decreasing,NORMAL,None
2025-06-23 18:00:00,7.283,95.61,6.27,812.38,29.09,Increasing,NORMAL,None
2025-06-23 19:00:00,7.329,56.33,3.92,817.81,28.33,Decreasing,NORMAL,None
2025-06-23 20:00:00,7.343,98.82,4.73,824.85,28.11,Increasing,NORMAL,None
2025-06-23 21:00:00,7.5,44.46,4.32,800.16,27.59,Decreasing,NORMAL,None
2025-06-23 22:00:00,7.424,53.36,3.92,792.75,27.26,Decreasing,NORMAL,None
2025-06-23 23:00:00,7.351,69.76,4.53,798.1,27.17,Increasing,NORMAL,None
2025-06-24 00:00:00,7.383,42.45,4.45,786.25,27.07,Decreasing,NORMAL,None
2025-06-24 01:00:00,7.335,32.44,7.1,785.95,27.38,Decreasing,NORMAL,None
2025-06-24 02:00:00,7.378,69.23,8.18,770.05,28.15,Decreasing,NORMAL,None
2025-06-24 03:00:00,7.377,68.28,8.03,754.07,27.93,Increasing,NORMAL,None
2025-06-24 04:00:00,7.401,124.98,9.57,770.79,28.16,Increasing,NORMAL,None
2025-06-24 05:00:00,7.459,105.02,10.35,786.18,28.46,Increasing,NORMAL,None
2025-06-24 06:00:00,7.381,69.87,9.67,780.58,29.04,Increasing,NORMAL,None
2025-06-24 07:00:00,7.173,36.01,9.41,785.69,29.77,Increasing,NORMAL,None
2025-06-24 08:00:00,7.439,62.07,8.27,778.02,30.2,Decreasing,NORMAL,None
2025-06-24 09:00:00,7.39,57.15,9.21,779.94,30.37,Decreasing,NORMAL,None
2025-06-24 10:00:00,7.418,31.76,7.57,799.16,30.71,Decreasing,NORMAL,None
2025-06-24 11:00:00,7.235,72.73,7.7,800.28,30.72,Decreasing,NORMAL,None
2025-06-24 12:00:00,7.384,38.02,6.85,803.11,31.14,Decreasing,NORMAL,None
2025-06-24 13:00:00,7.23,30.38,4.95,773.27,31.59,Decreasing,NORMAL,None
2025-06-24 14:00:00,7.42,50.24,4.66,763.81,31.07,Decreasing,NORMAL,None
2025-06-24 15:00:00,7.37,30.0,5.02,791.75,30.49,Decreasing,NORMAL,None
2025-06-24 16:00:00,7.3,84.09,7.92,807.6,30.53,Increasing,NORMAL,None
2025-06-24 17:00:00,7.374,88.32,7.18,850.17,29.84,Increasing,NORMAL,None
2025-06-24 18:00:00,7.472,68.12,8.31,846.03,29.69,Increasing,NORMAL,None
2025-06-24 19:00:00,7.24,94.74,6.61,841.83,29.0,Increasing,NORMAL,None
2025-06-24 20:00:00,7.333,68.46,6.07,831.51,28.69,Increasing,NORMAL,None
2025-06-24 21:00:00,7.452,40.58,3.67,811.95,27.87,Increasing,NORMAL,None
2025-06-24 22:00:00,7.352,44.48,4.89,794.4,27.43,Decreasing,NORMAL,None
2025-06-24 23:00:00,7.365,103.99,2.69,806.45,27.42,Increasing,NORMAL,None
2025-06-25 00:00:00,7.449,30.0,4.1,787.47,27.37,Decreasing,NORMAL,None
2025-06-25 01:00:00,7.507,30.0,6.19,781.92,27.51,Decreasing,NORMAL,None
2025-06-25 02:00:00,7.293,39.61,5.03,784.05,27.71,Decreasing,NORMAL,None
2025-06-25 03:00:00,7.297,76.71,5.36,811.26,27.86,Increasing,NORMAL,None
2025-06-25 04:00:00,7.359,46.44,5.5,821.54,28.29,Increasing,NORMAL,None
2025-06-25 05:00:00,7.23,46.8,3.74,817.63,29.28,Decreasing,NORMAL,None
2025-06-25 06:00:00,7.329,30.0,4.27,808.4,29.33,Stable,NORMAL,None
2025-06-25 07:00:00,7.294,36.49,6.17,806.44,29.81,Increasing,NORMAL,None
2025-06-25 08:00:00,7.374,52.11,4.01,824.97,30.09,Increasing,NORMAL,None
2025-06-25 09:00:00,7.562,30.0,4.63,842.86,30.59,Decreasing,NORMAL,None
2025-06-25 10:00:00,7.325,30.0,6.12,853.1,30.61,Decreasing,NORMAL,None
2025-06-25 11:00:00,7.211,71.31,5.3,865.44,30.39,Increasing,NORMAL,None
2025-06-25 12:00:00,7.239,63.81,3.25,864.57,30.7,Increasing,NORMAL,None
2025-06-25 13:00:00,7.311,52.45,3.48,854.72,31.24,Increasing,NORMAL,None
2025-06-25 14:00:00,7.214,109.61,4.15,840.07,30.98,Increasing,NORMAL,None
2025-06-25 15:00:00,7.49,50.5,3.06,843.29,30.94,Increasing,NORMAL,None
2025-06-25 16:00:00,7.446,52.01,1.0,813.02,30.18,Increasing,NORMAL,None
2025-06-25 17:00:00,7.387,62.38,1.0,813.42,29.5,Decreasing,NORMAL,None
2025-06-25 18:00:00,7.263,30.0,1.0,817.75,28.88,Decreasing,NORMAL,None
2025-06-25 19:00:00,7.44,32.9,1.0,810.55,28.82,Decreasing,NORMAL,None
2025-06-25 20:00:00,7.072,33.35,1.0,786.34,28.31,Decreasing,NORMAL,None
2025-06-25 21:00:00,7.288,50.74,2.02,767.67,27.46,Stable,NORMAL,None
2025-06-25 22:00:00,7.269,30.0,2.52,769.38,27.18,Decreasing,NORMAL,None
2025-06-25 23:00:00,7.395,44.36,1.0,792.13,27.37,Decreasing,NORMAL,None
2025-06-26 00:00:00,7.409,34.19,1.0,789.31,27.56,Increasing,NORMAL,None
2025-06-26 01:00:00,7.346,59.11,1.0,779.6,27.28,Increasing,NORMAL,None
2025-06-26 02:00:00,7.544,49.56,1.44,786.24,27.66,Increasing,NORMAL,None
2025-06-26 03:00:00,7.289,48.71,1.62,773.12,27.69,Decreasing,NORMAL,None
2025-06-26 04:00:00,7.343,117.38,1.2,788.76,27.91,Increasing,NORMAL,None
2025-06-26 05:00:00,7.299,86.31,1.0,786.26,28.92,Increasing,NORMAL,None
2025-06-26 06:00:00,7.466,49.18,1.0,769.17,29.09,Increasing,NORMAL,None
2025-06-26 07:00:00,7.264,63.2,1.0,768.88,29.57,Increasing,NORMAL,None
2025-06-26 08:00:00,7.397,43.83,2.05,758.1,29.44,Decreasing,NORMAL,None
2025-06-26 09:00:00,7.435,63.38,3.53,752.11,30.22,Increasing,NORMAL,None
2025-06-26 10:00:00,7.346,45.53,4.09,737.2,30.83,Decreasing,NORMAL,None
2025-06-26 11:00:00,7.379,85.25,3.54,740.92,30.33,Stable,NORMAL,None
2025-06-26 12:00:00,7.342,79.05,4.0,755.0,31.24,Increasing,NORMAL,None
2025-06-26 13:00:00,7.294,30.0,5.04,762.92,31.53,Decreasing,NORMAL,None
2025-06-26 14:00:00,7.313,30.0,7.33,754.2,30.45,Decreasing,NORMAL,None
2025-06-26 15:00:00,7.474,54.94,6.83,746.4,30.82,Decreasing,NORMAL,None
2025-06-26 16:00:00,7.567,83.21,6.55,762.35,30.13,Increasing,NORMAL,None
2025-06-26 17:00:00,7.43,55.57,6.67,754.41,29.55,Decreasing,NORMAL,None
2025-06-26 18:00:00,7.38,56.32,6.45,778.39,29.18,Decreasing,NORMAL,None
2025-06-26 19:00:00,7.465,45.17,5.02,783.8,28.52,Increasing,NORMAL,None
2025-06-26 20:00:00,7.269,72.75,5.38,786.45,28.02,Increasing,NORMAL,None
2025-06-26 21:00:00,7.313,78.95,6.03,781.64,27.8,Increasing,NORMAL,None
2025-06-26 22:00:00,7.145,30.0,4.75,783.35,27.43,Decreasing,NORMAL,None
2025-06-26 23:00:00,7.29,73.51,3.25,792.51,27.51,Increasing,NORMAL,None
2025-06-27 00:00:00,7.335,30.0,3.94,774.22,27.9,Decreasing,NORMAL,None
2025-06-27 01:00:00,7.584,88.06,3.73,778.16,26.79,Increasing,NORMAL,None
2025-06-27 02:00:00,7.492,49.19,3.34,776.72,27.84,Decreasing,NORMAL,None
2025-06-27 03:00:00,7.281,30.0,3.13,779.31,28.13,Decreasing,NORMAL,None
2025-06-27 04:00:00,7.369,78.59,1.4,771.4,28.51,Increasing,NORMAL,None
2025-06-27 05:00:00,7.462,71.97,2.1,761.98,28.94,Stable,NORMAL,None
2025-06-27 06:00:00,7.589,48.7,2.69,770.84,28.94,Increasing,NORMAL,None
2025-06-27 07:00:00,7.386,61.72,1.73,764.39,29.85,Decreasing,NORMAL,None
2025-06-27 08:00:00,7.414,74.28,1.37,768.49,30.0,Increasing,NORMAL,None
2025-06-27 09:00:00,7.254,88.52,2.42,748.43,29.71,Increasing,NORMAL,None
2025-06-27 10:00:00,7.413,64.27,2.53,747.25,30.22,Decreasing,NORMAL,None
2025-06-27 11:00:00,7.341,42.55,3.8,760.07,31.03,Decreasing,NORMAL,None
2025-06-27 12:00:00,7.412,37.76,5.88,729.25,30.49,Decreasing,NORMAL,None
2025-06-27 13:00:00,7.478,58.26,7.34,725.7,30.85,Decreasing,NORMAL,None
2025-06-27 14:00:00,7.482,68.18,7.21,745.23,31.18,Decreasing,NORMAL,None
2025-06-27 15:00:00,7.215,150.34,9.21,767.58,30.76,Increasing,NORMAL,None
2025-06-27 16:00:00,7.341,37.6,7.06,774.02,30.3,Decreasing,NORMAL,None
2025-06-27 17:00:00,7.455,86.77,5.93,769.79,29.67,Increasing,NORMAL,None
2025-06-27 18:00:00,7.458,37.84,6.81,755.17,28.81,Stable,NORMAL,None
2025-06-27 19:00:00,7.39,53.24,12.23,745.14,28.38,Decreasing,NORMAL,None
2025-06-27 20:00:00,7.252,74.32,8.93,736.45,28.73,Increasing,NORMAL,None
2025-06-27 21:00:00,7.295,76.47,7.96,744.66,27.93,Decreasing,NORMAL,None
2025-06-27 22:00:00,7.178,70.99,6.93,764.69,27.74,Increasing,NORMAL,None
2025-06-27 23:00:00,7.452,83.43,7.13,775.5,27.22,Decreasing,NORMAL,None
2025-06-28 00:00:00,7.292,92.56,7.19,785.19,26.97,Increasing,NORMAL,None
2025-06-28 01:00:00,7.322,30.0,6.56,790.81,27.86,Decreasing,NORMAL,None
2025-06-28 02:00:00,7.107,107.22,6.75,776.22,27.46,Increasing,NORMAL,None
2025-06-28 03:00:00,7.45,107.49,6.05,776.3,27.92,Increasing,NORMAL,None
2025-06-28 04:00:00,7.354,69.72,5.84,746.69,28.1,Stable,NORMAL,None
2025-06-28 05:00:00,7.139,85.54,5.04,734.18,29.0,Stable,NORMAL,None
2025-06-28 06:00:00,7.375,66.7,4.84,712.76,29.12,Decreasing,NORMAL,None
2025-06-28 07:00:00,7.369,37.49,4.82,727.63,29.48,Increasing,NORMAL,None
2025-06-28 08:00:00,7.495,56.12,3.83,739.67,30.13,Decreasing,NORMAL,None
2025-06-28 09:00:00,7.379,30.0,3.51,745.22,29.89,Decreasing,NORMAL,None
2025-06-28 10:00:00,7.297,89.36,5.06,727.3,30.67,Increasing,NORMAL,None
2025-06-28 11:00:00,7.384,67.13,5.26,734.61,30.51,Decreasing,NORMAL,None
2025-06-28 12:00:00,7.568,32.62,5.39,742.92,30.7,Decreasing,NORMAL,None
2025-06-28 13:00:00,7.453,46.78,4.1,760.54,30.83,Increasing,NORMAL,None
2025-06-28 14:00:00,7.419,53.91,5.33,742.11,30.55,Decreasing,NORMAL,None
2025-06-28 15:00:00,7.359,49.61,4.15,730.41,30.57,Increasing,NORMAL,None
2025-06-28 16:00:00,7.408,39.68,4.13,759.29,30.32,Decreasing,NORMAL,None
2025-06-28 17:00:00,7.385,48.7,3.61,752.77,29.6,Decreasing,NORMAL,None
2025-06-28 18:00:00,7.467,30.79,3.54,792.3,29.06,Decreasing,NORMAL,None
2025-06-28 19:00:00,7.512,30.0,4.88,777.49,28.66,Decreasing,NORMAL,None
2025-06-28 20:00:00,7.329,44.42,5.29,789.76,27.87,Decreasing,NORMAL,None
2025-06-28 21:00:00,7.284,51.72,5.43,772.76,27.65,Increasing,NORMAL,None
2025-06-28 22:00:00,7.144,47.95,5.95,770.86,27.82,Increasing,NORMAL,None
2025-06-28 23:00:00,7.537,91.95,8.46,786.83,27.31,Increasing,NORMAL,None
2025-06-29 00:00:00,7.394,50.06,6.51,811.21,27.04,Increasing,NORMAL,None
2025-06-29 01:00:00,7.498,75.22,4.59,798.54,27.47,Increasing,NORMAL,None
2025-06-29 02:00:00,7.411,91.31,4.19,806.01,28.01,Increasing,NORMAL,None
2025-06-29 03:00:00,7.152,87.98,4.14,804.9,28.2,Increasing,NORMAL,None
2025-06-29 04:00:00,7.569,38.68,6.17,814.0,28.36,Decreasing,NORMAL,None
2025-06-29 05:00:00,7.369,87.59,5.32,808.34,28.61,Decreasing,NORMAL,None
2025-06-29 06:00:00,7.342,63.39,5.73,806.85,28.94,Increasing,NORMAL,None
2025-06-29 07:00:00,7.039,103.61,6.38,832.22,29.37,Increasing,NORMAL,None
2025-06-29 08:00:00,7.331,52.91,7.07,820.4,29.84,Decreasing,NORMAL,None
2025-06-29 09:00:00,7.282,62.37,7.05,827.04,31.1,Decreasing,NORMAL,None
2025-06-29 10:00:00,7.443,34.64,5.47,799.57,29.93,Decreasing,NORMAL,None
2025-06-29 11:00:00,7.303,79.86,4.16,810.79,30.82,Decreasing,NORMAL,None
2025-06-29 12:00:00,7.379,72.05,3.76,803.52,31.21,Increasing,NORMAL,None
2025-06-29 13:00:00,7.2,84.85,4.25,797.71,31.23,Decreasing,NORMAL,None
2025-06-29 14:00:00,7.321,42.43,3.63,808.84,30.54,Decreasing,NORMAL,None
2025-06-29 15:00:00,7.468,63.28,2.12,793.07,29.92,Stable,NORMAL,None
2025-06-29 16:00:00,7.422,88.93,1.22,787.9,30.48,Increasing,NORMAL,None
2025-06-29 17:00:00,7.489,30.0,2.83,794.77,29.98,Decreasing,NORMAL,None
2025-06-29 18:00:00,7.407,135.65,5.14,800.17,28.43,Increasing,NORMAL,None
2025-06-29 19:00:00,7.148,66.14,6.16,797.43,28.69,Decreasing,NORMAL,None
2025-06-29 20:00:00,7.188,67.46,5.64,790.33,28.13,Increasing,NORMAL,None
2025-06-29 21:00:00,7.122,105.62,8.95,783.13,27.91,Increasing,NORMAL,None
2025-06-29 22:00:00,7.261,120.05,7.46,799.78,27.84,Increasing,NORMAL,None
2025-06-29 23:00:00,7.423,30.0,6.03,776.43,27.17,Stable,NORMAL,None
2025-06-30 00:00:00,7.408,41.39,5.97,776.17,27.14,Decreasing,NORMAL,None
2025-06-30 01:00:00,7.451,48.55,6.03,772.67,27.81,Decreasing,NORMAL,None
2025-06-30 02:00:00,7.44,67.11,7.36,763.37,27.87,Stable,NORMAL,None
2025-06-30 03:00:00,7.393,96.64,6.12,769.2,28.51,Decreasing,NORMAL,None
2025-06-30 04:00:00,7.37,132.04,6.4,784.37,27.71,Increasing,NORMAL,None
2025-06-30 05:00:00,7.429,58.4,7.95,789.67,28.39,Increasing,NORMAL,None
2025-06-30 06:00:00,7.351,78.36,9.49,803.49,29.04,Increasing,NORMAL,None
2025-06-30 07:00:00,7.216,69.09,9.08,794.66,29.34,Increasing,NORMAL,None
2025-06-30 08:00:00,7.432,90.66,15.0,795.45,30.25,Increasing,NORMAL,None
2025-06-30 09:00:00,7.612,62.2,14.17,772.11,30.63,Decreasing,NORMAL,None
2025-06-30 10:00:00,7.502,57.07,10.97,772.2,30.91,Decreasing,NORMAL,None
2025-06-30 11:00:00,7.177,72.94,11.89,783.98,30.85,Increasing,NORMAL,None
2025-06-30 12:00:00,7.553,30.0,10.26,760.92,30.49,Decreasing,NORMAL,None
2025-06-30 13:00:00,7.111,111.73,10.25,773.17,30.81,Increasing,NORMAL,None
2025-06-30 14:00:00,7.412,80.38,10.54,787.44,30.63,Decreasing,NORMAL,None
2025-06-30 15:00:00,7.362,71.66,9.92,789.56,30.4,Increasing,NORMAL,None
2025-06-30 16:00:00,7.392,84.69,9.95,807.27,30.05,Increasing,NORMAL,None
2025-06-30 17:00:00,7.253,56.93,9.54,834.2,29.73,Decreasing,NORMAL,None
2025-06-30 18:00:00,7.203,113.12,6.55,838.16,28.28,Increasing,NORMAL,None
2025-06-30 19:00:00,7.168,54.94,5.24,843.46,27.86,Decreasing,NORMAL,None
2025-06-30 20:00:00,7.252,55.02,4.0,828.73,28.38,Decreasing,NORMAL,None
2025-06-30 21:00:00,7.261,107.3,3.12,867.38,28.03,Increasing,NORMAL,None
2025-06-30 22:00:00,7.506,30.0,4.66,839.82,27.44,Decreasing,NORMAL,None
2025-06-30 23:00:00,7.282,34.32,4.31,847.2,27.22,Decreasing,NORMAL,None
2025-07-01 00:00:00,7.327,39.98,4.15,822.95,27.06,Decreasing,NORMAL,None
2025-07-01 01:00:00,7.365,30.0,4.37,799.48,27.09,Decreasing,NORMAL,None
2025-07-01 02:00:00,7.265,45.86,6.54,785.51,28.08,Decreasing,NORMAL,None
2025-07-01 03:00:00,7.391,74.63,6.55,801.74,27.74,Decreasing,NORMAL,None
2025-07-01 04:00:00,7.453,64.79,5.72,807.95,28.38,Increasing,NORMAL,None
2025-07-01 05:00:00,7.447,30.0,5.0,788.49,28.56,Decreasing,NORMAL,None
2025-07-01 06:00:00,7.389,49.18,3.33,765.68,29.17,Increasing,NORMAL,None
2025-07-01 07:00:00,7.251,131.92,18.12,783.64,30.12,Increasing,NORMAL,None
2025-07-01 08:00:00,7.323,60.05,16.75,782.94,29.32,Increasing,NORMAL,None
2025-07-01 09:00:00,7.377,99.12,13.66,778.48,30.36,Increasing,NORMAL,None
2025-07-01 10:00:00,7.399,82.01,11.67,771.77,30.55,Increasing,NORMAL,None
2025-07-01 11:00:00,7.33,74.06,11.6,800.18,30.81,Increasing,NORMAL,None
2025-07-01 12:00:00,7.213,110.89,9.95,793.0,30.68,Increasing,NORMAL,None
2025-07-01 13:00:00,7.303,70.2,9.22,802.45,30.3,Decreasing,NORMAL,None
2025-07-01 14:00:00,7.448,84.37,8.81,794.48,30.54,Increasing,NORMAL,None
2025-07-01 15:00:00,7.374,30.0,7.76,805.0,30.18,Decreasing,NORMAL,None
2025-07-01 16:00:00,7.401,65.75,5.37,806.06,29.87,Decreasing,NORMAL,None
2025-07-01 17:00:00,7.193,99.14,6.41,818.31,29.43,Increasing,NORMAL,None
2025-07-01 18:00:00,7.328,100.42,10.16,809.72,29.18,Decreasing,NORMAL,None
2025-07-01 19:00:00,7.197,141.96,10.36,791.95,28.55,Increasing,NORMAL,None
2025-07-01 20:00:00,7.239,135.1,8.51,822.75,28.14,Increasing,NORMAL,None
2025-07-01 21:00:00,7.285,70.05,9.78,820.16,27.89,Increasing,NORMAL,None
2025-07-01 22:00:00,7.3,72.09,9.52,824.19,27.4,Increasing,NORMAL,None
2025-07-01 23:00:00,7.264,77.81,8.14,818.69,27.41,Decreasing,NORMAL,None
2025-07-02 00:00:00,7.297,96.28,7.06,848.77,27.37,Decreasing,NORMAL,None
2025-07-02 01:00:00,7.259,78.26,7.84,849.74,26.68,Decreasing,NORMAL,None
2025-07-02 02:00:00,7.345,117.76,7.85,869.81,27.48,Decreasing,NORMAL,None
2025-07-02 03:00:00,7.238,72.82,6.48,886.98,27.49,Increasing,NORMAL,None
2025-07-02 04:00:00,7.408,49.72,4.66,900.17,28.1,Decreasing,NORMAL,None
2025-07-02 05:00:00,7.488,30.0,6.55,874.13,28.44,Decreasing,NORMAL,None
2025-07-02 06:00:00,7.498,30.0,7.69,854.47,28.86,Decreasing,NORMAL,None
2025-07-02 07:00:00,7.426,103.83,8.81,872.87,29.56,Increasing,NORMAL,None
2025-07-02 08:00:00,7.488,52.6,9.53,866.25,30.16,Decreasing,NORMAL,None
2025-07-02 09:00:00,7.269,41.19,8.91,861.22,30.09,Decreasing,NORMAL,None
2025-07-02 10:00:00,7.289,90.58,7.85,864.07,30.77,Increasing,NORMAL,None
2025-07-02 11:00:00,7.38,69.26,8.43,851.52,31.17,Increasing,NORMAL,None
2025-07-02 12:00:00,7.372,117.96,9.32,845.33,30.74,Increasing,NORMAL,None
2025-07-02 13:00:00,7.398,30.0,9.8,825.6,30.31,Decreasing,NORMAL,None
2025-07-02 14:00:00,7.319,42.35,7.33,830.74,29.91,Decreasing,NORMAL,None
2025-07-02 15:00:00,7.286,96.34,8.68,809.36,30.47,Increasing,NORMAL,None
2025-07-02 16:00:00,7.393,80.0,8.1,816.02,29.97,Decreasing,NORMAL,None
2025-07-02 17:00:00,7.183,88.25,8.14,809.64,29.4,Increasing,NORMAL,None
2025-07-02 18:00:00,7.457,68.15,8.72,817.6,28.78,Decreasing,NORMAL,None
2025-07-02 19:00:00,7.287,61.16,7.81,836.68,28.51,Increasing,NORMAL,None
2025-07-02 20:00:00,7.296,33.36,7.05,812.74,27.95,Decreasing,NORMAL,None
2025-07-02 21:00:00,7.332,103.22,7.15,829.57,27.52,Increasing,NORMAL,None
2025-07-02 22:00:00,7.184,85.83,6.94,845.21,27.13,Increasing,NORMAL,None
2025-07-02 23:00:00,7.481,89.38,7.12,842.16,27.13,Stable,NORMAL,None
2025-07-03 00:00:00,7.496,53.63,7.02,815.8,27.03,Decreasing,NORMAL,None
2025-07-03 01:00:00,7.259,49.86,7.5,811.13,27.13,Decreasing,NORMAL,None
2025-07-03 02:00:00,7.266,53.66,4.7,821.08,27.3,Increasing,NORMAL,None
2025-07-03 03:00:00,7.24,34.35,4.66,802.34,28.28,Decreasing,NORMAL,None
2025-07-03 04:00:00,7.336,93.01,5.61,799.6,27.97,Increasing,NORMAL,None
2025-07-03 05:00:00,7.306,50.25,5.58,811.95,28.19,Decreasing,NORMAL,None
2025-07-03 06:00:00,7.386,76.54,5.63,798.61,29.35,Increasing,NORMAL,None
2025-07-03 07:00:00,7.387,39.91,4.95,797.61,29.3,Decreasing,NORMAL,None
2025-07-03 08:00:00,7.409,78.48,5.33,794.67,29.42,Increasing,NORMAL,None
2025-07-03 09:00:00,7.495,48.0,4.9,796.29,31.0,Increasing,NORMAL,None
2025-07-03 10:00:00,7.435,55.31,5.08,799.98,30.56,Decreasing,NORMAL,None
2025-07-03 11:00:00,7.293,35.95,6.06,775.28,30.26,Decreasing,NORMAL,None
2025-07-03 12:00:00,7.359,78.56,6.33,775.22,30.21,Stable,NORMAL,None
2025-07-03 13:00:00,7.441,76.72,6.64,770.45,30.9,Increasing,NORMAL,None
2025-07-03 14:00:00,7.439,67.91,5.81,790.8,30.82,Decreasing,NORMAL,None
2025-07-03 15:00:00,7.286,90.39,4.69,790.33,30.44,Increasing,NORMAL,None
2025-07-03 16:00:00,7.387,42.57,8.7,770.66,30.14,Decreasing,NORMAL,None
2025-07-03 17:00:00,7.302,38.98,6.22,766.68,29.41,Increasing,NORMAL,None
2025-07-03 18:00:00,7.386,67.59,9.72,776.91,28.89,Decreasing,NORMAL,None
2025-07-03 19:00:00,7.341,107.33,9.98,797.03,28.27,Increasing,NORMAL,None
2025-07-03 20:00:00,7.402,36.38,8.5,779.36,27.88,Decreasing,NORMAL,None
2025-07-03 21:00:00,7.394,30.87,9.17,767.63,28.1,Decreasing,NORMAL,None
2025-07-03 22:00:00,7.545,72.25,7.83,782.38,26.93,Increasing,NORMAL,None
2025-07-03 23:00:00,7.232,95.17,7.46,800.62,26.65,Increasing,NORMAL,None
2025-07-04 00:00:00,7.375,52.86,7.57,787.3,26.54,Decreasing,NORMAL,None
2025-07-04 01:00:00,7.345,81.4,6.83,773.35,27.65,Decreasing,NORMAL,None
2025-07-04 02:00:00,7.381,65.87,7.0,758.66,27.67,Increasing,NORMAL,None
2025-07-04 03:00:00,7.291,30.0,8.01,775.54,27.38,Stable,NORMAL,None
2025-07-04 04:00:00,7.371,80.39,7.72,781.25,28.57,Increasing,NORMAL,None
2025-07-04 05:00:00,7.347,69.02,6.31,770.15,28.66,Decreasing,NORMAL,None
2025-07-04 06:00:00,7.418,35.78,6.68,762.47,29.25,Decreasing,NORMAL,None
2025-07-04 07:00:00,7.413,48.76,6.5,775.32,29.4,Decreasing,NORMAL,None
2025-07-04 08:00:00,7.347,30.0,4.59,760.07,30.05,Decreasing,NORMAL,None
2025-07-04 09:00:00,7.169,74.57,5.64,748.89,29.89,Increasing,NORMAL,None
2025-07-04 10:00:00,7.429,60.93,5.54,733.48,30.5,Decreasing,NORMAL,None
2025-07-04 11:00:00,7.184,30.0,4.26,741.92,30.99,Decreasing,NORMAL,None
2025-07-04 12:00:00,7.603,42.17,4.66,729.09,30.99,Increasing,NORMAL,None
2025-07-04 13:00:00,7.262,57.29,5.9,729.29,30.59,Increasing,NORMAL,None
2025-07-04 14:00:00,7.369,88.9,4.52,733.19,30.47,Increasing,NORMAL,None
2025-07-04 15:00:00,7.297,30.0,4.7,731.27,29.81,Decreasing,NORMAL,None
2025-07-04 16:00:00,7.374,79.03,4.3,744.77,29.91,Increasing,NORMAL,None
2025-07-04 17:00:00,7.299,30.0,3.92,751.4,29.55,Stable,NORMAL,None
2025-07-04 18:00:00,7.311,84.32,5.74,757.79,28.83,Increasing,NORMAL,None
2025-07-04 19:00:00,7.335,30.0,5.76,732.18,28.1,Decreasing,NORMAL,None
2025-07-04 20:00:00,7.172,45.82,5.34,743.16,27.93,Decreasing,NORMAL,None
2025-07-04 21:00:00,7.467,48.0,6.75,738.71,27.64,Increasing,NORMAL,None
2025-07-04 22:00:00,7.399,48.73,6.35,738.01,27.85,Decreasing,NORMAL,None
2025-07-04 23:00:00,7.241,73.04,6.09,726.42,27.73,Increasing,NORMAL,None
2025-07-05 00:00:00,7.477,69.05,5.56,716.38,27.05,Decreasing,NORMAL,None
2025-07-05 01:00:00,7.362,46.64,6.56,719.37,27.53,Increasing,NORMAL,None
2025-07-05 02:00:00,7.231,61.29,7.52,723.07,27.19,Increasing,NORMAL,None
2025-07-05 03:00:00,7.552,82.61,6.85,730.76,27.57,Increasing,NORMAL,None
2025-07-05 04:00:00,7.185,68.29,5.07,755.59,27.62,Increasing,NORMAL,None
2025-07-05 05:00:00,7.368,50.11,3.74,747.63,29.03,Decreasing,NORMAL,None
2025-07-05 06:00:00,7.251,78.7,3.56,739.33,28.83,Increasing,NORMAL,None
2025-07-05 07:00:00,7.283,92.12,3.79,717.82,29.82,Increasing,NORMAL,None
2025-07-05 08:00:00,7.249,30.0,2.61,729.12,30.04,Decreasing,NORMAL,None
2025-07-05 09:00:00,7.412,36.33,3.62,731.86,30.41,Decreasing,NORMAL,None
2025-07-05 10:00:00,7.394,48.5,2.39,749.21,30.57,Decreasing,NORMAL,None
2025-07-05 11:00:00,7.37,56.69,1.0,744.3,30.45,Increasing,NORMAL,None
2025-07-05 12:00:00,7.234,39.68,1.0,739.96,30.08,Decreasing,NORMAL,None
2025-07-05 13:00:00,7.335,82.52,1.0,735.11,31.01,Decreasing,NORMAL,None
2025-07-05 14:00:00,7.465,64.83,1.0,728.5,30.37,Increasing,NORMAL,None
2025-07-05 15:00:00,7.378,58.9,1.0,705.28,30.62,Increasing,NORMAL,None
2025-07-05 16:00:00,7.368,41.2,1.0,734.0,29.96,Decreasing,NORMAL,None
2025-07-05 17:00:00,7.448,75.01,1.0,745.88,29.59,Increasing,NORMAL,None
2025-07-05 18:00:00,7.3,55.08,1.5,755.92,28.96,Increasing,NORMAL,None
2025-07-05 19:00:00,7.353,85.54,2.04,762.52,28.49,Increasing,NORMAL,None
2025-07-05 20:00:00,7.377,54.98,3.03,765.94,28.07,Decreasing,NORMAL,None
2025-07-05 21:00:00,7.445,42.23,1.5,761.61,27.24,Decreasing,NORMAL,None
2025-07-05 22:00:00,7.384,51.29,1.13,763.39,26.68,Increasing,NORMAL,None
2025-07-05 23:00:00,7.222,43.92,1.0,751.93,26.91,Decreasing,NORMAL,None
2025-07-06 00:00:00,7.402,38.56,4.13,725.0,26.99,Decreasing,NORMAL,None
2025-07-06 01:00:00,7.323,79.79,4.54,733.83,26.72,Decreasing,NORMAL,None
2025-07-06 02:00:00,7.426,66.03,4.16,742.29,27.32,Increasing,NORMAL,None
2025-07-06 03:00:00,7.225,84.18,3.84,765.73,27.7,Increasing,NORMAL,None
2025-07-06 04:00:00,7.276,50.6,4.55,756.17,27.94,Stable,NORMAL,None
2025-07-06 05:00:00,7.486,30.0,4.5,745.97,28.32,Decreasing,NORMAL,None
2025-07-06 06:00:00,7.292,74.92,4.86,735.17,28.58,Increasing,NORMAL,None
2025-07-06 07:00:00,7.598,30.0,4.52,758.22,29.52,Decreasing,NORMAL,None
2025-07-06 08:00:00,7.547,30.0,3.64,775.86,29.19,Decreasing,NORMAL,None
2025-07-06 09:00:00,7.38,48.01,4.94,786.71,30.36,Decreasing,NORMAL,None
2025-07-06 10:00:00,7.395,37.79,3.82,776.04,30.54,Decreasing,NORMAL,None
2025-07-06 11:00:00,7.211,59.49,6.04,772.69,30.5,Increasing,NORMAL,None
2025-07-06 12:00:00,7.19,68.79,5.19,763.78,30.49,Decreasing,NORMAL,None
2025-07-06 13:00:00,7.474,31.45,6.73,782.8,30.2,Increasing,NORMAL,None
2025-07-06 14:00:00,7.472,38.67,6.39,776.55,30.4,Increasing,NORMAL,None
2025-07-06 15:00:00,7.354,30.0,4.81,752.11,30.44,Decreasing,NORMAL,None
2025-07-06 16:00:00,7.399,46.93,4.83,744.15,29.55,Increasing,NORMAL,None
2025-07-06 17:00:00,7.459,77.62,4.7,755.78,29.05,Increasing,NORMAL,None
2025-07-06 18:00:00,7.268,87.19,4.83,760.33,28.83,Increasing,NORMAL,None
2025-07-06 19:00:00,7.354,114.04,7.89,797.97,28.35,Increasing,NORMAL,None
2025-07-06 20:00:00,7.407,80.41,8.69,805.73,28.01,Increasing,NORMAL,None
2025-07-06 21:00:00,7.321,69.22,6.34,800.14,28.1,Increasing,NORMAL,None
2025-07-06 22:00:00,7.346,85.51,7.82,823.24,27.36,Increasing,NORMAL,None
2025-07-06 23:00:00,7.209,47.6,7.49,799.91,27.3,Decreasing,NORMAL,None
2025-07-07 00:00:00,7.394,85.32,8.32,790.53,27.33,Stable,NORMAL,None
2025-07-07 01:00:00,7.247,125.15,8.7,801.91,27.33,Increasing,NORMAL,None
2025-07-07 02:00:00,7.415,85.89,7.6,807.06,27.16,Increasing,NORMAL,None
2025-07-07 03:00:00,7.267,63.51,6.97,779.74,27.57,Decreasing,NORMAL,None
2025-07-07 04:00:00,7.427,71.01,7.74,778.1,28.18,Decreasing,NORMAL,None
2025-07-07 05:00:00,7.129,77.66,7.15,781.54,28.13,Increasing,NORMAL,None
2025-07-07 06:00:00,7.378,101.45,12.43,804.9,29.23,Increasing,NORMAL,None
2025-07-07 07:00:00,7.353,103.81,12.22,806.72,29.21,Decreasing,NORMAL,None
2025-07-07 08:00:00,7.387,45.34,10.74,818.73,29.47,Decreasing,NORMAL,None
2025-07-07 09:00:00,7.378,108.73,9.77,823.62,30.19,Increasing,NORMAL,None
2025-07-07 10:00:00,7.564,55.58,9.54,817.52,30.24,Decreasing,NORMAL,None
2025-07-07 11:00:00,7.349,166.43,9.55,830.49,30.61,Increasing,NORMAL,None
2025-07-07 12:00:00,7.245,70.74,8.54,823.25,30.54,Decreasing,NORMAL,None
2025-07-07 13:00:00,7.266,84.24,8.21,843.89,30.46,Decreasing,NORMAL,None
2025-07-07 14:00:00,7.491,89.35,7.81,840.81,30.53,Increasing,NORMAL,None
2025-07-07 15:00:00,7.375,47.41,7.35,833.13,30.12,Decreasing,NORMAL,None
2025-07-07 16:00:00,7.445,47.61,6.53,825.09,29.8,Decreasing,NORMAL,None
2025-07-07 17:00:00,7.298,50.61,5.12,822.15,29.95,Decreasing,NORMAL,None
2025-07-07 18:00:00,7.395,30.0,5.39,797.94,28.59,Decreasing,NORMAL,None
2025-07-07 19:00:00,7.291,73.04,3.76,796.86,28.73,Decreasing,NORMAL,None
2025-07-07 20:00:00,7.388,52.69,3.43,799.63,28.19,Decreasing,NORMAL,None
2025-07-07 21:00:00,7.359,46.16,2.03,796.03,27.63,Stable,NORMAL,None
2025-07-07 22:00:00,7.257,38.96,2.52,795.63,26.91,Decreasing,NORMAL,None
2025-07-07 23:00:00,7.423,72.88,1.29,803.64,27.18,Increasing,NORMAL,None
2025-07-08 00:00:00,7.324,86.04,3.2,822.26,27.08,Increasing,NORMAL,None
2025-07-08 01:00:00,7.375,80.86,5.73,816.97,27.24,Increasing,NORMAL,None
2025-07-08 02:00:00,7.316,33.1,6.43,813.66,27.3,Decreasing,NORMAL,None
2025-07-08 03:00:00,7.125,93.91,6.24,838.06,27.88,Increasing,NORMAL,None
2025-07-08 04:00:00,7.573,30.0,5.13,817.66,28.31,Decreasing,NORMAL,None
2025-07-08 05:00:00,7.461,30.0,5.99,826.47,28.94,Decreasing,NORMAL,None
2025-07-08 06:00:00,7.28,69.79,5.67,849.72,28.56,Decreasing,NORMAL,None
2025-07-08 07:00:00,7.321,30.0,7.13,859.19,29.63,Decreasing,NORMAL,None
2025-07-08 08:00:00,7.214,55.38,4.88,819.55,29.21,Increasing,NORMAL,None
2025-07-08 09:00:00,7.493,55.17,5.01,800.51,30.1,Decreasing,NORMAL,None
2025-07-08 10:00:00,7.565,84.57,6.55,789.85,30.24,Increasing,NORMAL,None
2025-07-08 11:00:00,7.489,35.51,7.89,780.51,30.18,Increasing,NORMAL,None
2025-07-08 12:00:00,7.325,70.61,6.61,780.93,30.69,Stable,NORMAL,None
2025-07-08 13:00:00,7.466,91.1,5.89,803.34,30.49,Increasing,NORMAL,None
2025-07-08 14:00:00,7.486,54.09,5.87,817.22,29.99,Stable,NORMAL,None
2025-07-08 15:00:00,7.303,87.39,6.91,824.81,29.75,Increasing,NORMAL,None
2025-07-08 16:00:00,7.474,39.5,8.91,796.2,29.78,Decreasing,NORMAL,None
2025-07-08 17:00:00,7.215,72.89,10.03,767.57,29.28,Increasing,NORMAL,None
2025-07-08 18:00:00,7.285,119.94,7.46,771.31,29.31,Increasing,NORMAL,None
2025-07-08 19:00:00,7.26,84.61,7.28,757.35,28.34,Decreasing,NORMAL,None
2025-07-08 20:00:00,7.433,101.19,6.42,780.99,27.97,Increasing,NORMAL,None
2025-07-08 21:00:00,7.383,65.47,4.56,794.03,27.69,Decreasing,NORMAL,None
2025-07-08 22:00:00,7.483,53.6,5.13,771.85,27.08,Increasing,NORMAL,None
2025-07-08 23:00:00,7.327,52.03,4.34,772.48,27.27,Decreasing,NORMAL,None
2025-07-09 00:00:00,7.358,31.89,3.7,764.26,27.09,Decreasing,NORMAL,None
2025-07-09 01:00:00,7.35,30.0,3.72,754.98,27.17,Decreasing,NORMAL,None
2025-07-09 02:00:00,7.211,59.52,5.13,736.52,26.79,Decreasing,NORMAL,None
2025-07-09 03:00:00,7.318,53.45,6.04,728.27,27.81,Decreasing,NORMAL,None
2025-07-09 04:00:00,7.466,55.68,6.47,747.27,27.92,Increasing,NORMAL,None
2025-07-09 05:00:00,7.337,75.38,8.75,749.47,28.42,Increasing,NORMAL,None
2025-07-09 06:00:00,7.33,107.53,10.04,770.67,28.94,Increasing,NORMAL,None
2025-07-09 07:00:00,7.328,104.4,11.73,812.39,29.87,Increasing,NORMAL,None
2025-07-09 08:00:00,7.301,40.77,8.85,802.52,29.7,Decreasing,NORMAL,None
2025-07-09 09:00:00,7.422,87.47,9.39,810.75,29.7,Increasing,NORMAL,None
2025-07-09 10:00:00,7.444,30.0,6.2,794.26,30.23,Decreasing,NORMAL,None
2025-07-09 11:00:00,7.527,30.0,6.09,808.67,30.78,Decreasing,NORMAL,None
2025-07-09 12:00:00,7.347,61.43,14.32,794.44,30.33,Decreasing,NORMAL,None
2025-07-09 13:00:00,7.128,115.65,13.58,801.66,30.33,Increasing,NORMAL,None
2025-07-09 14:00:00,7.209,74.55,13.19,814.78,30.02,Increasing,NORMAL,None
2025-07-09 15:00:00,7.353,71.63,9.34,841.59,29.52,Decreasing,NORMAL,None
2025-07-09 16:00:00,7.422,83.74,8.79,827.85,29.81,Increasing,NORMAL,None
2025-07-09 17:00:00,7.296,101.77,10.62,830.98,29.43,Increasing,NORMAL,None
2025-07-09 18:00:00,7.364,128.03,13.22,831.77,29.22,Increasing,NORMAL,None
2025-07-09 19:00:00,7.317,70.76,12.32,818.43,28.16,Decreasing,NORMAL,None
2025-07-09 20:00:00,7.522,89.75,9.95,830.35,28.14,Increasing,NORMAL,None
2025-07-09 21:00:00,7.277,57.86,10.63,825.12,28.23,Decreasing,NORMAL,None
2025-07-09 22:00:00,7.181,64.84,10.03,827.81,27.57,Decreasing,NORMAL,None
2025-07-09 23:00:00,7.366,83.1,9.4,827.44,27.08,Decreasing,NORMAL,None
2025-07-10 00:00:00,7.385,78.98,10.65,833.75,27.01,Decreasing,NORMAL,None
2025-07-10 01:00:00,7.275,53.68,9.71,831.85,27.13,Decreasing,NORMAL,None
2025-07-10 02:00:00,7.538,59.51,8.64,866.16,27.15,Decreasing,NORMAL,None
2025-07-10 03:00:00,7.182,124.95,8.82,874.87,27.46,Increasing,NORMAL,None
2025-07-10 04:00:00,7.245,84.02,8.38,874.92,28.07,Increasing,NORMAL,None
2025-07-10 05:00:00,7.384,101.62,7.76,883.42,28.0,Increasing,NORMAL,None
2025-07-10 06:00:00,7.285,100.45,7.92,871.41,29.24,Increasing,NORMAL,None
2025-07-10 07:00:00,7.341,87.51,6.36,848.54,29.16,Increasing,NORMAL,None
2025-07-10 08:00:00,7.489,30.0,6.52,838.39,29.83,Decreasing,NORMAL,None
2025-07-10 09:00:00,7.328,38.02,6.07,818.16,29.75,Decreasing,NORMAL,None
2025-07-10 10:00:00,7.282,75.53,8.87,826.26,30.68,Decreasing,NORMAL,None
2025-07-10 11:00:00,7.342,104.65,8.27,841.99,30.56,Stable,NORMAL,None
2025-07-10 12:00:00,7.328,104.38,10.44,862.0,30.34,Increasing,NORMAL,None
2025-07-10 13:00:00,7.32,76.22,7.45,852.67,30.25,Decreasing,NORMAL,None
2025-07-10 14:00:00,7.257,98.13,7.52,830.37,30.0,Increasing,NORMAL,None
2025-07-10 15:00:00,7.418,74.57,7.26,857.41,30.29,Increasing,NORMAL,None
2025-07-10 16:00:00,7.245,100.79,7.6,865.92,29.46,Increasing,NORMAL,None
2025-07-10 17:00:00,7.299,58.94,6.9,858.16,29.23,Decreasing,NORMAL,None
2025-07-10 18:00:00,7.397,32.37,6.24,851.22,28.36,Decreasing,NORMAL,None
2025-07-10 19:00:00,7.202,30.0,5.59,836.95,28.35,Decreasing,NORMAL,None
2025-07-10 20:00:00,7.487,30.0,3.95,857.87,28.08,Decreasing,NORMAL,None
2025-07-10 21:00:00,7.278,37.43,4.11,813.95,27.55,Decreasing,NORMAL,None
2025-07-10 22:00:00,7.344,41.3,4.62,825.35,27.63,Decreasing,NORMAL,None
2025-07-10 23:00:00,7.508,94.86,10.53,820.32,26.75,Increasing,NORMAL,None
2025-07-11 00:00:00,7.264,30.0,9.02,799.82,27.69,Decreasing,NORMAL,None
2025-07-11 01:00:00,7.315,49.76,6.46,758.25,26.93,Increasing,NORMAL,None
2025-07-11 02:00:00,7.49,44.45,6.25,761.33,27.53,Increasing,NORMAL,None
2025-07-11 03:00:00,7.452,30.0,6.4,770.91,27.85,Decreasing,NORMAL,None
2025-07-11 04:00:00,7.384,38.33,6.94,757.13,27.7,Decreasing,NORMAL,None
2025-07-11 05:00:00,7.325,76.26,10.72,742.57,28.56,Decreasing,NORMAL,None
2025-07-11 06:00:00,7.319,54.5,8.14,741.54,28.84,Increasing,NORMAL,None
2025-07-11 07:00:00,7.261,111.97,8.23,767.03,29.61,Increasing,NORMAL,None
2025-07-11 08:00:00,7.392,92.49,6.25,783.3,29.84,Increasing,NORMAL,None
2025-07-11 09:00:00,7.396,77.73,8.28,761.28,29.57,Increasing,NORMAL,None
2025-07-11 10:00:00,7.373,104.12,8.82,786.2,30.25,Increasing,NORMAL,None
2025-07-11 11:00:00,7.585,58.94,9.64,796.1,30.03,Decreasing,NORMAL,None
2025-07-11 12:00:00,7.49,91.26,13.35,796.31,30.47,Increasing,NORMAL,None
2025-07-11 13:00:00,7.326,118.24,14.0,815.3,30.15,Increasing,NORMAL,None
2025-07-11 14:00:00,7.446,89.26,12.38,837.06,29.99,Decreasing,NORMAL,None
2025-07-11 15:00:00,7.197,121.02,11.37,827.54,30.03,Increasing,NORMAL,None
2025-07-11 16:00:00,7.319,100.89,11.09,810.88,29.48,Decreasing,NORMAL,None
2025-07-11 17:00:00,7.538,30.0,9.09,802.73,29.35,Decreasing,NORMAL,None
2025-07-11 18:00:00,7.197,92.63,10.31,817.87,28.68,Stable,NORMAL,None
2025-07-11 19:00:00,7.432,52.37,8.81,809.88,27.91,Decreasing,NORMAL,None
2025-07-11 20:00:00,7.439,49.28,7.59,799.05,27.84,Decreasing,NORMAL,None
2025-07-11 21:00:00,7.293,72.46,6.46,792.21,27.29,Decreasing,NORMAL,None
2025-07-11 22:00:00,7.248,114.11,6.18,797.1,26.85,Increasing,NORMAL,None
2025-07-11 23:00:00,7.205,136.16,8.42,794.87,27.2,Increasing,NORMAL,None
2025-07-12 00:00:00,7.191,64.48,9.3,795.8,27.35,Decreasing,NORMAL,None
2025-07-12 01:00:00,7.358,61.38,8.38,772.99,27.57,Increasing,NORMAL,None
2025-07-12 02:00:00,7.298,39.68,8.46,765.76,27.18,Decreasing,NORMAL,None
2025-07-12 03:00:00,7.187,33.15,6.75,762.37,27.34,Decreasing,NORMAL,None
2025-07-12 04:00:00,7.314,45.6,4.42,753.36,27.76,Decreasing,NORMAL,None
2025-07-12 05:00:00,7.376,71.88,4.43,745.24,28.15,Decreasing,NORMAL,None
2025-07-12 06:00:00,7.399,56.62,6.99,729.69,28.78,Decreasing,NORMAL,None
2025-07-12 07:00:00,7.291,91.6,6.2,743.07,28.78,Increasing,NORMAL,None
2025-07-12 08:00:00,7.231,64.65,5.44,758.41,29.51,Increasing,NORMAL,None
2025-07-12 09:00:00,7.277,96.18,8.2,776.54,30.18,Increasing,NORMAL,None
2025-07-12 10:00:00,7.454,44.05,6.57,764.02,30.34,Decreasing,NORMAL,None
2025-07-12 11:00:00,7.26,43.33,6.58,766.3,30.62,Decreasing,NORMAL,None
2025-07-12 12:00:00,7.335,44.75,7.31,751.68,29.78,Decreasing,NORMAL,None
2025-07-12 13:00:00,7.393,84.37,6.37,772.76,29.96,Decreasing,NORMAL,None
2025-07-12 14:00:00,7.239,68.01,5.48,775.83,30.11,Increasing,NORMAL,None
2025-07-12 15:00:00,7.215,30.0,5.39,774.3,30.13,Decreasing,NORMAL,None
2025-07-12 16:00:00,7.332,48.33,5.51,759.95,29.85,Increasing,NORMAL,None
2025-07-12 17:00:00,7.338,64.64,5.91,739.48,29.34,Increasing,NORMAL,None
2025-07-12 18:00:00,7.407,84.54,6.5,729.51,29.35,Increasing,NORMAL,None
2025-07-12 19:00:00,7.469,48.43,9.3,723.42,27.52,Decreasing,NORMAL,None
2025-07-12 20:00:00,7.249,87.53,8.62,732.41,27.35,Increasing,NORMAL,None
2025-07-12 21:00:00,7.291,64.24,6.11,719.06,27.75,Increasing,NORMAL,None
2025-07-12 22:00:00,7.302,80.8,8.41,724.83,26.92,Increasing,NORMAL,None
2025-07-12 23:00:00,7.299,48.42,9.64,722.37,27.87,Decreasing,NORMAL,None
2025-07-13 00:00:00,7.23,72.12,11.66,748.1,26.59,Decreasing,NORMAL,None
2025-07-13 01:00:00,7.27,85.1,12.52,763.6,27.06,Increasing,NORMAL,None
2025-07-13 02:00:00,7.375,97.58,12.14,787.06,27.3,Increasing,NORMAL,None
2025-07-13 03:00:00,7.221,123.41,11.17,802.79,27.42,Increasing,NORMAL,None
2025-07-13 04:00:00,7.22,87.82,10.69,807.58,28.23,Increasing,NORMAL,None
2025-07-13 05:00:00,7.455,92.0,9.33,801.07,28.51,Increasing,NORMAL,None
2025-07-13 06:00:00,7.447,58.97,8.05,803.02,28.59,Decreasing,NORMAL,None
2025-07-13 07:00:00,7.316,72.61,9.25,812.37,29.11,Decreasing,NORMAL,None
2025-07-13 08:00:00,7.253,72.09,9.06,819.75,30.28,Decreasing,NORMAL,None
2025-07-13 09:00:00,7.276,96.58,10.09,817.91,29.77,Decreasing,NORMAL,None
2025-07-13 10:00:00,7.387,62.74,9.04,791.84,30.8,Decreasing,NORMAL,None
2025-07-13 11:00:00,7.426,43.42,8.99,780.72,30.82,Decreasing,NORMAL,None
2025-07-13 12:00:00,7.342,71.03,8.79,780.27,30.92,Increasing,NORMAL,None
2025-07-13 13:00:00,7.425,63.94,9.75,765.41,30.26,Decreasing,NORMAL,None
2025-07-13 14:00:00,7.252,83.37,11.93,766.63,30.24,Increasing,NORMAL,None
2025-07-13 15:00:00,7.301,105.28,12.57,780.46,30.02,Increasing,NORMAL,None
2025-07-13 16:00:00,7.297,51.02,11.16,774.58,29.94,Decreasing,NORMAL,None
2025-07-13 17:00:00,7.431,57.78,11.01,772.54,29.81,Increasing,NORMAL,None
2025-07-13 18:00:00,7.33,64.93,10.44,788.19,29.11,Decreasing,NORMAL,None
2025-07-13 19:00:00,7.208,114.14,10.69,817.87,28.27,Increasing,NORMAL,None
2025-07-13 20:00:00,7.219,65.31,9.18,811.77,28.58,Decreasing,NORMAL,None
2025-07-13 21:00:00,7.403,72.35,10.1,815.74,27.13,Decreasing,NORMAL,None
2025-07-13 22:00:00,7.463,72.09,8.58,821.3,27.04,Increasing,NORMAL,None
2025-07-13 23:00:00,7.4,114.54,9.1,823.94,27.38,Increasing,NORMAL,None
2025-07-14 00:00:00,7.283,56.1,7.24,820.92,27.14,Decreasing,NORMAL,None
2025-07-14 01:00:00,7.353,115.83,8.26,805.26,27.41,Stable,NORMAL,None
2025-07-14 02:00:00,7.276,70.39,6.09,779.46,26.48,Increasing,NORMAL,None
2025-07-14 03:00:00,7.202,43.87,5.27,759.13,27.85,Decreasing,NORMAL,None
2025-07-14 04:00:00,7.327,56.58,5.98,763.04,27.65,Decreasing,NORMAL,None
2025-07-14 05:00:00,7.168,52.92,5.76,760.69,28.47,Decreasing,NORMAL,None
2025-07-14 06:00:00,7.435,31.8,3.91,754.12,28.55,Decreasing,NORMAL,None
2025-07-14 07:00:00,7.431,30.0,4.36,750.01,29.32,Decreasing,NORMAL,None
2025-07-14 08:00:00,7.376,43.95,6.2,739.64,29.79,Decreasing,NORMAL,None
2025-07-14 09:00:00,7.386,55.02,6.85,745.03,29.96,Increasing,NORMAL,None
2025-07-14 10:00:00,7.427,107.01,5.99,754.53,30.35,Increasing,NORMAL,None
2025-07-14 11:00:00,7.42,97.11,5.77,752.6,30.37,Increasing,NORMAL,None
2025-07-14 12:00:00,7.465,70.81,6.85,736.39,31.08,Increasing,NORMAL,None
2025-07-14 13:00:00,7.443,76.19,7.63,726.33,30.42,Increasing,NORMAL,None
2025-07-14 14:00:00,7.409,47.96,5.66,714.09,30.18,Increasing,NORMAL,None
2025-07-14 15:00:00,7.321,86.51,6.37,730.99,30.08,Increasing,NORMAL,None
2025-07-14 16:00:00,7.311,77.64,4.11,722.75,29.67,Decreasing,NORMAL,None
2025-07-14 17:00:00,7.312,51.52,2.29,713.36,28.57,Decreasing,NORMAL,None
2025-07-14 18:00:00,7.342,30.0,2.57,709.27,28.54,Decreasing,NORMAL,None
2025-07-14 19:00:00,7.351,52.2,1.54,698.41,27.86,Decreasing,NORMAL,None
2025-07-14 20:00:00,7.475,64.58,2.74,692.22,28.19,Increasing,NORMAL,None
2025-07-14 21:00:00,7.445,30.0,2.74,712.43,27.33,Decreasing,NORMAL,None
2025-07-14 22:00:00,7.347,31.86,1.39,693.88,27.36,Decreasing,NORMAL,None
2025-07-14 23:00:00,7.406,48.69,4.44,699.3,26.67,Decreasing,NORMAL,None
2025-07-15 00:00:00,7.219,54.8,2.53,694.67,27.17,Increasing,NORMAL,None
2025-07-15 01:00:00,7.24,30.0,3.99,699.3,27.02,Decreasing,NORMAL,None
2025-07-15 02:00:00,7.405,30.0,4.38,684.16,27.76,Decreasing,NORMAL,None
2025-07-15 03:00:00,7.303,68.24,4.57,690.26,27.26,Increasing,NORMAL,None
2025-07-15 04:00:00,7.251,89.54,7.49,694.38,27.29,Increasing,NORMAL,None
2025-07-15 05:00:00,7.387,114.34,6.66,719.23,28.12,Increasing,NORMAL,None
2025-07-15 06:00:00,7.565,58.37,4.92,701.41,28.95,Increasing,NORMAL,None
2025-07-15 07:00:00,7.307,65.93,7.3,697.4,28.96,Increasing,NORMAL,None
2025-07-15 08:00:00,7.273,116.64,6.08,715.27,29.68,Increasing,NORMAL,None
2025-07-15 09:00:00,7.371,56.12,5.67,701.6,29.74,Decreasing,NORMAL,None
2025-07-15 10:00:00,7.346,54.55,3.7,714.14,30.23,Decreasing,NORMAL,None
2025-07-15 11:00:00,7.35,112.98,3.17,711.77,30.12,Stable,NORMAL,None
2025-07-15 12:00:00,7.339,30.0,2.74,688.87,30.62,Decreasing,NORMAL,None
2025-07-15 13:00:00,7.43,30.0,1.18,719.22,30.26,Decreasing,NORMAL,None
2025-07-15 14:00:00,7.31,60.07,2.18,742.85,30.34,Decreasing,NORMAL,None
2025-07-15 15:00:00,7.301,30.0,1.0,770.05,29.81,Decreasing,NORMAL,None
2025-07-15 16:00:00,7.453,59.57,1.07,790.44,29.79,Increasing,NORMAL,None
2025-07-15 17:00:00,7.337,37.52,1.71,817.08,29.14,Decreasing,NORMAL,None
2025-07-15 18:00:00,7.246,48.76,2.19,829.02,28.69,Increasing,NORMAL,None
2025-07-15 19:00:00,7.299,30.0,4.3,804.17,28.16,Stable,NORMAL,None
2025-07-15 20:00:00,7.462,30.0,3.45,814.08,27.42,Decreasing,NORMAL,None
2025-07-15 21:00:00,7.22,103.99,16.7,813.09,27.19,Increasing,NORMAL,None
2025-07-15 22:00:00,7.293,89.36,16.58,793.22,26.65,Increasing,NORMAL,None
2025-07-15 23:00:00,7.578,70.58,15.73,775.24,27.3,Increasing,NORMAL,None
2025-07-16 00:00:00,7.313,76.65,11.6,762.79,27.07,Increasing,NORMAL,None
2025-07-16 01:00:00,7.184,72.5,10.78,764.83,26.5,Increasing,NORMAL,None
2025-07-16 02:00:00,7.359,105.24,11.68,773.22,27.1,Increasing,NORMAL,None
2025-07-16 03:00:00,7.385,105.49,9.91,782.76,27.52,Stable,NORMAL,None
2025-07-16 04:00:00,7.198,65.42,9.54,777.57,27.58,Decreasing,NORMAL,None
2025-07-16 05:00:00,7.165,67.72,9.49,795.39,27.66,Decreasing,NORMAL,None
2025-07-16 06:00:00,7.265,47.3,8.82,791.35,28.72,Decreasing,NORMAL,None
2025-07-16 07:00:00,7.386,42.93,8.72,775.66,29.27,Decreasing,NORMAL,None
2025-07-16 08:00:00,7.336,77.46,8.04,781.41,30.21,Decreasing,NORMAL,None
2025-07-16 09:00:00,7.45,61.49,6.08,775.31,29.53,Decreasing,NORMAL,None
2025-07-16 10:00:00,7.466,76.14,8.05,798.34,29.89,Increasing,NORMAL,None
2025-07-16 11:00:00,7.352,83.44,6.42,802.73,30.56,Increasing,NORMAL,None
2025-07-16 12:00:00,7.375,87.37,5.96,796.47,30.31,Increasing,NORMAL,None
2025-07-16 13:00:00,7.401,94.53,14.52,805.91,30.06,Increasing,NORMAL,None
2025-07-16 14:00:00,7.17,105.33,12.02,811.31,30.14,Increasing,NORMAL,None
2025-07-16 15:00:00,7.368,50.68,10.78,795.34,30.43,Decreasing,NORMAL,None
2025-07-16 16:00:00,7.187,128.93,10.46,796.98,29.69,Increasing,NORMAL,None
2025-07-16 17:00:00,7.341,107.85,13.76,773.23,29.23,Increasing,NORMAL,None
2025-07-16 18:00:00,7.384,45.64,13.21,758.4,28.62,Decreasing,NORMAL,None
2025-07-16 19:00:00,7.498,85.75,13.04,763.24,27.67,Decreasing,NORMAL,None
2025-07-16 20:00:00,7.324,47.9,10.68,739.3,28.07,Decreasing,NORMAL,None
2025-07-16 21:00:00,7.403,77.58,11.59,752.83,27.43,Increasing,NORMAL,None
2025-07-16 22:00:00,7.332,51.79,11.72,747.61,27.13,Decreasing,NORMAL,None
2025-07-16 23:00:00,7.406,93.09,10.34,784.62,27.4,Decreasing,NORMAL,None
2025-07-17 00:00:00,7.128,60.17,8.31,793.89,27.02,Increasing,NORMAL,None
2025-07-17 01:00:00,7.269,57.35,6.35,787.88,26.91,Decreasing,NORMAL,None
2025-07-17 02:00:00,7.301,55.28,5.83,785.24,27.67,Increasing,NORMAL,None
2025-07-17 03:00:00,7.322,46.25,4.62,799.26,26.94,Decreasing,NORMAL,None
2025-07-17 04:00:00,7.272,34.3,7.87,786.29,27.44,Decreasing,NORMAL,None
2025-07-17 05:00:00,7.32,106.59,5.73,800.58,28.05,Increasing,NORMAL,None
2025-07-17 06:00:00,7.511,30.0,5.08,794.98,28.78,Decreasing,NORMAL,None
2025-07-17 07:00:00,7.295,44.98,3.83,788.5,29.09,Decreasing,NORMAL,None
2025-07-17 08:00:00,7.401,91.25,4.52,783.86,30.23,Increasing,NORMAL,None
2025-07-17 09:00:00,7.369,30.0,6.93,775.22,29.91,Decreasing,NORMAL,None
2025-07-17 10:00:00,7.28,56.07,7.04,798.44,29.27,Increasing,NORMAL,None
2025-07-17 11:00:00,7.3,70.98,7.03,799.01,30.5,Decreasing,NORMAL,None
2025-07-17 12:00:00,7.232,62.54,6.86,803.22,30.75,Increasing,NORMAL,None
2025-07-17 13:00:00,7.175,78.38,7.07,822.24,30.42,Increasing,NORMAL,None
2025-07-17 14:00:00,7.435,82.65,6.92,826.04,30.15,Decreasing,NORMAL,None
2025-07-17 15:00:00,7.225,87.42,6.75,832.05,29.64,Increasing,NORMAL,None
2025-07-17 16:00:00,7.192,52.35,6.36,819.31,29.09,Decreasing,NORMAL,None
2025-07-17 17:00:00,7.384,42.59,5.51,807.77,29.25,Decreasing,NORMAL,None
2025-07-17 18:00:00,7.214,107.41,6.4,840.92,28.89,Increasing,NORMAL,None
2025-07-17 19:00:00,7.272,66.94,8.34,821.4,28.01,Decreasing,NORMAL,None
2025-07-17 20:00:00,7.351,75.46,7.98,826.04,27.69,Decreasing,NORMAL,None
2025-07-17 21:00:00,7.26,126.94,9.88,842.5,27.63,Increasing,NORMAL,None
2025-07-17 22:00:00,7.244,115.25,7.24,829.44,27.68,Increasing,NORMAL,None
2025-07-17 23:00:00,7.28,69.9,7.8,825.51,27.16,Increasing,NORMAL,None
2025-07-18 00:00:00,7.327,46.65,6.32,813.46,26.56,Decreasing,NORMAL,None
2025-07-18 01:00:00,7.447,59.01,7.12,814.16,27.25,Decreasing,NORMAL,None
2025-07-18 02:00:00,7.243,30.0,4.05,788.83,27.57,Decreasing,NORMAL,None
2025-07-18 03:00:00,7.248,89.46,5.46,786.68,27.78,Decreasing,NORMAL,None
2025-07-18 04:00:00,7.358,66.65,4.09,791.98,27.82,Decreasing,NORMAL,None
2025-07-18 05:00:00,7.332,30.0,3.46,779.61,28.05,Decreasing,NORMAL,None
2025-07-18 06:00:00,7.512,30.0,4.24,794.38,28.54,Decreasing,NORMAL,None
2025-07-18 07:00:00,7.331,59.2,7.34,787.04,29.1,Stable,NORMAL,None
2025-07-18 08:00:00,7.3,71.45,7.74,797.5,29.93,Increasing,NORMAL,None
2025-07-18 09:00:00,7.241,86.03,7.3,799.95,29.92,Decreasing,NORMAL,None
2025-07-18 10:00:00,7.313,56.83,10.19,801.64,30.39,Decreasing,NORMAL,None
2025-07-18 11:00:00,7.177,79.01,9.86,792.22,30.03,Increasing,NORMAL,None
2025-07-18 12:00:00,7.444,93.66,12.02,794.35,30.33,Increasing,NORMAL,None
2025-07-18 13:00:00,7.323,115.39,12.21,780.86,30.53,Increasing,NORMAL,None
2025-07-18 14:00:00,7.263,58.79,12.52,777.1,30.37,Decreasing,NORMAL,None
2025-07-18 15:00:00,7.468,79.08,10.48,787.58,30.19,Decreasing,NORMAL,None
2025-07-18 16:00:00,7.329,122.56,14.99,803.09,29.31,Increasing,NORMAL,None
2025-07-18 17:00:00,7.337,37.45,13.35,781.24,29.32,Decreasing,NORMAL,None
2025-07-18 18:00:00,7.274,89.6,12.4,781.79,28.79,Decreasing,NORMAL,None
2025-07-18 19:00:00,7.221,96.76,12.63,776.7,27.48,Decreasing,NORMAL,None
2025-07-18 20:00:00,7.368,60.54,12.96,754.08,27.49,Stable,NORMAL,None
2025-07-18 21:00:00,7.432,69.05,10.95,770.67,27.22,Decreasing,NORMAL,None
2025-07-18 22:00:00,7.199,95.37,12.23,768.42,27.71,Decreasing,NORMAL,None
2025-07-18 23:00:00,7.35,92.9,11.94,777.46,27.07,Increasing,NORMAL,None
2025-07-19 00:00:00,7.479,50.83,12.28,763.58,26.73,Decreasing,NORMAL,None
2025-07-19 01:00:00,7.326,77.75,11.47,773.06,26.62,Decreasing,NORMAL,None
2025-07-19 02:00:00,7.351,80.97,11.33,764.17,26.74,Increasing,NORMAL,None
2025-07-19 03:00:00,7.229,48.43,9.42,788.77,27.16,Decreasing,NORMAL,None
2025-07-19 04:00:00,7.47,46.75,10.0,782.23,27.74,Decreasing,NORMAL,None
2025-07-19 05:00:00,6.973,121.85,9.31,784.87,28.31,Increasing,NORMAL,None
2025-07-19 06:00:00,7.148,78.4,8.83,784.51,28.64,Increasing,NORMAL,None
2025-07-19 07:00:00,7.271,93.08,7.4,772.35,29.35,Increasing,NORMAL,None
2025-07-19 08:00:00,7.502,86.08,8.79,798.51,29.37,Increasing,NORMAL,None
2025-07-19 09:00:00,7.352,117.48,8.25,804.66,30.05,Increasing,NORMAL,None
2025-07-19 10:00:00,7.371,40.48,7.45,825.33,30.17,Decreasing,NORMAL,None
2025-07-19 11:00:00,7.494,30.0,5.29,822.05,30.03,Decreasing,NORMAL,None
2025-07-19 12:00:00,7.606,65.67,5.85,841.65,30.74,Decreasing,NORMAL,None
2025-07-19 13:00:00,7.349,72.37,6.99,809.66,30.06,Decreasing,NORMAL,None
2025-07-19 14:00:00,7.505,30.0,6.16,798.5,30.34,Decreasing,NORMAL,None
2025-07-19 15:00:00,7.485,30.0,6.01,769.21,29.93,Decreasing,NORMAL,None
2025-07-19 16:00:00,7.378,70.61,5.07,764.64,29.65,Increasing,NORMAL,None
2025-07-19 17:00:00,7.434,49.85,3.83,763.13,28.72,Increasing,NORMAL,None
2025-07-19 18:00:00,7.412,64.09,4.6,766.81,28.3,Stable,NORMAL,None
2025-07-19 19:00:00,7.336,30.0,3.6,745.03,27.93,Decreasing,NORMAL,None
2025-07-19 20:00:00,7.235,81.3,3.58,751.78,27.85,Increasing,NORMAL,None
2025-07-19 21:00:00,7.32,76.64,3.51,744.74,27.36,Increasing,NORMAL,None
2025-07-19 22:00:00,7.488,73.42,4.58,752.04,27.24,Increasing,NORMAL,None
2025-07-19 23:00:00,7.299,66.68,4.12,747.02,26.65,Increasing,NORMAL,None
2025-07-20 00:00:00,7.256,71.89,3.27,767.25,26.95,Increasing,NORMAL,None
2025-07-20 01:00:00,7.586,43.66,4.0,772.68,27.23,Increasing,NORMAL,None
2025-07-20 02:00:00,7.283,30.0,5.14,794.26,27.08,Decreasing,NORMAL,None
2025-07-20 03:00:00,7.507,30.0,4.17,788.83,27.18,Decreasing,NORMAL,None
2025-07-20 04:00:00,7.304,67.67,4.62,783.77,27.82,Decreasing,NORMAL,None
2025-07-20 05:00:00,7.389,70.39,4.74,793.4,28.17,Increasing,NORMAL,None
2025-07-20 06:00:00,7.027,93.24,5.65,806.04,28.15,Increasing,NORMAL,None
2025-07-20 07:00:00,7.417,73.33,9.31,804.29,28.88,Increasing,NORMAL,None
2025-07-20 08:00:00,7.542,36.57,9.43,772.72,28.89,Increasing,NORMAL,None
2025-07-20 09:00:00,7.34,100.61,9.05,783.49,29.62,Increasing,NORMAL,None
2025-07-20 10:00:00,7.239,50.04,7.86,778.31,30.26,Decreasing,NORMAL,None
2025-07-20 11:00:00,7.421,99.76,9.91,781.38,30.12,Increasing,NORMAL,None
2025-07-20 12:00:00,7.305,76.33,9.46,758.11,30.89,Decreasing,NORMAL,None
2025-07-20 13:00:00,7.397,36.34,8.9,749.95,30.29,Decreasing,NORMAL,None
2025-07-20 14:00:00,7.488,55.59,7.66,761.15,30.23,Increasing,NORMAL,None
2025-07-20 15:00:00,7.368,109.36,6.68,767.31,29.52,Increasing,NORMAL,None
2025-07-20 16:00:00,7.351,60.98,4.47,756.39,29.3,Increasing,NORMAL,None
2025-07-20 17:00:00,7.273,41.22,1.69,762.43,29.15,Decreasing,NORMAL,None
2025-07-20 18:00:00,7.341,75.23,1.39,771.46,28.47,Stable,NORMAL,None
2025-07-20 19:00:00,7.415,49.43,1.26,778.68,27.8,Increasing,NORMAL,None
2025-07-20 20:00:00,7.382,59.93,1.83,771.07,27.6,Increasing,NORMAL,None
2025-07-20 21:00:00,7.364,30.0,2.33,761.02,27.07,Decreasing,NORMAL,None
2025-07-20 22:00:00,7.237,76.22,1.74,755.99,27.03,Increasing,NORMAL,None
2025-07-20 23:00:00,7.42,33.54,1.57,753.25,26.83,Decreasing,NORMAL,None
2025-07-21 00:00:00,7.461,30.0,1.17,757.42,26.84,Decreasing,NORMAL,None
2025-07-21 01:00:00,7.451,43.98,2.47,720.44,27.12,Decreasing,NORMAL,None
2025-07-21 02:00:00,7.233,50.73,3.09,747.47,26.52,Decreasing,NORMAL,None
2025-07-21 03:00:00,7.402,58.83,3.06,773.43,27.29,Increasing,NORMAL,None
2025-07-21 04:00:00,7.387,30.0,4.05,738.92,26.86,Decreasing,NORMAL,None
2025-07-21 05:00:00,7.145,82.72,5.31,749.14,27.83,Increasing,NORMAL,None
2025-07-21 06:00:00,7.268,31.34,6.38,739.45,28.62,Increasing,NORMAL,None
2025-07-21 07:00:00,7.13,59.39,6.38,728.49,28.96,Increasing,NORMAL,None
2025-07-21 08:00:00,7.383,73.57,19.21,731.19,29.34,Increasing,NORMAL,None
2025-07-21 09:00:00,7.332,109.62,16.71,720.31,29.52,Increasing,NORMAL,None
2025-07-21 10:00:00,7.378,75.0,15.85,724.96,30.24,Increasing,NORMAL,None
2025-07-21 11:00:00,7.264,130.94,15.57,729.63,29.7,Increasing,NORMAL,None
2025-07-21 12:00:00,7.414,63.8,14.16,727.23,30.11,Increasing,NORMAL,None
2025-07-21 13:00:00,7.413,100.41,14.5,732.34,30.36,Increasing,NORMAL,None
2025-07-21 14:00:00,7.167,103.62,13.21,737.61,29.93,Increasing,NORMAL,None
2025-07-21 15:00:00,7.354,126.76,18.32,761.57,29.55,Increasing,NORMAL,None
2025-07-21 16:00:00,7.199,90.88,17.93,763.18,29.39,Increasing,NORMAL,None
2025-07-21 17:00:00,7.421,84.77,17.94,772.99,28.56,Decreasing,NORMAL,None
2025-07-21 18:00:00,7.419,101.31,17.19,754.84,28.98,Increasing,NORMAL,None
2025-07-21 19:00:00,7.254,131.18,15.06,759.49,28.04,Increasing,NORMAL,None
2025-07-21 20:00:00,7.311,57.61,13.92,777.31,27.78,Decreasing,NORMAL,None
2025-07-21 21:00:00,7.374,103.42,12.29,788.47,27.45,Decreasing,NORMAL,None
2025-07-21 22:00:00,7.326,108.65,10.97,805.35,27.0,Increasing,NORMAL,None
2025-07-21 23:00:00,7.316,52.77,7.85,824.56,27.0,Decreasing,NORMAL,None
2025-07-22 00:00:00,7.38,107.92,8.66,814.44,27.13,Increasing,NORMAL,None
2025-07-22 01:00:00,7.214,56.44,12.46,814.61,26.49,Decreasing,NORMAL,None
2025-07-22 02:00:00,7.334,76.76,11.68,812.75,27.14,Increasing,NORMAL,None
2025-07-22 03:00:00,7.362,82.72,11.26,819.41,27.5,Decreasing,NORMAL,None
2025-07-22 04:00:00,7.371,55.14,10.85,802.2,27.3,Decreasing,NORMAL,None
2025-07-22 05:00:00,7.228,98.12,9.79,812.29,28.46,Increasing,NORMAL,None
2025-07-22 06:00:00,7.28,80.77,7.85,818.88,28.44,Decreasing,NORMAL,None
2025-07-22 07:00:00,7.409,72.01,6.92,842.65,29.22,Increasing,NORMAL,None
2025-07-22 08:00:00,7.459,38.31,4.31,802.57,28.98,Decreasing,NORMAL,None
2025-07-22 09:00:00,7.383,30.0,2.71,800.21,30.26,Decreasing,NORMAL,None
2025-07-22 10:00:00,7.406,31.15,2.27,773.82,30.13,Decreasing,NORMAL,None
2025-07-22 11:00:00,7.357,75.66,3.12,768.53,30.18,Decreasing,NORMAL,None
2025-07-22 12:00:00,7.312,30.0,1.86,757.9,30.45,Decreasing,NORMAL,None
2025-07-22 13:00:00,7.403,30.0,2.1,739.36,30.5,Decreasing,NORMAL,None
2025-07-22 14:00:00,7.163,84.56,2.2,738.81,30.1,Increasing,NORMAL,None
2025-07-22 15:00:00,7.392,64.84,3.11,750.88,29.77,Increasing,NORMAL,None
2025-07-22 16:00:00,7.257,86.53,3.99,742.43,29.54,Increasing,NORMAL,None
2025-07-22 17:00:00,7.242,90.19,4.37,747.58,28.92,Increasing,NORMAL,None
2025-07-22 18:00:00,7.389,30.0,4.13,738.95,28.63,Stable,NORMAL,None
2025-07-22 19:00:00,7.383,35.99,3.57,724.04,28.39,Increasing,NORMAL,None
2025-07-22 20:00:00,7.371,55.82,4.04,712.12,27.85,Decreasing,NORMAL,None
2025-07-22 21:00:00,7.163,49.49,6.46,701.75,27.61,Decreasing,NORMAL,None
2025-07-22 22:00:00,7.244,30.01,6.24,729.0,26.86,Decreasing,NORMAL,None
2025-07-22 23:00:00,7.38,32.68,6.45,728.79,26.32,Decreasing,NORMAL,None
2025-07-23 00:00:00,7.436,30.0,7.36,724.39,26.54,Stable,NORMAL,None
2025-07-23 01:00:00,7.118,71.32,4.37,735.56,27.0,Increasing,NORMAL,None
2025-07-23 02:00:00,7.244,87.31,4.46,756.3,26.52,Increasing,NORMAL,None
2025-07-23 03:00:00,7.414,80.22,3.51,763.79,27.06,Increasing,NORMAL,None
2025-07-23 04:00:00,7.58,41.22,5.22,741.77,27.38,Increasing,NORMAL,None
2025-07-23 05:00:00,7.306,60.58,3.56,763.54,28.26,Increasing,NORMAL,None
2025-07-23 06:00:00,7.432,81.7,4.23,762.26,28.78,Increasing,NORMAL,None
2025-07-23 07:00:00,7.279,41.64,3.45,775.49,29.0,Decreasing,NORMAL,None
2025-07-23 08:00:00,7.294,62.84,9.71,729.3,29.29,Decreasing,NORMAL,None
2025-07-23 09:00:00,7.244,88.62,10.35,711.59,29.58,Increasing,NORMAL,None
2025-07-23 10:00:00,7.197,91.92,12.01,712.88,30.09,Increasing,NORMAL,None
2025-07-23 11:00:00,7.268,40.81,9.97,721.41,30.4,Decreasing,NORMAL,None
2025-07-23 12:00:00,7.198,51.39,7.68,741.2,30.43,Decreasing,NORMAL,None
2025-07-23 13:00:00,7.332,69.7,7.1,750.99,29.81,Increasing,NORMAL,None
2025-07-23 14:00:00,7.422,95.58,8.04,770.4,29.89,Increasing,NORMAL,None
2025-07-23 15:00:00,7.491,30.0,6.65,738.53,30.13,Decreasing,NORMAL,None
2025-07-23 16:00:00,7.218,47.59,6.71,742.95,29.63,Decreasing,NORMAL,None
2025-07-23 17:00:00,7.416,39.7,6.97,718.83,28.78,Stable,NORMAL,None
2025-07-23 18:00:00,7.556,36.76,5.8,729.11,28.68,Decreasing,NORMAL,None
2025-07-23 19:00:00,7.459,37.52,5.72,713.2,28.04,Decreasing,NORMAL,None
2025-07-23 20:00:00,7.515,67.85,4.53,695.45,27.95,Decreasing,NORMAL,None
2025-07-23 21:00:00,7.459,58.95,4.05,676.7,27.24,Increasing,NORMAL,None
2025-07-23 22:00:00,7.338,76.87,4.0,671.94,26.93,Increasing,NORMAL,None
2025-07-23 23:00:00,7.351,30.0,2.9,668.64,26.68,Decreasing,NORMAL,None
2025-07-24 00:00:00,7.354,45.77,3.05,680.66,27.35,Increasing,NORMAL,None
2025-07-24 01:00:00,7.186,59.24,2.9,679.23,26.76,Increasing,NORMAL,None
2025-07-24 02:00:00,7.302,35.05,3.4,670.1,26.48,Decreasing,NORMAL,None
2025-07-24 03:00:00,7.396,75.48,3.82,687.66,26.69,Increasing,NORMAL,None
2025-07-24 04:00:00,7.215,32.05,6.1,689.08,27.63,Decreasing,NORMAL,None
2025-07-24 05:00:00,7.411,58.5,10.81,680.72,28.27,Increasing,NORMAL,None
2025-07-24 06:00:00,7.342,52.15,10.03,709.88,28.05,Increasing,NORMAL,None
2025-07-24 07:00:00,7.351,81.45,9.75,731.16,29.21,Increasing,NORMAL,None
2025-07-24 08:00:00,7.381,83.4,9.08,732.46,29.15,Increasing,NORMAL,None
2025-07-24 09:00:00,7.255,98.59,11.33,731.04,30.25,Increasing,NORMAL,None
2025-07-24 10:00:00,7.412,58.29,10.39,755.39,30.02,Increasing,NORMAL,None
2025-07-24 11:00:00,7.215,124.93,14.37,769.84,30.49,Increasing,NORMAL,None
2025-07-24 12:00:00,7.412,87.2,12.29,765.79,30.67,Increasing,NORMAL,None
2025-07-24 13:00:00,7.237,86.54,10.49,780.38,30.23,Increasing,NORMAL,None
2025-07-24 14:00:00,7.642,87.61,10.25,777.42,30.39,Increasing,NORMAL,None
2025-07-24 15:00:00,7.282,93.52,8.82,776.03,29.7,Decreasing,NORMAL,None
2025-07-24 16:00:00,7.48,79.93,7.58,773.16,29.26,Increasing,NORMAL,None
2025-07-24 17:00:00,7.512,30.0,6.34,777.13,29.33,Decreasing,NORMAL,None
2025-07-24 18:00:00,7.442,75.33,6.26,783.78,28.31,Decreasing,NORMAL,None
2025-07-24 19:00:00,7.225,61.47,5.47,806.06,28.03,Decreasing,NORMAL,None
2025-07-24 20:00:00,7.394,120.69,8.58,824.22,27.77,Increasing,NORMAL,None
2025-07-24 21:00:00,7.166,98.01,9.93,829.2,26.96,Increasing,NORMAL,None
2025-07-24 22:00:00,7.213,97.25,6.8,807.57,27.46,Increasing,NORMAL,None
2025-07-24 23:00:00,7.483,45.16,4.46,801.08,26.43,Increasing,NORMAL,None
2025-07-25 00:00:00,7.326,41.45,5.0,794.42,26.59,Decreasing,NORMAL,None
2025-07-25 01:00:00,7.233,92.21,4.92,790.23,27.05,Increasing,NORMAL,None
2025-07-25 02:00:00,7.261,33.57,4.72,772.56,27.13,Decreasing,NORMAL,None
2025-07-25 03:00:00,7.268,79.54,5.78,795.2,27.58,Decreasing,NORMAL,None
2025-07-25 04:00:00,7.316,30.0,4.45,789.52,27.41,Decreasing,NORMAL,None
2025-07-25 05:00:00,7.371,63.76,4.61,815.44,27.97,Increasing,NORMAL,None
2025-07-25 06:00:00,7.281,52.23,4.59,804.87,28.07,Increasing,NORMAL,None
2025-07-25 07:00:00,7.369,79.93,3.4,828.39,28.61,Decreasing,NORMAL,None
2025-07-25 08:00:00,7.559,96.33,4.57,828.96,29.55,Increasing,NORMAL,None
2025-07-25 09:00:00,7.282,30.0,4.73,813.85,29.98,Decreasing,NORMAL,None
2025-07-25 10:00:00,7.528,38.81,5.93,828.24,29.66,Increasing,NORMAL,None
2025-07-25 11:00:00,7.401,89.78,7.13,830.87,30.16,Increasing,NORMAL,None
2025-07-25 12:00:00,7.182,89.36,8.93,843.34,30.33,Increasing,NORMAL,None
2025-07-25 13:00:00,7.318,112.84,8.38,872.33,30.12,Increasing,NORMAL,None
2025-07-25 14:00:00,7.37,112.45,7.56,877.15,29.74,Increasing,NORMAL,None
2025-07-25 15:00:00,7.58,36.27,5.94,861.31,29.96,Increasing,NORMAL,None
2025-07-25 16:00:00,7.293,50.13,5.05,870.58,29.24,Increasing,NORMAL,None
2025-07-25 17:00:00,7.463,32.08,4.17,884.93,28.86,Decreasing,NORMAL,None
2025-07-25 18:00:00,7.288,43.5,5.07,875.74,28.89,Decreasing,NORMAL,None
2025-07-25 19:00:00,7.309,52.34,6.12,849.85,28.06,Decreasing,NORMAL,None
2025-07-25 20:00:00,7.235,99.66,11.32,863.54,27.6,Decreasing,NORMAL,None
2025-07-25 21:00:00,7.103,95.96,11.45,826.05,26.83,Increasing,NORMAL,None
2025-07-25 22:00:00,7.294,52.38,10.53,829.62,27.25,Increasing,NORMAL,None
2025-07-25 23:00:00,7.275,120.29,9.93,840.17,26.06,Increasing,NORMAL,None
2025-07-26 00:00:00,7.317,56.38,10.54,831.53,26.93,Increasing,NORMAL,None
2025-07-26 01:00:00,7.421,61.31,10.6,833.33,26.97,Increasing,NORMAL,None
2025-07-26 02:00:00,7.289,70.57,8.83,822.47,26.55,Decreasing,NORMAL,None
2025-07-26 03:00:00,7.376,81.81,8.84,840.19,27.01,Decreasing,NORMAL,None
2025-07-26 04:00:00,7.356,71.63,9.35,834.4,28.04,Increasing,NORMAL,None
2025-07-26 05:00:00,7.474,96.34,13.0,825.5,28.02,Decreasing,NORMAL,None
2025-07-26 06:00:00,7.365,116.4,17.16,811.21,28.22,Increasing,NORMAL,None
2025-07-26 07:00:00,7.488,126.58,15.72,834.73,28.96,Increasing,NORMAL,None
2025-07-26 08:00:00,7.412,77.46,17.32,831.39,29.01,Increasing,NORMAL,None
2025-07-26 09:00:00,7.499,122.28,16.82,848.61,29.85,Increasing,NORMAL,None
2025-07-26 10:00:00,7.244,88.64,14.54,828.51,29.82,Increasing,NORMAL,None
2025-07-26 11:00:00,7.172,84.06,12.27,846.18,30.24,Decreasing,NORMAL,None
2025-07-26 12:00:00,7.388,72.09,11.92,851.96,29.43,Decreasing,NORMAL,None
2025-07-26 13:00:00,7.499,30.61,9.65,846.03,30.79,Decreasing,NORMAL,None
2025-07-26 14:00:00,7.419,83.2,12.43,849.91,29.83,Increasing,NORMAL,None
2025-07-26 15:00:00,7.234,108.51,11.91,862.18,29.06,Decreasing,NORMAL,None
2025-07-26 16:00:00,7.398,122.37,13.96,871.76,29.23,Increasing,NORMAL,None
2025-07-26 17:00:00,7.546,98.41,11.79,878.84,28.6,Increasing,NORMAL,None
2025-07-26 18:00:00,7.384,62.18,10.47,892.75,28.6,Decreasing,NORMAL,None
2025-07-26 19:00:00,7.448,80.9,12.89,902.52,27.88,Increasing,NORMAL,None
2025-07-26 20:00:00,7.271,39.45,10.98,903.0,27.65,Decreasing,NORMAL,None
2025-07-26 21:00:00,7.383,93.68,13.91,914.14,27.08,Decreasing,NORMAL,None
2025-07-26 22:00:00,7.17,98.7,14.19,921.83,27.2,Decreasing,NORMAL,None
2025-07-26 23:00:00,7.296,119.38,14.36,912.69,26.59,Increasing,NORMAL,None
2025-07-27 00:00:00,7.364,92.66,14.1,895.43,27.01,Increasing,NORMAL,None
2025-07-27 01:00:00,7.376,130.75,17.28,894.44,27.02,Increasing,NORMAL,None
2025-07-27 02:00:00,7.144,134.62,16.05,883.59,26.8,Increasing,NORMAL,None
2025-07-27 03:00:00,7.548,113.34,13.3,890.14,27.21,Increasing,NORMAL,None
2025-07-27 04:00:00,7.218,107.69,14.14,885.24,27.42,Increasing,NORMAL,None
2025-07-27 05:00:00,7.261,93.8,14.27,885.05,27.68,Decreasing,NORMAL,None
2025-07-27 06:00:00,7.657,48.97,13.4,872.73,28.42,Decreasing,NORMAL,None
2025-07-27 07:00:00,7.345,42.7,11.31,892.72,29.06,Decreasing,NORMAL,None
2025-07-27 08:00:00,7.472,30.0,11.16,867.83,29.21,Decreasing,NORMAL,None
2025-07-27 09:00:00,7.16,85.14,10.83,894.84,29.54,Decreasing,NORMAL,None
2025-07-27 10:00:00,7.118,66.14,9.33,883.03,30.23,Decreasing,NORMAL,None
2025-07-27 11:00:00,7.393,108.23,10.4,896.25,30.0,Increasing,NORMAL,None
2025-07-27 12:00:00,7.207,99.97,8.87,892.54,29.69,Increasing,NORMAL,None
2025-07-27 13:00:00,7.355,77.84,8.44,874.69,29.71,Increasing,NORMAL,None
2025-07-27 14:00:00,7.481,30.0,6.98,880.85,30.03,Stable,NORMAL,None
2025-07-27 15:00:00,7.403,73.23,5.94,882.19,29.52,Decreasing,NORMAL,None
2025-07-27 16:00:00,7.269,30.0,5.4,857.93,28.7,Decreasing,NORMAL,None
2025-07-27 17:00:00,7.42,41.66,6.57,838.06,28.74,Decreasing,NORMAL,None
2025-07-27 18:00:00,7.425,68.26,4.75,828.04,28.64,Decreasing,NORMAL,None
2025-07-27 19:00:00,7.349,76.38,5.58,824.82,27.24,Stable,NORMAL,None
2025-07-27 20:00:00,7.265,79.54,5.79,786.53,27.67,Increasing,NORMAL,None
2025-07-27 21:00:00,7.252,76.72,7.23,779.32,27.13,Increasing,NORMAL,None
2025-07-27 22:00:00,7.377,30.0,7.04,772.02,26.74,Stable,NORMAL,None
2025-07-27 23:00:00,7.559,46.9,7.42,750.56,27.31,Increasing,NORMAL,None
2025-07-28 00:00:00,7.302,66.5,8.32,765.02,26.55,Stable,NORMAL,None
2025-07-28 01:00:00,7.373,31.19,9.41,770.96,26.31,Decreasing,NORMAL,None
2025-07-28 02:00:00,7.185,67.38,6.64,793.01,27.2,Decreasing,NORMAL,None
2025-07-28 03:00:00,7.308,47.84,6.54,804.12,27.1,Decreasing,NORMAL,None
2025-07-28 04:00:00,7.338,93.77,7.07,826.18,27.28,Increasing,NORMAL,None
2025-07-28 05:00:00,7.56,55.48,7.03,850.1,27.91,Increasing,NORMAL,None
2025-07-28 06:00:00,7.365,94.15,7.95,847.75,28.81,Increasing,NORMAL,None
2025-07-28 07:00:00,7.17,130.61,7.81,864.43,28.05,Increasing,NORMAL,None
2025-07-28 08:00:00,7.283,65.14,7.8,882.46,29.43,Decreasing,NORMAL,None
2025-07-28 09:00:00,7.377,61.41,6.44,871.35,29.82,Increasing,NORMAL,None
2025-07-28 10:00:00,7.463,90.36,6.74,876.66,29.71,Decreasing,NORMAL,None
2025-07-28 11:00:00,7.38,30.0,6.44,871.33,30.05,Decreasing,NORMAL,None
2025-07-28 12:00:00,7.369,111.59,6.62,869.34,30.21,Increasing,NORMAL,None
2025-07-28 13:00:00,7.42,30.0,5.41,868.2,30.36,Decreasing,NORMAL,None
2025-07-28 14:00:00,7.338,48.71,6.53,829.22,30.05,Decreasing,NORMAL,None
2025-07-28 15:00:00,7.252,77.05,7.47,832.53,29.35,Increasing,NORMAL,None
2025-07-28 16:00:00,7.47,41.44,6.32,832.63,29.28,Decreasing,NORMAL,None
2025-07-28 17:00:00,7.437,81.32,7.15,802.58,28.93,Increasing,NORMAL,None
2025-07-28 18:00:00,7.336,91.17,7.14,803.98,28.1,Decreasing,NORMAL,None
2025-07-28 19:00:00,7.414,70.55,7.22,811.77,28.23,Increasing,NORMAL,None
2025-07-28 20:00:00,7.206,82.97,6.98,822.35,28.13,Increasing,NORMAL,None
2025-07-28 21:00:00,7.134,161.92,29.98,847.97,27.38,Increasing,NORMAL,None
2025-07-28 22:00:00,7.268,166.78,27.83,858.93,26.96,Increasing,NORMAL,None
2025-07-28 23:00:00,7.372,102.37,24.87,866.23,26.32,Increasing,NORMAL,None
2025-07-29 00:00:00,7.295,150.79,21.87,874.76,26.27,Increasing,NORMAL,None
2025-07-29 01:00:00,7.273,134.7,20.3,857.75,26.64,Increasing,NORMAL,None
2025-07-29 02:00:00,7.584,88.66,18.4,845.2,27.11,Increasing,NORMAL,None
2025-07-29 03:00:00,7.317,47.44,15.51,829.56,27.16,Decreasing,NORMAL,None
2025-07-29 04:00:00,7.266,70.01,13.01,828.88,27.77,Decreasing,NORMAL,None
2025-07-29 05:00:00,7.345,105.27,12.36,845.24,27.96,Stable,NORMAL,None
2025-07-29 06:00:00,7.472,42.29,11.56,823.59,28.3,Decreasing,NORMAL,None
2025-07-29 07:00:00,7.408,30.0,10.2,828.54,28.77,Decreasing,NORMAL,None
2025-07-29 08:00:00,7.204,73.73,10.96,838.44,29.07,Decreasing,NORMAL,None
2025-07-29 09:00:00,7.244,67.31,16.35,840.92,29.75,Increasing,NORMAL,None
2025-07-29 10:00:00,7.541,85.66,15.81,852.65,29.89,Increasing,NORMAL,None
2025-07-29 11:00:00,7.421,91.76,16.13,865.95,29.83,Decreasing,NORMAL,None
2025-07-29 12:00:00,7.353,91.57,15.9,865.81,29.88,Increasing,NORMAL,None
2025-07-29 13:00:00,7.214,78.08,15.16,872.71,30.18,Increasing,NORMAL,None
2025-07-29 14:00:00,7.652,97.69,13.59,896.89,29.58,Increasing,NORMAL,None
2025-07-29 15:00:00,7.19,69.04,11.09,896.53,29.07,Stable,NORMAL,None
2025-07-29 16:00:00,7.371,52.78,11.2,859.2,29.08,Decreasing,NORMAL,None
2025-07-29 17:00:00,7.374,56.41,10.69,840.75,28.38,Decreasing,NORMAL,None
2025-07-29 18:00:00,7.107,90.58,9.51,833.91,28.54,Stable,NORMAL,None
2025-07-29 19:00:00,7.377,78.74,5.76,810.33,28.33,Stable,NORMAL,None
2025-07-29 20:00:00,7.309,47.24,4.77,812.28,27.12,Decreasing,NORMAL,None
2025-07-29 21:00:00,7.302,79.68,4.21,828.8,27.16,Increasing,NORMAL,None
2025-07-29 22:00:00,7.488,66.9,4.03,817.67,26.71,Increasing,NORMAL,None
2025-07-29 23:00:00,7.183,72.87,7.21,807.15,26.78,Increasing,NORMAL,None
2025-07-30 00:00:00,7.353,80.8,7.59,784.6,27.11,Decreasing,NORMAL,None
2025-07-30 01:00:00,7.297,77.81,7.85,777.9,26.54,Stable,NORMAL,None
2025-07-30 02:00:00,7.336,82.56,8.09,796.69,27.02,Increasing,NORMAL,None
2025-07-30 03:00:00,7.511,53.99,7.67,797.53,27.36,Decreasing,NORMAL,None
2025-07-30 04:00:00,7.329,106.03,6.4,814.27,27.87,Increasing,NORMAL,None
2025-07-30 05:00:00,7.372,30.0,5.42,827.42,27.91,Decreasing,NORMAL,None
2025-07-30 06:00:00,7.175,52.06,4.98,801.05,27.84,Decreasing,NORMAL,None
2025-07-30 07:00:00,7.359,48.09,5.51,820.82,28.55,Decreasing,NORMAL,None
2025-07-30 08:00:00,7.44,46.66,4.68,815.89,28.78,Decreasing,NORMAL,None
2025-07-30 09:00:00,7.322,58.15,7.35,791.53,29.57,Increasing,NORMAL,None
2025-07-30 10:00:00,7.414,75.98,6.37,776.05,29.37,Decreasing,NORMAL,None
2025-07-30 11:00:00,7.273,57.51,4.67,753.62,30.17,Increasing,NORMAL,None
2025-07-30 12:00:00,7.279,64.33,3.99,730.94,29.73,Increasing,NORMAL,None
2025-07-30 13:00:00,7.332,108.46,3.75,745.52,30.34,Increasing,NORMAL,None
2025-07-30 14:00:00,7.295,71.53,4.5,731.32,29.89,Increasing,NORMAL,None
2025-07-30 15:00:00,7.344,60.76,4.62,744.49,29.14,Increasing,NORMAL,None
2025-07-30 16:00:00,7.28,66.98,4.71,758.48,29.02,Decreasing,NORMAL,None
2025-07-30 17:00:00,7.492,56.7,4.46,746.03,28.76,Stable,NORMAL,None
2025-07-30 18:00:00,7.314,51.97,3.59,774.89,28.11,Decreasing,NORMAL,None
2025-07-30 19:00:00,7.258,36.49,4.06,777.54,27.25,Decreasing,NORMAL,None
2025-07-30 20:00:00,7.313,61.58,5.35,803.93,27.45,Decreasing,NORMAL,None
2025-07-30 21:00:00,7.521,73.66,3.17,811.87,27.12,Increasing,NORMAL,None
2025-07-30 22:00:00,7.372,93.43,3.36,814.84,26.19,Increasing,NORMAL,None
2025-07-30 23:00:00,7.328,38.41,3.44,824.84,26.54,Decreasing,NORMAL,None
2025-07-31 00:00:00,7.368,51.81,3.29,816.43,26.21,Stable,NORMAL,None
2025-07-31 01:00:00,7.39,41.44,2.43,827.18,26.5,Increasing,NORMAL,None
2025-07-31 02:00:00,7.374,30.0,2.6,812.47,27.16,Decreasing,NORMAL,None
2025-07-31 03:00:00,7.471,69.66,1.64,825.49,27.03,Decreasing,NORMAL,None
2025-07-31 04:00:00,7.456,30.0,1.12,831.71,27.17,Decreasing,NORMAL,None
2025-07-31 05:00:00,7.504,41.27,3.75,819.99,27.88,Increasing,NORMAL,None
2025-07-31 06:00:00,7.276,48.59,1.74,809.13,27.83,Decreasing,NORMAL,None
2025-07-31 07:00:00,7.248,55.3,2.52,810.09,29.18,Increasing,NORMAL,None
2025-07-31 08:00:00,7.377,30.0,3.13,796.21,29.72,Stable,NORMAL,None
2025-07-31 09:00:00,7.423,58.49,8.93,812.23,30.05,Decreasing,NORMAL,None
2025-07-31 10:00:00,7.466,77.49,10.23,832.02,30.28,Increasing,NORMAL,None
2025-07-31 11:00:00,7.364,86.91,10.98,842.08,30.29,Increasing,NORMAL,None
2025-07-31 12:00:00,7.298,92.98,11.04,833.03,29.58,Increasing,NORMAL,None
2025-07-31 13:00:00,7.18,63.86,8.96,869.17,29.97,Increasing,NORMAL,None
2025-07-31 14:00:00,7.337,116.62,10.2,890.69,29.57,Increasing,NORMAL,None
2025-07-31 15:00:00,7.377,115.18,10.06,887.52,29.75,Increasing,NORMAL,None
2025-07-31 16:00:00,7.269,91.57,8.41,883.31,29.34,Increasing,NORMAL,None
2025-07-31 17:00:00,7.293,37.13,10.59,893.39,27.91,Decreasing,NORMAL,None
2025-07-31 18:00:00,7.255,89.2,11.53,924.08,28.51,Decreasing,NORMAL,None
2025-07-31 19:00:00,7.42,92.06,11.23,896.22,27.79,Increasing,NORMAL,None
2025-07-31 20:00:00,7.22,104.59,10.82,904.73,26.94,Decreasing,NORMAL,None
2025-07-31 21:00:00,7.374,39.95,8.47,927.88,27.23,Decreasing,NORMAL,None
2025-07-31 22:00:00,7.207,102.41,7.1,934.76,26.64,Increasing,NORMAL,None
2025-07-31 23:00:00,7.254,69.84,9.25,899.15,26.72,Increasing,NORMAL,None
2025-08-01 00:00:00,7.261,65.42,8.22,888.63,26.16,Decreasing,NORMAL,None
2025-08-01 01:00:00,7.3,83.99,5.88,855.15,26.93,Decreasing,NORMAL,None
2025-08-01 02:00:00,7.334,53.24,4.57,844.7,26.83,Decreasing,NORMAL,None
2025-08-01 03:00:00,7.296,69.03,5.05,835.62,26.86,Increasing,NORMAL,None
2025-08-01 04:00:00,7.359,58.92,4.05,838.53,27.84,Decreasing,NORMAL,None
2025-08-01 05:00:00,7.45,60.03,5.58,829.81,28.13,Decreasing,NORMAL,None
2025-08-01 06:00:00,7.238,57.36,5.42,818.33,28.9,Decreasing,NORMAL,None
2025-08-01 07:00:00,7.427,54.82,5.3,817.47,28.68,Decreasing,NORMAL,None
2025-08-01 08:00:00,7.397,33.43,6.34,817.09,29.31,Decreasing,NORMAL,None
2025-08-01 09:00:00,7.48,43.75,7.56,798.87,29.45,Decreasing,NORMAL,None
2025-08-01 10:00:00,7.219,126.18,17.45,817.93,29.51,Increasing,NORMAL,None
2025-08-01 11:00:00,7.165,74.58,15.16,823.32,29.67,Increasing,NORMAL,None
2025-08-01 12:00:00,7.377,94.65,14.12,793.47,29.99,Increasing,NORMAL,None
2025-08-01 13:00:00,7.301,111.96,12.32,784.86,30.17,Increasing,NORMAL,None
2025-08-01 14:00:00,7.105,67.31,14.09,803.1,29.36,Increasing,NORMAL,None
2025-08-01 15:00:00,7.071,49.83,11.94,805.38,29.29,Increasing,NORMAL,None
2025-08-01 16:00:00,7.352,75.59,11.79,821.89,29.11,Decreasing,NORMAL,None
2025-08-01 17:00:00,7.357,92.25,12.29,819.33,28.68,Increasing,NORMAL,None
2025-08-01 18:00:00,7.443,81.4,11.17,830.17,28.45,Decreasing,NORMAL,None
2025-08-01 19:00:00,7.287,57.96,8.73,802.71,27.95,Decreasing,NORMAL,None
2025-08-01 20:00:00,7.32,33.08,8.73,765.69,27.31,Decreasing,NORMAL,None
2025-08-01 21:00:00,7.254,92.55,10.47,750.17,26.73,Increasing,NORMAL,None
2025-08-01 22:00:00,7.286,82.31,9.88,784.14,26.76,Increasing,NORMAL,None
2025-08-01 23:00:00,7.35,62.41,9.87,774.56,26.14,Decreasing,NORMAL,None
2025-08-02 00:00:00,7.362,58.67,9.99,779.77,26.95,Decreasing,NORMAL,None
2025-08-02 01:00:00,7.244,140.57,9.77,794.9,26.6,Increasing,NORMAL,None
2025-08-02 02:00:00,7.234,77.36,7.8,806.28,26.21,Increasing,NORMAL,None
2025-08-02 03:00:00,7.219,69.61,7.49,809.11,27.19,Decreasing,NORMAL,None
2025-08-02 04:00:00,7.508,45.8,5.9,803.39,27.19,Decreasing,NORMAL,None
2025-08-02 05:00:00,7.306,129.16,6.99,815.64,27.74,Increasing,NORMAL,None
2025-08-02 06:00:00,7.251,73.54,7.31,828.44,27.99,Increasing,NORMAL,None
2025-08-02 07:00:00,7.485,34.01,6.23,812.77,28.6,Decreasing,NORMAL,None
2025-08-02 08:00:00,7.22,77.57,5.56,832.37,29.54,Stable,NORMAL,None
2025-08-02 09:00:00,7.459,30.0,3.67,807.05,29.51,Decreasing,NORMAL,None
2025-08-02 10:00:00,7.593,48.68,4.76,808.85,29.21,Increasing,NORMAL,None
2025-08-02 11:00:00,7.268,88.53,5.09,811.88,29.56,Decreasing,NORMAL,None
2025-08-02 12:00:00,7.217,78.16,6.29,813.38,30.38,Increasing,NORMAL,None
2025-08-02 13:00:00,7.519,46.9,5.19,808.62,29.57,Increasing,NORMAL,None
2025-08-02 14:00:00,7.092,91.09,5.01,820.26,29.39,Increasing,NORMAL,None
2025-08-02 15:00:00,7.208,72.05,4.93,812.06,29.8,Increasing,NORMAL,None
2025-08-02 16:00:00,7.456,33.47,4.89,802.75,29.38,Decreasing,NORMAL,None
2025-08-02 17:00:00,7.644,30.0,6.09,795.6,28.74,Decreasing,NORMAL,None
2025-08-02 18:00:00,7.342,87.23,7.58,791.65,28.2,Increasing,NORMAL,None
2025-08-02 19:00:00,7.421,99.58,7.9,800.8,28.21,Increasing,NORMAL,None
2025-08-02 20:00:00,7.353,82.04,7.41,790.42,27.4,Decreasing,NORMAL,None
2025-08-02 21:00:00,7.386,102.87,19.33,795.57,27.12,Increasing,NORMAL,None
2025-08-02 22:00:00,7.178,84.37,17.39,824.88,27.12,Increasing,NORMAL,None
2025-08-02 23:00:00,7.456,70.29,16.61,815.98,26.52,Increasing,NORMAL,None
2025-08-03 00:00:00,7.311,105.36,15.23,825.5,26.49,Increasing,NORMAL,None
2025-08-03 01:00:00,7.363,88.34,12.23,828.13,25.87,Decreasing,NORMAL,None
2025-08-03 02:00:00,7.153,60.71,10.72,822.53,26.83,Decreasing,NORMAL,None
2025-08-03 03:00:00,7.301,77.29,11.19,812.46,26.86,Decreasing,NORMAL,None
2025-08-03 04:00:00,7.201,92.5,10.39,798.58,27.27,Increasing,NORMAL,None
2025-08-03 05:00:00,7.526,72.18,9.76,815.35,27.62,Stable,NORMAL,None
2025-08-03 06:00:00,7.447,61.36,7.96,816.68,27.73,Decreasing,NORMAL,None
2025-08-03 07:00:00,7.466,78.3,7.62,798.73,28.07,Decreasing,NORMAL,None
2025-08-03 08:00:00,7.285,30.0,7.48,815.77,29.22,Decreasing,NORMAL,None
2025-08-03 09:00:00,7.309,68.58,6.7,828.59,29.55,Decreasing,NORMAL,None
2025-08-03 10:00:00,7.259,63.51,7.38,801.06,29.88,Decreasing,NORMAL,None
2025-08-03 11:00:00,7.506,80.44,6.06,816.46,30.23,Increasing,NORMAL,None
2025-08-03 12:00:00,7.134,47.15,6.7,811.55,30.4,Decreasing,NORMAL,None
2025-08-03 13:00:00,7.352,51.59,7.58,776.51,29.7,Decreasing,NORMAL,None
2025-08-03 14:00:00,7.327,30.0,7.01,797.85,29.29,Stable,NORMAL,None
2025-08-03 15:00:00,7.429,62.15,6.14,777.21,29.56,Decreasing,NORMAL,None
2025-08-03 16:00:00,7.347,45.62,6.18,754.68,28.9,Decreasing,NORMAL,None
2025-08-03 17:00:00,7.198,56.1,6.59,776.5,28.99,Decreasing,NORMAL,None
2025-08-03 18:00:00,7.251,142.77,11.05,788.83,28.15,Increasing,NORMAL,None
2025-08-03 19:00:00,7.278,111.95,14.59,765.37,27.5,Increasing,NORMAL,None
2025-08-03 20:00:00,7.357,78.8,13.37,777.63,27.34,Increasing,NORMAL,None
2025-08-03 21:00:00,7.339,73.59,13.24,779.08,26.94,Increasing,NORMAL,None
2025-08-03 22:00:00,7.484,104.88,13.42,771.03,26.46,Increasing,NORMAL,None
2025-08-03 23:00:00,7.322,144.24,16.98,764.21,26.46,Increasing,NORMAL,None
2025-08-04 00:00:00,7.398,139.5,15.95,761.37,26.42,Stable,NORMAL,None
2025-08-04 01:00:00,7.457,56.8,14.99,756.52,27.58,Decreasing,NORMAL,None
2025-08-04 02:00:00,7.396,78.99,14.6,771.53,26.83,Stable,NORMAL,None
2025-08-04 03:00:00,7.364,76.61,15.73,766.27,26.36,Increasing,NORMAL,None
2025-08-04 04:00:00,7.39,73.47,13.82,755.94,27.35,Decreasing,NORMAL,None
2025-08-04 05:00:00,7.35,78.35,12.69,781.37,27.75,Decreasing,NORMAL,None
2025-08-04 06:00:00,7.065,126.59,13.26,793.98,28.24,Decreasing,NORMAL,None
2025-08-04 07:00:00,7.441,105.14,12.12,801.99,28.16,Increasing,NORMAL,None
2025-08-04 08:00:00,7.439,95.16,9.73,823.13,29.02,Increasing,NORMAL,None
2025-08-04 09:00:00,7.423,53.8,8.07,796.57,29.82,Decreasing,NORMAL,None
2025-08-04 10:00:00,7.155,90.18,6.99,791.91,29.53,Increasing,NORMAL,None
2025-08-04 11:00:00,7.249,45.75,6.58,814.59,29.78,Decreasing,NORMAL,None
2025-08-04 12:00:00,7.409,78.94,10.03,833.04,30.0,Decreasing,NORMAL,None
2025-08-04 13:00:00,7.427,42.22,8.62,839.07,30.45,Decreasing,NORMAL,None
2025-08-04 14:00:00,7.361,56.46,8.33,829.36,29.51,Decreasing,NORMAL,None
2025-08-04 15:00:00,7.441,58.72,6.81,829.44,29.52,Increasing,NORMAL,None
2025-08-04 16:00:00,7.231,38.58,6.15,859.29,29.08,Decreasing,NORMAL,None
2025-08-04 17:00:00,7.23,85.24,7.18,858.44,28.8,Increasing,NORMAL,None
2025-08-04 18:00:00,7.354,45.08,9.42,823.94,28.06,Decreasing,NORMAL,None
2025-08-04 19:00:00,7.441,77.04,6.28,834.88,27.75,Increasing,NORMAL,None
2025-08-04 20:00:00,7.351,62.46,4.5,837.85,27.05,Increasing,NORMAL,None
2025-08-04 21:00:00,7.32,89.96,5.12,825.37,26.68,Increasing,NORMAL,None
2025-08-04 22:00:00,7.462,30.94,5.22,808.62,26.35,Decreasing,NORMAL,None
2025-08-04 23:00:00,7.409,30.0,4.65,804.18,26.73,Decreasing,NORMAL,None
2025-08-05 00:00:00,7.2,63.09,4.53,783.76,26.03,Increasing,NORMAL,None
2025-08-05 01:00:00,7.32,30.0,7.65,792.48,26.41,Decreasing,NORMAL,None
2025-08-05 02:00:00,7.362,69.86,7.57,777.43,26.96,Increasing,NORMAL,None
2025-08-05 03:00:00,7.414,102.51,7.0,780.59,26.91,Increasing,NORMAL,None
2025-08-05 04:00:00,7.324,57.27,7.21,782.76,26.63,Increasing,NORMAL,None
2025-08-05 05:00:00,7.234,131.17,14.8,792.09,28.07,Increasing,NORMAL,None
2025-08-05 06:00:00,7.281,126.2,13.54,786.3,28.6,Increasing,NORMAL,None
2025-08-05 07:00:00,7.202,77.03,12.34,780.64,28.28,Increasing,NORMAL,None
2025-08-05 08:00:00,7.437,73.41,11.32,793.17,29.13,Increasing,NORMAL,None
2025-08-05 09:00:00,7.245,84.28,12.85,805.65,29.69,Decreasing,NORMAL,None
2025-08-05 10:00:00,7.344,124.29,12.06,804.97,30.35,Increasing,NORMAL,None
2025-08-05 11:00:00,7.282,68.1,11.94,788.18,29.41,Decreasing,NORMAL,None
2025-08-05 12:00:00,7.294,85.17,11.62,776.68,29.82,Decreasing,NORMAL,None
2025-08-05 13:00:00,7.357,83.59,10.36,780.43,29.89,Increasing,NORMAL,None
2025-08-05 14:00:00,7.431,106.84,10.34,799.54,29.8,Increasing,NORMAL,None
2025-08-05 15:00:00,7.418,72.74,8.79,812.02,29.31,Decreasing,NORMAL,None
2025-08-05 16:00:00,7.086,60.34,8.98,828.34,29.16,Decreasing,NORMAL,None
2025-08-05 17:00:00,7.272,64.36,8.99,832.29,28.6,Decreasing,NORMAL,None
2025-08-05 18:00:00,7.366,63.81,7.73,798.25,28.23,Decreasing,NORMAL,None
2025-08-05 19:00:00,7.188,83.13,8.53,794.89,27.85,Stable,NORMAL,None
2025-08-05 20:00:00,7.382,55.74,9.23,788.24,27.02,Decreasing,NORMAL,None
2025-08-05 21:00:00,7.318,37.38,12.93,781.15,26.8,Decreasing,NORMAL,None
2025-08-05 22:00:00,7.276,77.71,10.88,790.07,26.86,Increasing,NORMAL,None
2025-08-05 23:00:00,7.5,58.26,9.79,779.66,26.66,Decreasing,NORMAL,None
2025-08-06 00:00:00,7.313,76.35,9.74,805.19,26.57,Increasing,NORMAL,None
2025-08-06 01:00:00,7.332,65.97,8.95,798.29,26.29,Decreasing,NORMAL,None
2025-08-06 02:00:00,7.358,80.72,7.55,787.58,26.58,Increasing,NORMAL,None
2025-08-06 03:00:00,7.384,65.93,7.48,794.2,26.85,Increasing,NORMAL,None
2025-08-06 04:00:00,7.437,30.29,6.73,784.14,27.57,Decreasing,NORMAL,None
2025-08-06 05:00:00,7.291,71.68,8.44,756.6,27.92,Increasing,NORMAL,None
2025-08-06 06:00:00,7.276,64.57,6.32,770.49,27.74,Decreasing,NORMAL,None
2025-08-06 07:00:00,7.267,53.29,6.21,770.41,28.59,Decreasing,NORMAL,None
2025-08-06 08:00:00,7.401,30.0,7.48,765.61,28.91,Decreasing,NORMAL,None
2025-08-06 09:00:00,7.51,37.92,6.52,777.04,29.53,Decreasing,NORMAL,None
2025-08-06 10:00:00,7.415,41.48,4.54,789.13,29.73,Increasing,NORMAL,None
2025-08-06 11:00:00,7.355,97.59,3.89,788.01,30.21,Increasing,NORMAL,None
2025-08-06 12:00:00,7.412,30.0,2.59,799.35,29.97,Decreasing,NORMAL,None
2025-08-06 13:00:00,7.305,42.62,2.04,799.9,30.28,Decreasing,NORMAL,None
2025-08-06 14:00:00,7.442,30.0,3.42,783.37,29.66,Stable,NORMAL,None
2025-08-06 15:00:00,7.287,30.0,2.35,794.19,29.34,Decreasing,NORMAL,None
2025-08-06 16:00:00,7.424,31.22,3.98,791.62,29.1,Decreasing,NORMAL,None
2025-08-06 17:00:00,7.514,30.0,5.1,783.3,28.0,Decreasing,NORMAL,None
2025-08-06 18:00:00,7.266,96.79,6.21,826.9,28.12,Increasing,NORMAL,None
2025-08-06 19:00:00,7.22,101.12,6.07,846.14,28.01,Increasing,NORMAL,None
2025-08-06 20:00:00,7.359,77.52,5.26,864.83,27.65,Increasing,NORMAL,None
2025-08-06 21:00:00,7.259,45.17,4.37,843.23,26.67,Increasing,NORMAL,None
2025-08-06 22:00:00,7.309,79.02,3.68,832.84,26.87,Increasing,NORMAL,None
2025-08-06 23:00:00,7.216,52.81,4.15,843.95,27.01,Increasing,NORMAL,None
2025-08-07 00:00:00,7.562,57.42,4.63,846.11,26.44,Decreasing,NORMAL,None
2025-08-07 01:00:00,7.359,45.55,6.24,829.12,26.4,Decreasing,NORMAL,None
2025-08-07 02:00:00,7.367,73.75,4.33,843.19,26.42,Decreasing,NORMAL,None
2025-08-07 03:00:00,7.216,73.72,6.04,841.4,27.02,Increasing,NORMAL,None
2025-08-07 04:00:00,7.372,61.04,10.1,811.65,26.68,Decreasing,NORMAL,None
2025-08-07 05:00:00,7.22,100.79,8.84,820.95,27.94,Increasing,NORMAL,None
2025-08-07 06:00:00,7.409,46.26,8.28,771.45,28.68,Decreasing,NORMAL,None
2025-08-07 07:00:00,7.543,77.99,8.98,808.49,28.71,Increasing,NORMAL,None
2025-08-07 08:00:00,7.378,96.57,12.94,812.54,29.2,Increasing,NORMAL,None
2025-08-07 09:00:00,7.373,139.93,12.7,833.58,28.91,Increasing,NORMAL,None
2025-08-07 10:00:00,7.403,62.32,13.48,838.55,29.86,Stable,NORMAL,None
2025-08-07 11:00:00,7.376,77.66,12.15,825.56,29.55,Decreasing,NORMAL,None
2025-08-07 12:00:00,7.381,68.74,11.1,835.88,30.13,Increasing,NORMAL,None
2025-08-07 13:00:00,7.379,67.59,7.57,847.74,30.22,Decreasing,NORMAL,None
2025-08-07 14:00:00,7.4,48.94,6.88,826.03,29.88,Decreasing,NORMAL,None
2025-08-07 15:00:00,7.261,59.39,5.43,841.32,30.0,Decreasing,NORMAL,None
2025-08-07 16:00:00,7.528,30.0,5.42,812.49,29.03,Decreasing,NORMAL,None
2025-08-07 17:00:00,7.253,71.98,6.95,799.51,28.66,Decreasing,NORMAL,None
2025-08-07 18:00:00,7.316,69.19,11.27,775.17,28.06,Stable,NORMAL,None
2025-08-07 19:00:00,7.254,30.0,8.81,775.6,27.07,Decreasing,NORMAL,None
2025-08-07 20:00:00,7.363,38.79,7.69,784.04,27.38,Decreasing,NORMAL,None
2025-08-07 21:00:00,7.126,96.56,9.09,764.58,26.61,Increasing,NORMAL,None
2025-08-07 22:00:00,7.295,120.99,14.9,778.83,26.53,Increasing,NORMAL,None
2025-08-07 23:00:00,7.177,153.8,12.4,812.88,26.68,Increasing,NORMAL,None
2025-08-08 00:00:00,7.337,62.27,11.52,809.93,26.53,Decreasing,NORMAL,None
2025-08-08 01:00:00,7.392,39.54,10.04,786.24,25.9,Increasing,NORMAL,None
2025-08-08 02:00:00,7.299,114.76,12.49,820.62,27.37,Increasing,NORMAL,None
2025-08-08 03:00:00,7.153,61.6,10.93,821.6,26.88,Decreasing,NORMAL,None
2025-08-08 04:00:00,7.176,106.27,12.78,827.98,27.67,Decreasing,NORMAL,None
2025-08-08 05:00:00,7.396,105.97,10.68,848.67,27.37,Decreasing,NORMAL,None
2025-08-08 06:00:00,7.454,30.0,8.46,841.09,28.21,Decreasing,NORMAL,None
2025-08-08 07:00:00,7.339,119.01,9.59,866.98,28.75,Increasing,NORMAL,None
2025-08-08 08:00:00,7.239,75.52,10.48,867.04,29.85,Decreasing,NORMAL,None
2025-08-08 09:00:00,7.348,93.43,8.35,878.67,29.45,Increasing,NORMAL,None
2025-08-08 10:00:00,7.3,128.81,7.98,901.28,29.09,Increasing,NORMAL,None
2025-08-08 11:00:00,7.263,137.83,10.92,909.0,29.69,Increasing,NORMAL,None
2025-08-08 12:00:00,7.453,61.71,11.28,902.39,30.06,Increasing,NORMAL,None
2025-08-08 13:00:00,7.22,106.27,12.39,918.56,29.8,Decreasing,NORMAL,None
2025-08-08 14:00:00,7.299,77.57,11.85,911.69,29.4,Stable,NORMAL,None
2025-08-08 15:00:00,7.424,54.8,9.29,891.57,29.06,Decreasing,NORMAL,None
2025-08-08 16:00:00,7.257,74.34,6.95,859.04,29.2,Decreasing,NORMAL,None
2025-08-08 17:00:00,7.474,71.3,6.0,852.89,28.42,Decreasing,NORMAL,None
2025-08-08 18:00:00,7.336,80.88,5.45,851.47,27.89,Increasing,NORMAL,None
2025-08-08 19:00:00,7.409,113.71,4.66,843.93,27.48,Increasing,NORMAL,None
2025-08-08 20:00:00,7.342,31.03,5.11,820.77,26.68,Decreasing,NORMAL,None
2025-08-08 21:00:00,7.291,69.38,5.26,832.64,26.63,Increasing,NORMAL,None
2025-08-08 22:00:00,7.411,42.14,5.2,844.28,26.51,Decreasing,NORMAL,None
2025-08-08 23:00:00,7.595,55.14,10.36,857.06,26.33,Decreasing,NORMAL,None
2025-08-09 00:00:00,7.425,116.63,11.11,847.41,25.98,Increasing,NORMAL,None
2025-08-09 01:00:00,7.175,79.06,10.63,843.4,26.46,Decreasing,NORMAL,None
2025-08-09 02:00:00,7.253,92.79,9.07,841.64,26.86,Increasing,NORMAL,None
2025-08-09 03:00:00,7.271,90.85,7.66,851.5,27.45,Increasing,NORMAL,None
2025-08-09 04:00:00,7.156,150.68,21.57,843.13,27.43,Increasing,NORMAL,None
2025-08-09 05:00:00,7.101,111.75,20.0,863.98,27.39,Increasing,NORMAL,None
2025-08-09 06:00:00,7.364,95.68,16.81,878.82,27.4,Decreasing,NORMAL,None
2025-08-09 07:00:00,7.453,98.89,14.83,882.95,28.46,Increasing,NORMAL,None
2025-08-09 08:00:00,7.239,123.41,13.64,878.26,28.76,Increasing,NORMAL,None
2025-08-09 09:00:00,7.417,105.94,12.35,907.05,29.1,Increasing,NORMAL,None
2025-08-09 10:00:00,7.371,52.99,13.49,903.29,29.5,Decreasing,NORMAL,None
2025-08-09 11:00:00,7.395,77.25,15.85,889.07,30.1,Decreasing,NORMAL,None
2025-08-09 12:00:00,7.4,89.76,14.43,885.23,29.82,Decreasing,NORMAL,None
2025-08-09 13:00:00,7.277,61.9,13.17,857.02,29.79,Decreasing,NORMAL,None
2025-08-09 14:00:00,7.411,123.7,14.3,870.21,29.71,Stable,NORMAL,None
2025-08-09 15:00:00,7.303,123.6,13.58,855.29,29.33,Increasing,NORMAL,None
2025-08-09 16:00:00,7.288,74.55,13.33,853.89,28.77,Increasing,NORMAL,None
2025-08-09 17:00:00,7.328,99.49,15.27,834.83,28.7,Increasing,NORMAL,None
2025-08-09 18:00:00,7.556,83.25,14.51,844.12,28.23,Decreasing,NORMAL,None
2025-08-09 19:00:00,7.278,65.59,12.62,833.82,27.64,Increasing,NORMAL,None
2025-08-09 20:00:00,7.131,74.6,11.74,825.21,26.96,Decreasing,NORMAL,None
2025-08-09 21:00:00,7.317,69.39,11.17,840.76,26.84,Decreasing,NORMAL,None
2025-08-09 22:00:00,7.273,86.42,10.95,850.37,26.31,Increasing,NORMAL,None
2025-08-09 23:00:00,7.24,105.66,11.13,856.87,26.1,Increasing,NORMAL,None
2025-08-10 00:00:00,7.158,80.64,9.0,841.4,26.38,Decreasing,NORMAL,None
2025-08-10 01:00:00,7.421,39.5,9.09,815.58,25.92,Decreasing,NORMAL,None
2025-08-10 02:00:00,7.344,86.9,9.78,816.92,26.34,Increasing,NORMAL,None
2025-08-10 03:00:00,7.399,80.78,8.91,842.69,26.94,Increasing,NORMAL,None
2025-08-10 04:00:00,7.372,80.07,7.81,818.29,27.1,Decreasing,NORMAL,None
2025-08-10 05:00:00,7.503,72.13,6.09,827.13,27.96,Decreasing,NORMAL,None
2025-08-10 06:00:00,7.188,63.47,5.09,838.23,28.36,Decreasing,NORMAL,None
2025-08-10 07:00:00,7.258,30.0,5.02,834.19,28.78,Decreasing,NORMAL,None
2025-08-10 08:00:00,7.371,57.23,5.72,838.62,29.11,Decreasing,NORMAL,None
2025-08-10 09:00:00,7.417,49.32,10.28,819.53,29.2,Decreasing,NORMAL,None
2025-08-10 10:00:00,7.304,66.75,11.24,794.25,29.84,Decreasing,NORMAL,None
2025-08-10 11:00:00,7.148,82.03,9.8,802.91,29.98,Increasing,NORMAL,None
2025-08-10 12:00:00,7.334,114.49,9.08,824.86,30.06,Increasing,NORMAL,None
2025-08-10 13:00:00,7.364,109.38,7.4,811.48,29.92,Increasing,NORMAL,None
2025-08-10 14:00:00,7.325,34.44,5.65,793.18,29.49,Decreasing,NORMAL,None
2025-08-10 15:00:00,7.386,42.78,5.22,800.6,29.92,Decreasing,NORMAL,None
2025-08-10 16:00:00,7.296,69.63,5.38,780.96,29.22,Increasing,NORMAL,None
2025-08-10 17:00:00,7.2,80.7,5.74,795.3,29.06,Stable,NORMAL,None
2025-08-10 18:00:00,7.283,80.02,5.59,801.39,27.94,Decreasing,NORMAL,None
2025-08-10 19:00:00,7.105,76.0,6.94,796.45,27.67,Decreasing,NORMAL,None
2025-08-10 20:00:00,7.475,102.65,6.3,790.27,27.01,Increasing,NORMAL,None
2025-08-10 21:00:00,7.376,79.06,5.68,787.74,26.9,Increasing,NORMAL,None
2025-08-10 22:00:00,7.322,88.38,7.39,800.26,26.57,Increasing,NORMAL,None
2025-08-10 23:00:00,7.469,47.13,7.39,815.16,26.06,Decreasing,NORMAL,None
2025-08-11 00:00:00,7.393,38.62,6.73,786.98,26.67,Decreasing,NORMAL,None
2025-08-11 01:00:00,7.368,76.57,7.93,781.62,26.19,Stable,NORMAL,None
2025-08-11 02:00:00,7.356,65.48,6.4,755.31,26.57,Decreasing,NORMAL,None
2025-08-11 03:00:00,7.398,52.56,6.79,773.63,26.09,Decreasing,NORMAL,None
2025-08-11 04:00:00,7.333,45.11,5.43,780.46,27.18,Decreasing,NORMAL,None
2025-08-11 05:00:00,7.399,83.09,5.86,811.02,27.99,Increasing,NORMAL,None
2025-08-11 06:00:00,7.356,85.94,5.55,828.56,28.2,Increasing,NORMAL,None
2025-08-11 07:00:00,7.446,71.16,6.82,846.72,28.67,Decreasing,NORMAL,None
2025-08-11 08:00:00,7.346,45.63,7.0,840.14,28.9,Decreasing,NORMAL,None
2025-08-11 09:00:00,7.43,43.7,7.23,833.12,29.91,Decreasing,NORMAL,None
2025-08-11 10:00:00,7.386,30.0,5.46,818.71,29.46,Decreasing,NORMAL,None
2025-08-11 11:00:00,7.361,59.61,4.8,822.81,29.49,Decreasing,NORMAL,None
2025-08-11 12:00:00,7.279,91.92,10.38,821.12,29.47,Increasing,NORMAL,None
2025-08-11 13:00:00,7.264,99.63,10.36,826.53,29.6,Increasing,NORMAL,None
2025-08-11 14:00:00,7.313,84.74,11.28,825.28,29.46,Increasing,NORMAL,None
2025-08-11 15:00:00,7.41,103.93,12.55,817.18,30.24,Increasing,NORMAL,None
2025-08-11 16:00:00,7.471,62.44,12.13,816.99,29.01,Increasing,NORMAL,None
2025-08-11 17:00:00,7.143,92.94,10.09,820.72,29.06,Increasing,NORMAL,None
2025-08-11 18:00:00,7.284,81.01,9.02,815.88,28.42,Decreasing,NORMAL,None
2025-08-11 19:00:00,7.103,51.27,7.74,820.26,27.17,Decreasing,NORMAL,None
2025-08-11 20:00:00,7.368,73.75,7.17,834.55,26.84,Decreasing,NORMAL,None
2025-08-11 21:00:00,7.328,36.45,6.0,811.84,27.09,Decreasing,NORMAL,None
2025-08-11 22:00:00,7.235,111.18,6.05,834.88,26.52,Increasing,NORMAL,None
2025-08-11 23:00:00,7.606,77.36,5.06,809.47,26.22,Decreasing,NORMAL,None
2025-08-12 00:00:00,7.353,62.01,4.49,841.29,25.88,Decreasing,NORMAL,None
2025-08-12 01:00:00,7.389,44.79,5.1,835.79,26.07,Decreasing,NORMAL,None
2025-08-12 02:00:00,7.1,95.56,4.31,819.22,27.36,Increasing,NORMAL,None
2025-08-12 03:00:00,7.517,57.02,3.53,819.54,25.99,Increasing,NORMAL,None
2025-08-12 04:00:00,7.234,81.87,4.83,802.77,27.18,Decreasing,NORMAL,None
2025-08-12 05:00:00,7.336,47.7,4.47,828.2,27.65,Decreasing,NORMAL,None
2025-08-12 06:00:00,7.418,83.04,4.68,812.12,28.45,Increasing,NORMAL,None
2025-08-12 07:00:00,7.332,34.86,4.33,783.13,28.03,Decreasing,NORMAL,None
2025-08-12 08:00:00,7.349,74.95,4.39,790.5,28.57,Decreasing,NORMAL,None
2025-08-12 09:00:00,7.184,65.66,3.89,786.98,29.08,Increasing,NORMAL,None
2025-08-12 10:00:00,7.327,43.55,3.69,774.54,29.94,Decreasing,NORMAL,None
2025-08-12 11:00:00,7.537,60.52,3.74,770.58,29.61,Increasing,NORMAL,None
2025-08-12 12:00:00,7.364,64.57,2.89,773.73,29.96,Decreasing,NORMAL,None
2025-08-12 13:00:00,7.522,51.41,9.33,782.46,30.07,Increasing,NORMAL,None
2025-08-12 14:00:00,7.477,60.24,7.74,778.99,29.63,Decreasing,NORMAL,None
2025-08-12 15:00:00,7.505,71.24,7.81,768.37,29.59,Increasing,NORMAL,None
2025-08-12 16:00:00,7.331,67.33,7.73,784.57,28.55,Increasing,NORMAL,None
2025-08-12 17:00:00,7.318,35.73,6.89,773.68,28.54,Decreasing,NORMAL,None
2025-08-12 18:00:00,7.381,46.87,6.84,779.05,28.02,Decreasing,NORMAL,None
2025-08-12 19:00:00,7.426,33.83,7.3,777.72,27.92,Decreasing,NORMAL,None
2025-08-12 20:00:00,7.072,71.71,8.59,766.1,27.75,Increasing,NORMAL,None
2025-08-12 21:00:00,7.394,64.04,7.31,766.18,26.61,Decreasing,NORMAL,None
2025-08-12 22:00:00,7.383,74.9,9.24,756.32,26.29,Increasing,NORMAL,None
2025-08-12 23:00:00,7.377,64.17,8.96,744.4,25.96,Increasing,NORMAL,None
2025-08-13 00:00:00,7.276,52.62,7.31,748.07,26.8,Increasing,NORMAL,None
2025-08-13 01:00:00,7.237,30.0,8.22,749.02,26.73,Decreasing,NORMAL,None
2025-08-13 02:00:00,7.457,109.19,8.48,777.28,26.24,Increasing,NORMAL,None
2025-08-13 03:00:00,7.303,43.33,7.51,732.99,26.8,Decreasing,NORMAL,None
2025-08-13 04:00:00,7.201,56.42,10.59,725.24,27.42,Decreasing,NORMAL,None
2025-08-13 05:00:00,7.273,49.09,9.78,727.3,27.53,Decreasing,NORMAL,None
2025-08-13 06:00:00,7.262,68.24,10.12,729.52,28.16,Increasing,NORMAL,None
2025-08-13 07:00:00,7.472,59.09,9.59,737.87,28.39,Increasing,NORMAL,None
2025-08-13 08:00:00,7.186,81.91,8.21,737.95,29.07,Decreasing,NORMAL,None
2025-08-13 09:00:00,7.431,97.1,9.37,774.27,29.29,Increasing,NORMAL,None
2025-08-13 10:00:00,7.338,71.46,9.77,773.68,29.37,Increasing,NORMAL,None
2025-08-13 11:00:00,7.405,87.3,11.85,786.91,30.29,Increasing,NORMAL,None
2025-08-13 12:00:00,7.33,85.16,12.45,812.44,29.81,Increasing,NORMAL,None
2025-08-13 13:00:00,7.184,93.35,13.44,820.35,29.88,Increasing,NORMAL,None
2025-08-13 14:00:00,7.372,105.62,13.19,826.48,29.9,Increasing,NORMAL,None
2025-08-13 15:00:00,7.254,100.88,14.26,820.39,29.5,Increasing,NORMAL,None
2025-08-13 16:00:00,7.383,92.56,13.37,798.82,28.95,Increasing,NORMAL,None
2025-08-13 17:00:00,7.165,91.18,12.64,809.59,28.3,Increasing,NORMAL,None
2025-08-13 18:00:00,7.372,101.38,10.83,815.82,27.88,Increasing,NORMAL,None
2025-08-13 19:00:00,7.407,96.91,9.72,818.99,27.98,Increasing,NORMAL,None
2025-08-13 20:00:00,7.296,114.38,8.59,810.69,27.41,Increasing,NORMAL,None
2025-08-13 21:00:00,7.337,65.99,9.64,811.41,26.3,Decreasing,NORMAL,None
2025-08-13 22:00:00,7.399,62.63,11.18,817.37,26.45,Decreasing,NORMAL,None
2025-08-13 23:00:00,7.187,101.72,9.79,817.42,26.09,Increasing,NORMAL,None
2025-08-14 00:00:00,7.349,56.1,9.98,840.23,26.73,Decreasing,NORMAL,None
2025-08-14 01:00:00,7.078,88.1,10.81,815.64,25.87,Decreasing,NORMAL,None
2025-08-14 02:00:00,7.284,71.83,9.56,820.77,26.48,Decreasing,NORMAL,None
2025-08-14 03:00:00,7.31,79.67,8.61,835.3,26.42,Increasing,NORMAL,None
2025-08-14 04:00:00,7.293,94.19,8.8,846.93,27.12,Increasing,NORMAL,None
2025-08-14 05:00:00,7.389,74.62,9.23,839.02,27.65,Decreasing,NORMAL,None
2025-08-14 06:00:00,7.359,70.62,13.8,804.62,28.25,Increasing,NORMAL,None
2025-08-14 07:00:00,7.349,97.3,17.91,814.19,28.12,Increasing,NORMAL,None
2025-08-14 08:00:00,7.159,119.01,15.61,830.35,29.24,Increasing,NORMAL,None
2025-08-14 09:00:00,7.301,95.25,14.29,866.67,28.85,Increasing,NORMAL,None
2025-08-14 10:00:00,7.357,86.6,13.48,863.29,29.08,Decreasing,NORMAL,None
2025-08-14 11:00:00,7.205,91.5,14.24,870.57,29.46,Increasing,NORMAL,None
2025-08-14 12:00:00,7.318,94.32,18.25,880.49,29.39,Increasing,NORMAL,None
2025-08-14 13:00:00,7.486,71.34,15.9,879.72,29.44,Decreasing,NORMAL,None
2025-08-14 14:00:00,7.272,100.6,13.63,885.36,29.62,Decreasing,NORMAL,None
2025-08-14 15:00:00,7.398,110.42,12.46,875.1,29.11,Increasing,NORMAL,None
2025-08-14 16:00:00,7.501,99.32,13.69,888.93,29.52,Increasing,NORMAL,None
2025-08-14 17:00:00,7.49,95.45,13.76,883.53,28.51,Increasing,NORMAL,None
2025-08-14 18:00:00,7.284,102.15,14.07,879.19,28.07,Increasing,NORMAL,None
2025-08-14 19:00:00,7.399,134.3,12.85,854.23,27.8,Increasing,NORMAL,None
2025-08-14 20:00:00,7.396,44.23,10.4,848.45,27.33,Decreasing,NORMAL,None
2025-08-14 21:00:00,7.304,109.02,10.17,854.1,26.44,Stable,NORMAL,None
2025-08-14 22:00:00,7.232,87.39,7.04,858.32,26.88,Decreasing,NORMAL,None
2025-08-14 23:00:00,7.16,65.78,5.1,858.94,26.32,Decreasing,NORMAL,None
2025-08-15 00:00:00,7.274,32.33,4.06,851.29,26.51,Decreasing,NORMAL,None
2025-08-15 01:00:00,7.29,64.57,6.97,839.03,26.12,Decreasing,NORMAL,None
2025-08-15 02:00:00,7.281,104.04,9.22,853.32,26.13,Increasing,NORMAL,None
2025-08-15 03:00:00,7.52,81.46,8.67,861.71,26.83,Decreasing,NORMAL,None
2025-08-15 04:00:00,7.453,67.81,6.15,838.61,27.27,Decreasing,NORMAL,None
2025-08-15 05:00:00,7.315,51.11,6.94,836.58,27.44,Decreasing,NORMAL,None
2025-08-15 06:00:00,7.522,63.0,6.43,819.35,27.78,Increasing,NORMAL,None
2025-08-15 07:00:00,7.383,69.32,6.15,807.01,28.74,Increasing,NORMAL,None
2025-08-15 08:00:00,7.306,88.88,6.94,821.93,28.78,Decreasing,NORMAL,None
2025-08-15 09:00:00,7.384,92.35,6.21,820.88,28.77,Increasing,NORMAL,None
2025-08-15 10:00:00,7.479,41.51,5.6,793.92,29.48,Decreasing,NORMAL,None
2025-08-15 11:00:00,7.382,46.31,5.31,793.35,29.53,Decreasing,NORMAL,None
2025-08-15 12:00:00,7.171,30.0,4.91,780.15,29.56,Decreasing,NORMAL,None
2025-08-15 13:00:00,7.401,66.04,5.13,768.17,29.31,Decreasing,NORMAL,None
2025-08-15 14:00:00,7.397,35.65,5.08,765.62,30.04,Decreasing,NORMAL,None
2025-08-15 15:00:00,7.35,34.72,4.69,730.65,28.99,Decreasing,NORMAL,None
2025-08-15 16:00:00,7.224,99.01,4.7,729.28,28.78,Increasing,NORMAL,None
2025-08-15 17:00:00,7.273,91.91,4.2,736.63,28.29,Increasing,NORMAL,None
2025-08-15 18:00:00,7.432,50.08,3.4,751.77,28.01,Increasing,NORMAL,None
2025-08-15 19:00:00,7.487,30.0,3.32,738.8,27.19,Decreasing,NORMAL,None
2025-08-15 20:00:00,7.387,42.85,2.91,753.22,27.18,Increasing,NORMAL,None
2025-08-15 21:00:00,7.324,40.9,2.68,764.86,26.86,Increasing,NORMAL,None
2025-08-15 22:00:00,7.388,39.96,2.27,764.23,26.35,Decreasing,NORMAL,None
2025-08-15 23:00:00,7.305,30.0,3.59,751.67,26.31,Decreasing,NORMAL,None
2025-08-16 00:00:00,7.221,46.88,4.22,790.19,26.53,Decreasing,NORMAL,None
2025-08-16 01:00:00,7.469,55.74,3.32,771.63,26.0,Increasing,NORMAL,None
2025-08-16 02:00:00,7.384,58.61,4.1,773.1,26.21,Increasing,NORMAL,None
2025-08-16 03:00:00,7.548,119.37,28.84,927.23,27.2,Increasing,NORMAL,None
2025-08-16 04:00:00,7.544,244.22,58.9,1101.25,28.55,Increasing,NORMAL,None
2025-08-16 05:00:00,7.719,383.43,90.14,1305.54,29.31,Increasing,NORMAL,None
2025-08-16 06:00:00,7.989,454.87,118.1,1454.73,30.3,Increasing,NORMAL,None
2025-08-16 07:00:00,8.092,560.11,142.21,1594.91,31.65,Increasing,SPIKE/ABNORMAL,TDS
2025-08-16 08:00:00,8.123,643.15,162.75,1707.62,32.53,Increasing,SPIKE/ABNORMAL,"COD, TDS"
2025-08-16 09:00:00,8.137,681.36,178.18,1777.93,33.34,Increasing,SPIKE/ABNORMAL,"COD, TDS"
2025-08-16 10:00:00,8.078,752.83,187.11,1833.0,33.58,Increasing,SPIKE/ABNORMAL,"COD, TDS"
2025-08-16 11:00:00,8.06,709.01,187.62,1823.94,33.62,Increasing,SPIKE/ABNORMAL,"COD, TDS"
2025-08-16 12:00:00,8.164,736.43,184.2,1810.03,34.05,Increasing,SPIKE/ABNORMAL,"COD, TDS"
2025-08-16 13:00:00,8.185,627.57,167.57,1709.63,33.17,Increasing,SPIKE/ABNORMAL,"COD, TDS"
2025-08-16 14:00:00,8.071,581.24,147.12,1576.66,33.4,Decreasing,SPIKE/ABNORMAL,TDS
2025-08-16 15:00:00,7.946,498.4,120.57,1409.97,31.98,Decreasing,NORMAL,None
2025-08-16 16:00:00,7.629,370.77,91.52,1239.18,30.29,Decreasing,NORMAL,None
2025-08-16 17:00:00,7.506,256.79,60.25,1050.53,29.23,Decreasing,NORMAL,None
2025-08-16 18:00:00,7.474,134.52,29.58,862.9,28.26,Decreasing,NORMAL,None
2025-08-16 19:00:00,7.409,30.0,3.42,723.39,27.47,Decreasing,NORMAL,None
2025-08-16 20:00:00,7.356,30.0,1.63,726.6,27.06,Decreasing,NORMAL,None
2025-08-16 21:00:00,7.51,33.22,1.6,738.93,26.75,Decreasing,NORMAL,None
2025-08-16 22:00:00,7.255,71.46,1.0,715.74,26.32,Decreasing,NORMAL,None
2025-08-16 23:00:00,7.231,52.55,1.0,725.41,26.49,Decreasing,NORMAL,None
2025-08-17 00:00:00,7.403,40.6,1.31,713.17,25.82,Decreasing,NORMAL,None
2025-08-17 01:00:00,7.158,45.89,1.9,709.62,25.97,Increasing,NORMAL,None
2025-08-17 02:00:00,7.303,50.34,2.32,707.52,26.34,Increasing,NORMAL,None
2025-08-17 03:00:00,7.436,76.01,2.12,718.57,26.72,Increasing,NORMAL,None
2025-08-17 04:00:00,7.3,39.59,2.23,728.9,26.55,Decreasing,NORMAL,None
2025-08-17 05:00:00,7.292,74.95,4.08,736.01,27.28,Increasing,NORMAL,None
2025-08-17 06:00:00,7.125,53.47,3.44,728.96,27.99,Increasing,NORMAL,None
2025-08-17 07:00:00,7.31,30.0,1.04,747.57,28.41,Decreasing,NORMAL,None
2025-08-17 08:00:00,7.231,30.0,1.0,738.75,28.44,Decreasing,NORMAL,None
2025-08-17 09:00:00,7.391,30.0,1.58,743.01,28.76,Decreasing,NORMAL,None
2025-08-17 10:00:00,7.257,58.31,1.0,739.67,29.1,Increasing,NORMAL,None
2025-08-17 11:00:00,7.41,30.0,1.49,747.14,29.71,Decreasing,NORMAL,None
2025-08-17 12:00:00,7.417,30.0,6.85,766.34,29.59,Decreasing,NORMAL,None
2025-08-17 13:00:00,7.367,66.85,5.33,769.85,29.39,Increasing,NORMAL,None
2025-08-17 14:00:00,7.282,84.4,4.17,766.41,29.52,Increasing,NORMAL,None
2025-08-17 15:00:00,7.391,34.8,5.09,770.93,29.62,Increasing,NORMAL,None
2025-08-17 16:00:00,7.167,70.81,4.08,791.1,29.33,Increasing,NORMAL,None
2025-08-17 17:00:00,7.363,30.0,5.8,786.37,28.73,Stable,NORMAL,None
2025-08-17 18:00:00,7.306,61.72,3.84,763.35,27.84,Increasing,NORMAL,None
2025-08-17 19:00:00,7.299,56.83,4.06,783.74,27.29,Decreasing,NORMAL,None
2025-08-17 20:00:00,7.472,48.98,4.4,750.99,27.43,Decreasing,NORMAL,None
2025-08-17 21:00:00,7.416,41.55,3.91,737.82,26.31,Increasing,NORMAL,None
2025-08-17 22:00:00,7.265,45.58,3.38,724.76,26.95,Decreasing,NORMAL,None
2025-08-17 23:00:00,7.328,73.19,6.61,748.68,26.11,Increasing,NORMAL,None
2025-08-18 00:00:00,7.483,50.42,6.21,754.62,26.22,Decreasing,NORMAL,None
2025-08-18 01:00:00,7.403,65.55,6.68,751.13,25.63,Increasing,NORMAL,None
2025-08-18 02:00:00,7.349,70.12,7.64,748.06,26.95,Increasing,NORMAL,None
2025-08-18 03:00:00,7.217,71.59,6.65,735.88,26.75,Increasing,NORMAL,None
2025-08-18 04:00:00,7.426,38.88,6.16,732.25,27.36,Decreasing,NORMAL,None
2025-08-18 05:00:00,7.333,79.31,4.53,747.52,27.11,Increasing,NORMAL,None
2025-08-18 06:00:00,7.215,92.62,5.9,776.8,28.18,Increasing,NORMAL,None
2025-08-18 07:00:00,7.525,61.5,4.65,809.02,28.89,Decreasing,NORMAL,None
2025-08-18 08:00:00,7.526,84.17,6.49,825.15,28.87,Increasing,NORMAL,None
2025-08-18 09:00:00,7.42,73.32,5.95,812.21,29.28,Stable,NORMAL,None
2025-08-18 10:00:00,7.362,91.69,5.56,816.31,29.56,Increasing,NORMAL,None
2025-08-18 11:00:00,7.406,39.66,3.67,802.37,29.68,Decreasing,NORMAL,None
2025-08-18 12:00:00,7.25,59.17,4.32,800.44,29.65,Decreasing,NORMAL,None
2025-08-18 13:00:00,7.21,39.43,4.41,804.52,29.84,Decreasing,NORMAL,None
2025-08-18 14:00:00,7.408,90.17,4.79,828.6,29.43,Increasing,NORMAL,None
2025-08-18 15:00:00,7.344,85.7,5.16,833.8,29.74,Increasing,NORMAL,None
2025-08-18 16:00:00,7.233,82.12,4.76,834.3,28.82,Decreasing,NORMAL,None
2025-08-18 17:00:00,7.451,83.91,2.49,845.76,28.03,Increasing,NORMAL,None
2025-08-18 18:00:00,7.516,30.0,2.21,815.22,27.52,Decreasing,NORMAL,None
2025-08-18 19:00:00,7.544,30.0,2.84,794.96,27.06,Decreasing,NORMAL,None
2025-08-18 20:00:00,7.333,49.67,4.95,772.57,27.46,Decreasing,NORMAL,None
2025-08-18 21:00:00,7.431,84.52,5.32,787.72,26.71,Stable,NORMAL,None
2025-08-18 22:00:00,7.348,91.27,5.47,820.13,25.97,Increasing,NORMAL,None
2025-08-18 23:00:00,7.171,53.42,7.06,818.33,26.56,Decreasing,NORMAL,None
2025-08-19 00:00:00,7.375,57.38,6.3,803.71,25.99,Increasing,NORMAL,None
2025-08-19 01:00:00,7.479,49.33,3.01,796.91,25.96,Increasing,NORMAL,None
2025-08-19 02:00:00,7.396,44.96,3.66,759.48,27.21,Decreasing,NORMAL,None
2025-08-19 03:00:00,7.346,30.0,4.55,755.64,26.79,Decreasing,NORMAL,None
2025-08-19 04:00:00,7.383,114.72,17.21,753.31,26.76,Increasing,NORMAL,None
2025-08-19 05:00:00,7.241,98.21,16.0,765.86,27.14,Increasing,NORMAL,None
2025-08-19 06:00:00,7.474,100.49,15.23,761.62,28.23,Increasing,NORMAL,None
2025-08-19 07:00:00,7.321,125.12,14.29,762.2,28.11,Increasing,NORMAL,None
2025-08-19 08:00:00,7.484,74.9,12.1,789.46,28.82,Increasing,NORMAL,None
2025-08-19 09:00:00,7.192,76.81,10.62,792.83,28.99,Increasing,NORMAL,None
2025-08-19 10:00:00,7.489,38.1,9.65,791.58,29.18,Decreasing,NORMAL,None
2025-08-19 11:00:00,7.365,73.3,8.62,807.18,30.02,Decreasing,NORMAL,None
2025-08-19 12:00:00,7.444,30.91,6.13,789.71,29.94,Decreasing,NORMAL,None
2025-08-19 13:00:00,7.393,91.05,6.05,808.4,29.43,Decreasing,NORMAL,None
2025-08-19 14:00:00,7.418,44.79,5.1,791.52,29.37,Decreasing,NORMAL,None
2025-08-19 15:00:00,7.395,76.53,6.39,807.24,28.96,Stable,NORMAL,None
2025-08-19 16:00:00,7.255,89.23,8.31,820.92,28.43,Increasing,NORMAL,None
2025-08-19 17:00:00,7.394,43.29,5.14,811.18,28.62,Decreasing,NORMAL,None
2025-08-19 18:00:00,7.247,54.66,6.87,801.82,27.65,Increasing,NORMAL,None
2025-08-19 19:00:00,7.295,67.34,5.68,798.92,27.47,Decreasing,NORMAL,None
2025-08-19 20:00:00,7.369,30.0,4.63,783.41,26.57,Decreasing,NORMAL,None
2025-08-19 21:00:00,7.139,95.18,10.47,788.4,26.42,Increasing,NORMAL,None
2025-08-19 22:00:00,7.262,66.55,9.65,779.26,26.42,Decreasing,NORMAL,None
2025-08-19 23:00:00,7.39,70.95,10.12,774.79,26.58,Increasing,NORMAL,None
2025-08-20 00:00:00,7.359,170.78,17.42,813.78,26.26,Increasing,NORMAL,None
2025-08-20 01:00:00,7.424,105.78,15.21,815.43,25.77,Increasing,NORMAL,None
2025-08-20 02:00:00,7.294,109.38,12.79,811.04,26.31,Increasing,NORMAL,None
2025-08-20 03:00:00,7.313,44.15,9.95,809.26,26.72,Decreasing,NORMAL,None
2025-08-20 04:00:00,7.282,66.22,8.22,800.7,26.98,Stable,NORMAL,None
2025-08-20 05:00:00,7.459,89.01,8.08,820.45,27.05,Increasing,NORMAL,None
2025-08-20 06:00:00,7.326,62.93,5.71,823.53,28.04,Decreasing,NORMAL,None
2025-08-20 07:00:00,7.339,67.71,4.5,836.87,28.25,Decreasing,NORMAL,None
2025-08-20 08:00:00,7.281,53.83,4.05,859.42,29.15,Decreasing,NORMAL,None
2025-08-20 09:00:00,7.356,83.42,2.73,841.17,29.37,Increasing,NORMAL,None
2025-08-20 10:00:00,7.323,30.0,4.62,870.49,29.73,Decreasing,NORMAL,None
2025-08-20 11:00:00,7.595,60.65,4.4,855.29,29.42,Decreasing,NORMAL,None
2025-08-20 12:00:00,7.259,64.77,4.47,848.23,29.38,Stable,NORMAL,None
2025-08-20 13:00:00,7.522,63.44,3.68,838.95,29.98,Decreasing,NORMAL,None
2025-08-20 14:00:00,7.301,65.42,2.62,871.03,29.09,Increasing,NORMAL,None
2025-08-20 15:00:00,7.363,70.72,5.17,885.16,29.33,Decreasing,NORMAL,None
2025-08-20 16:00:00,7.371,64.83,5.26,881.1,28.92,Increasing,NORMAL,None
2025-08-20 17:00:00,7.394,30.0,3.42,864.85,28.81,Decreasing,NORMAL,None
2025-08-20 18:00:00,7.321,55.99,2.99,871.64,27.95,Decreasing,NORMAL,None
2025-08-20 19:00:00,7.414,30.0,3.23,881.59,27.56,Decreasing,NORMAL,None
2025-08-20 20:00:00,7.398,46.75,4.4,873.03,26.56,Decreasing,NORMAL,None
2025-08-20 21:00:00,7.264,61.47,5.32,868.52,26.59,Decreasing,NORMAL,None
2025-08-20 22:00:00,7.446,30.0,5.99,835.48,26.21,Decreasing,NORMAL,None
2025-08-20 23:00:00,7.105,94.41,5.99,845.84,25.84,Increasing,NORMAL,None
2025-08-21 00:00:00,7.43,30.0,5.93,841.93,25.75,Decreasing,NORMAL,None
2025-08-21 01:00:00,7.283,37.89,5.41,825.71,26.99,Increasing,NORMAL,None
2025-08-21 02:00:00,7.291,73.26,6.69,822.85,26.79,Increasing,NORMAL,None
2025-08-21 03:00:00,7.279,74.35,6.52,791.63,27.12,Increasing,NORMAL,None
2025-08-21 04:00:00,7.311,79.84,7.3,794.85,27.28,Increasing,NORMAL,None
2025-08-21 05:00:00,7.413,75.45,10.99,780.07,26.78,Decreasing,NORMAL,None
2025-08-21 06:00:00,7.316,41.49,8.5,764.97,27.88,Increasing,NORMAL,None
2025-08-21 07:00:00,7.192,75.86,8.69,791.36,27.86,Increasing,NORMAL,None
2025-08-21 08:00:00,7.506,54.88,7.26,783.03,28.98,Decreasing,NORMAL,None
2025-08-21 09:00:00,7.439,38.15,5.36,778.69,29.21,Decreasing,NORMAL,None
2025-08-21 10:00:00,7.541,57.77,4.22,764.33,29.37,Decreasing,NORMAL,None
2025-08-21 11:00:00,7.411,63.03,4.15,757.18,29.39,Decreasing,NORMAL,None
2025-08-21 12:00:00,7.26,80.68,5.33,749.33,29.88,Increasing,NORMAL,None
2025-08-21 13:00:00,7.499,30.0,5.24,738.25,29.8,Decreasing,NORMAL,None
2025-08-21 14:00:00,7.167,62.16,5.95,728.35,29.21,Increasing,NORMAL,None
2025-08-21 15:00:00,7.47,54.61,5.28,742.06,29.13,Increasing,NORMAL,None
2025-08-21 16:00:00,7.293,67.63,4.51,746.7,28.56,Increasing,NORMAL,None
2025-08-21 17:00:00,7.374,49.31,4.92,762.28,28.54,Decreasing,NORMAL,None
2025-08-21 18:00:00,7.276,30.0,4.46,773.5,28.03,Decreasing,NORMAL,None
2025-08-21 19:00:00,7.456,30.0,3.71,757.22,27.84,Stable,NORMAL,None
2025-08-21 20:00:00,7.309,36.9,3.45,766.49,27.0,Decreasing,NORMAL,None
2025-08-21 21:00:00,7.379,30.0,1.46,736.66,26.39,Decreasing,NORMAL,None
2025-08-21 22:00:00,7.495,30.0,1.0,723.22,26.05,Decreasing,NORMAL,None
2025-08-21 23:00:00,7.47,40.57,1.0,725.2,26.42,Decreasing,NORMAL,None
2025-08-22 00:00:00,7.363,43.88,1.14,723.68,25.98,Increasing,NORMAL,None
2025-08-22 01:00:00,7.334,36.89,1.03,726.51,26.47,Increasing,NORMAL,None
2025-08-22 02:00:00,7.469,48.98,2.37,712.82,26.44,Increasing,NORMAL,None
2025-08-22 03:00:00,7.287,49.08,3.32,690.62,26.67,Increasing,NORMAL,None
2025-08-22 04:00:00,7.439,41.37,2.45,668.46,26.99,Increasing,NORMAL,None
2025-08-22 05:00:00,7.366,30.0,3.33,662.53,27.22,Decreasing,NORMAL,None
2025-08-22 06:00:00,7.342,53.11,1.0,645.54,28.26,Increasing,NORMAL,None
2025-08-22 07:00:00,7.33,46.74,1.69,637.83,28.33,Increasing,NORMAL,None
2025-08-22 08:00:00,7.18,30.0,2.48,647.21,28.82,Decreasing,NORMAL,None
2025-08-22 09:00:00,7.324,42.73,3.77,651.08,29.45,Decreasing,NORMAL,None
2025-08-22 10:00:00,7.473,48.96,5.58,652.64,29.51,Increasing,NORMAL,None
2025-08-22 11:00:00,7.172,40.6,4.25,657.29,29.4,Increasing,NORMAL,None
2025-08-22 12:00:00,7.302,47.93,2.63,658.38,30.33,Decreasing,NORMAL,None
2025-08-22 13:00:00,7.487,66.8,1.8,657.03,29.62,Increasing,NORMAL,None
2025-08-22 14:00:00,7.359,63.77,6.01,668.85,29.38,Increasing,NORMAL,None
2025-08-22 15:00:00,7.237,30.0,4.91,673.17,29.48,Decreasing,NORMAL,None
2025-08-22 16:00:00,7.306,42.61,5.56,675.04,28.9,Decreasing,NORMAL,None
2025-08-22 17:00:00,7.149,67.1,6.38,695.71,27.86,Increasing,NORMAL,None
2025-08-22 18:00:00,7.139,60.45,5.59,687.23,28.38,Increasing,NORMAL,None
2025-08-22 19:00:00,7.451,42.67,5.21,659.71,26.77,Decreasing,NORMAL,None
2025-08-22 20:00:00,7.435,47.57,4.16,665.6,27.07,Decreasing,NORMAL,None
2025-08-22 21:00:00,7.218,47.65,5.0,660.29,26.74,Increasing,NORMAL,None
2025-08-22 22:00:00,7.297,30.0,5.56,685.3,26.34,Decreasing,NORMAL,None
2025-08-22 23:00:00,7.251,32.9,5.22,673.17,26.18,Decreasing,NORMAL,None
2025-08-23 00:00:00,7.52,33.46,5.67,665.1,26.47,Decreasing,NORMAL,None
2025-08-23 01:00:00,7.322,61.87,5.3,693.85,26.41,Increasing,NORMAL,None
2025-08-23 02:00:00,7.553,76.97,5.82,706.53,26.78,Increasing,NORMAL,None
2025-08-23 03:00:00,7.2,71.6,5.56,707.76,26.32,Increasing,NORMAL,None
2025-08-23 04:00:00,7.388,67.6,7.07,718.75,27.43,Increasing,NORMAL,None
2025-08-23 05:00:00,7.313,112.38,5.74,758.09,27.4,Increasing,NORMAL,None
2025-08-23 06:00:00,7.239,54.65,5.97,744.34,27.57,Increasing,NORMAL,None
2025-08-23 07:00:00,7.496,30.0,4.69,715.18,28.12,Decreasing,NORMAL,None
2025-08-23 08:00:00,7.486,30.0,5.68,724.63,29.06,Decreasing,NORMAL,None
2025-08-23 09:00:00,7.369,94.26,4.76,703.51,29.29,Increasing,NORMAL,None
2025-08-23 10:00:00,7.473,54.21,5.06,682.99,29.51,Decreasing,NORMAL,None
2025-08-23 11:00:00,7.489,50.47,4.71,696.82,29.63,Decreasing,NORMAL,None
2025-08-23 12:00:00,7.334,51.08,5.05,689.13,29.54,Decreasing,NORMAL,None
2025-08-23 13:00:00,7.338,79.99,6.06,678.96,29.57,Increasing,NORMAL,None
2025-08-23 14:00:00,7.371,82.1,7.93,699.36,29.06,Increasing,NORMAL,None
2025-08-23 15:00:00,7.697,72.59,8.79,720.17,29.36,Decreasing,NORMAL,None
2025-08-23 16:00:00,7.326,43.28,7.28,734.0,28.35,Decreasing,NORMAL,None
2025-08-23 17:00:00,7.268,81.5,6.81,715.12,27.87,Increasing,NORMAL,None
2025-08-23 18:00:00,7.469,30.0,4.63,700.44,27.69,Decreasing,NORMAL,None
2025-08-23 19:00:00,7.331,54.41,7.56,711.11,27.68,Decreasing,NORMAL,None
2025-08-23 20:00:00,7.342,80.14,5.76,706.23,27.52,Stable,NORMAL,None
2025-08-23 21:00:00,7.322,96.98,5.29,728.48,26.73,Increasing,NORMAL,None
2025-08-23 22:00:00,7.235,90.77,5.44,744.51,26.05,Increasing,NORMAL,None
2025-08-23 23:00:00,7.343,79.26,4.85,739.2,26.07,Stable,NORMAL,None
2025-08-24 00:00:00,7.429,90.66,6.68,737.29,26.36,Increasing,NORMAL,None
2025-08-24 01:00:00,7.225,32.57,6.39,741.3,25.83,Decreasing,NORMAL,None
2025-08-24 02:00:00,7.287,30.0,6.37,712.11,26.44,Decreasing,NORMAL,None
2025-08-24 03:00:00,7.299,110.54,27.07,714.08,26.56,Increasing,NORMAL,None
2025-08-24 04:00:00,7.375,119.32,24.03,728.91,26.92,Increasing,NORMAL,None
2025-08-24 05:00:00,7.181,133.98,30.24,739.17,27.47,Increasing,NORMAL,None
2025-08-24 06:00:00,7.285,143.01,26.16,747.55,27.98,Increasing,NORMAL,None
2025-08-24 07:00:00,7.075,192.72,25.73,775.1,28.69,Increasing,NORMAL,None
2025-08-24 08:00:00,7.234,133.33,24.56,782.69,29.23,Increasing,NORMAL,None
2025-08-24 09:00:00,7.249,167.28,22.63,812.23,29.2,Increasing,NORMAL,None
2025-08-24 10:00:00,7.383,100.72,20.65,837.56,29.57,Decreasing,NORMAL,None
2025-08-24 11:00:00,7.293,112.43,17.48,853.62,29.38,Decreasing,NORMAL,None
2025-08-24 12:00:00,7.298,137.96,26.12,840.16,29.43,Decreasing,NORMAL,None
2025-08-24 13:00:00,7.248,112.95,24.62,839.59,29.11,Decreasing,NORMAL,None
2025-08-24 14:00:00,7.422,146.52,24.26,857.8,29.44,Increasing,NORMAL,None
2025-08-24 15:00:00,7.441,136.76,25.53,861.5,29.18,Decreasing,NORMAL,None
2025-08-24 16:00:00,7.34,121.75,22.94,862.27,28.97,Increasing,NORMAL,None
2025-08-24 17:00:00,7.181,115.57,19.26,859.13,28.24,Stable,NORMAL,None
2025-08-24 18:00:00,7.484,111.0,17.08,871.61,27.51,Decreasing,NORMAL,None
2025-08-24 19:00:00,7.25,94.93,15.81,865.81,27.31,Decreasing,NORMAL,None
2025-08-24 20:00:00,7.277,90.12,14.91,856.24,27.23,Decreasing,NORMAL,None
2025-08-24 21:00:00,7.454,30.0,10.37,839.46,26.41,Decreasing,NORMAL,None
2025-08-24 22:00:00,7.356,61.08,7.6,825.11,26.04,Decreasing,NORMAL,None
2025-08-24 23:00:00,7.36,71.52,10.97,807.08,26.24,Decreasing,NORMAL,None
2025-08-25 00:00:00,7.183,79.38,11.1,811.11,25.82,Decreasing,NORMAL,None
2025-08-25 01:00:00,7.368,114.78,11.62,813.16,26.2,Increasing,NORMAL,None
2025-08-25 02:00:00,7.29,89.21,10.98,794.29,26.25,Stable,NORMAL,None
2025-08-25 03:00:00,7.289,92.37,9.23,785.68,26.72,Increasing,NORMAL,None
2025-08-25 04:00:00,7.416,55.62,8.83,787.84,27.19,Decreasing,NORMAL,None
2025-08-25 05:00:00,7.188,61.73,6.86,777.58,27.07,Decreasing,NORMAL,None
2025-08-25 06:00:00,7.25,42.69,5.23,768.36,27.51,Decreasing,NORMAL,None
2025-08-25 07:00:00,7.378,30.0,5.6,777.33,28.37,Decreasing,NORMAL,None
2025-08-25 08:00:00,7.219,30.0,4.73,776.81,28.86,Decreasing,NORMAL,None
2025-08-25 09:00:00,7.545,51.11,7.33,793.79,28.95,Decreasing,NORMAL,None
2025-08-25 10:00:00,7.329,58.48,5.23,787.68,29.22,Increasing,NORMAL,None
2025-08-25 11:00:00,7.2,86.8,5.32,781.5,29.21,Increasing,NORMAL,None
2025-08-25 12:00:00,7.514,30.0,3.77,783.24,29.48,Decreasing,NORMAL,None
2025-08-25 13:00:00,7.237,62.79,5.17,771.19,29.7,Increasing,NORMAL,None
2025-08-25 14:00:00,7.084,64.6,6.23,777.0,29.33,Increasing,NORMAL,None
2025-08-25 15:00:00,7.512,56.42,14.35,795.48,29.16,Increasing,NORMAL,None
2025-08-25 16:00:00,7.265,104.72,11.13,791.18,28.67,Increasing,NORMAL,None
2025-08-25 17:00:00,7.141,127.76,11.17,786.17,28.26,Increasing,NORMAL,None
2025-08-25 18:00:00,7.429,66.47,9.86,796.96,28.03,Increasing,NORMAL,None
2025-08-25 19:00:00,7.349,94.04,8.38,782.03,27.23,Increasing,NORMAL,None
2025-08-25 20:00:00,7.521,34.17,8.71,801.34,26.73,Decreasing,NORMAL,None
2025-08-25 21:00:00,7.252,78.64,7.19,813.6,26.6,Increasing,NORMAL,None
2025-08-25 22:00:00,7.218,34.7,7.68,795.69,26.53,Decreasing,NORMAL,None
2025-08-25 23:00:00,7.391,89.65,8.12,786.39,26.22,Decreasing,NORMAL,None
2025-08-26 00:00:00,7.237,111.53,8.93,777.07,26.01,Increasing,NORMAL,None
2025-08-26 01:00:00,7.443,35.98,7.15,772.14,25.81,Decreasing,NORMAL,None
2025-08-26 02:00:00,7.508,30.91,6.2,772.71,26.21,Decreasing,NORMAL,None
2025-08-26 03:00:00,7.381,98.35,5.03,799.56,26.53,Increasing,NORMAL,None
2025-08-26 04:00:00,7.203,88.75,4.59,817.42,26.47,Increasing,NORMAL,None
2025-08-26 05:00:00,7.417,108.34,5.09,834.72,27.12,Increasing,NORMAL,None
2025-08-26 06:00:00,7.457,63.38,4.53,836.27,28.14,Decreasing,NORMAL,None
2025-08-26 07:00:00,7.371,93.71,6.11,820.19,28.61,Increasing,NORMAL,None
2025-08-26 08:00:00,7.313,45.81,6.92,832.28,28.29,Increasing,NORMAL,None
2025-08-26 09:00:00,7.278,82.85,6.22,815.17,29.22,Decreasing,NORMAL,None
2025-08-26 10:00:00,7.506,87.65,5.75,796.02,30.01,Stable,NORMAL,None
2025-08-26 11:00:00,7.296,98.56,6.76,783.62,29.52,Decreasing,NORMAL,None
2025-08-26 12:00:00,7.261,53.56,4.62,784.38,29.72,Decreasing,NORMAL,None
2025-08-26 13:00:00,7.452,54.33,2.73,814.58,29.51,Decreasing,NORMAL,None
2025-08-26 14:00:00,7.316,75.64,2.64,782.86,29.0,Increasing,NORMAL,None
2025-08-26 15:00:00,7.387,79.57,3.09,784.29,29.25,Decreasing,NORMAL,None
2025-08-26 16:00:00,7.387,30.0,1.45,767.31,28.77,Decreasing,NORMAL,None
2025-08-26 17:00:00,7.46,31.5,1.0,740.01,27.65,Decreasing,NORMAL,None
2025-08-26 18:00:00,7.295,59.32,1.36,744.72,27.44,Increasing,NORMAL,None
2025-08-26 19:00:00,7.534,32.96,1.06,747.01,27.33,Decreasing,NORMAL,None
2025-08-26 20:00:00,7.47,40.93,1.0,731.71,27.25,Decreasing,NORMAL,None
2025-08-26 21:00:00,7.146,30.0,2.16,739.05,26.48,Decreasing,NORMAL,None
2025-08-26 22:00:00,7.459,48.36,2.6,740.29,25.81,Increasing,NORMAL,None
2025-08-26 23:00:00,7.364,65.33,2.14,755.54,26.09,Increasing,NORMAL,None
2025-08-27 00:00:00,7.42,63.91,2.99,736.01,25.45,Increasing,NORMAL,None
2025-08-27 01:00:00,7.324,42.71,2.02,747.23,25.64,Increasing,NORMAL,None
2025-08-27 02:00:00,7.489,47.54,4.54,762.92,26.58,Increasing,NORMAL,None
2025-08-27 03:00:00,7.252,44.74,2.28,735.8,26.52,Increasing,NORMAL,None
2025-08-27 04:00:00,7.452,80.45,3.18,745.75,26.99,Increasing,NORMAL,None
2025-08-27 05:00:00,7.412,30.0,2.64,723.32,26.96,Decreasing,NORMAL,None
2025-08-27 06:00:00,7.424,30.0,3.26,735.77,28.01,Decreasing,NORMAL,None
2025-08-27 07:00:00,7.492,44.51,5.59,738.36,28.54,Increasing,NORMAL,None
2025-08-27 08:00:00,7.287,80.03,8.33,725.14,28.19,Increasing,NORMAL,None
2025-08-27 09:00:00,7.434,35.89,7.3,691.59,29.24,Decreasing,NORMAL,None
2025-08-27 10:00:00,7.288,80.22,6.95,702.89,28.98,Stable,NORMAL,None
2025-08-27 11:00:00,7.306,33.53,6.36,714.66,29.53,Increasing,NORMAL,None
2025-08-27 12:00:00,7.286,30.87,4.51,719.41,29.79,Stable,NORMAL,None
2025-08-27 13:00:00,7.249,95.95,17.64,735.26,29.49,Increasing,NORMAL,None
2025-08-27 14:00:00,7.276,104.29,13.49,736.44,29.43,Increasing,NORMAL,None
2025-08-27 15:00:00,7.344,101.53,12.61,727.66,28.82,Increasing,NORMAL,None
2025-08-27 16:00:00,7.127,74.17,13.32,734.5,28.52,Decreasing,NORMAL,None
2025-08-27 17:00:00,7.211,156.82,11.31,746.93,27.71,Increasing,NORMAL,None
2025-08-27 18:00:00,7.347,99.14,10.86,744.13,27.66,Increasing,NORMAL,None
2025-08-27 19:00:00,7.302,92.16,9.82,743.34,27.05,Decreasing,NORMAL,None
2025-08-27 20:00:00,7.218,95.17,8.74,743.92,26.42,Decreasing,NORMAL,None
2025-08-27 21:00:00,7.388,47.03,8.0,745.5,26.34,Decreasing,NORMAL,None
2025-08-27 22:00:00,7.305,66.03,8.89,749.92,26.62,Decreasing,NORMAL,None
2025-08-27 23:00:00,7.188,91.71,10.44,745.11,26.52,Decreasing,NORMAL,None
2025-08-28 00:00:00,7.402,58.23,8.22,740.43,26.17,Decreasing,NORMAL,None
2025-08-28 01:00:00,7.434,76.32,8.59,743.24,25.92,Decreasing,NORMAL,None
2025-08-28 02:00:00,7.407,86.62,9.35,746.45,26.27,Decreasing,NORMAL,None
2025-08-28 03:00:00,7.492,79.11,8.37,745.21,26.78,Increasing,NORMAL,None
2025-08-28 04:00:00,7.516,57.78,11.75,752.28,26.84,Decreasing,NORMAL,None
2025-08-28 05:00:00,7.241,41.77,7.47,759.11,27.71,Decreasing,NORMAL,None
2025-08-28 06:00:00,7.295,36.58,8.81,758.21,27.84,Decreasing,NORMAL,None
2025-08-28 07:00:00,7.288,108.74,8.32,736.83,28.04,Increasing,NORMAL,None
2025-08-28 08:00:00,7.429,69.85,7.23,743.11,28.76,Decreasing,NORMAL,None
2025-08-28 09:00:00,7.276,89.34,6.53,759.0,29.56,Increasing,NORMAL,None
2025-08-28 10:00:00,7.347,57.94,7.25,763.72,29.45,Stable,NORMAL,None
2025-08-28 11:00:00,7.389,67.68,6.53,765.77,29.51,Increasing,NORMAL,None
2025-08-28 12:00:00,7.458,60.97,4.72,762.36,29.41,Increasing,NORMAL,None
2025-08-28 13:00:00,7.311,78.99,2.73,772.3,29.38,Decreasing,NORMAL,None
2025-08-28 14:00:00,7.388,54.67,1.9,727.89,29.43,Decreasing,NORMAL,None
2025-08-28 15:00:00,7.433,48.42,1.7,732.73,28.76,Decreasing,NORMAL,None
2025-08-28 16:00:00,7.347,35.86,3.65,731.18,28.65,Decreasing,NORMAL,None
2025-08-28 17:00:00,7.638,47.51,5.23,753.6,28.38,Decreasing,NORMAL,None
2025-08-28 18:00:00,7.275,64.8,4.72,759.44,26.98,Increasing,NORMAL,None
2025-08-28 19:00:00,7.21,75.8,5.18,744.5,27.0,Decreasing,NORMAL,None
2025-08-28 20:00:00,7.503,46.56,4.37,747.03,27.25,Decreasing,NORMAL,None
2025-08-28 21:00:00,7.269,74.98,3.84,749.67,26.62,Increasing,NORMAL,None
2025-08-28 22:00:00,7.464,30.17,3.34,738.07,25.67,Decreasing,NORMAL,None
2025-08-28 23:00:00,7.265,72.41,3.73,712.67,26.11,Increasing,NORMAL,None
2025-08-29 00:00:00,7.354,77.18,4.27,709.54,25.9,Increasing,NORMAL,None
2025-08-29 01:00:00,7.376,84.02,4.86,727.28,26.28,Increasing,NORMAL,None
2025-08-29 02:00:00,7.383,30.0,4.24,738.91,26.39,Decreasing,NORMAL,None
2025-08-29 03:00:00,7.29,83.28,4.59,748.42,26.65,Increasing,NORMAL,None
2025-08-29 04:00:00,7.304,50.43,4.35,745.02,26.62,Increasing,NORMAL,None
2025-08-29 05:00:00,7.315,66.82,4.66,762.25,27.6,Decreasing,NORMAL,None
2025-08-29 06:00:00,7.344,72.63,5.6,742.92,27.99,Decreasing,NORMAL,None
2025-08-29 07:00:00,7.43,65.01,7.19,758.04,28.01,Decreasing,NORMAL,None
2025-08-29 08:00:00,7.432,74.76,6.89,760.1,28.44,Increasing,NORMAL,None
2025-08-29 09:00:00,7.404,61.74,7.16,745.81,28.97,Decreasing,NORMAL,None
2025-08-29 10:00:00,7.494,58.05,10.93,760.26,29.57,Increasing,NORMAL,None
2025-08-29 11:00:00,7.368,81.05,8.6,753.31,29.19,Increasing,NORMAL,None
2025-08-29 12:00:00,7.374,90.86,8.12,762.49,29.5,Increasing,NORMAL,None
2025-08-29 13:00:00,7.235,77.48,8.02,786.76,29.43,Increasing,NORMAL,None
2025-08-29 14:00:00,7.34,68.13,8.64,795.42,29.19,Decreasing,NORMAL,None
2025-08-29 15:00:00,7.324,106.77,8.14,802.54,29.01,Increasing,NORMAL,None
2025-08-29 16:00:00,7.171,51.76,8.18,795.68,28.83,Decreasing,NORMAL,None
2025-08-29 17:00:00,7.589,59.31,7.01,786.38,28.13,Decreasing,NORMAL,None
2025-08-29 18:00:00,7.457,105.88,31.37,813.15,27.31,Increasing,NORMAL,None
2025-08-29 19:00:00,7.157,154.66,26.97,826.64,27.67,Increasing,NORMAL,None
2025-08-29 20:00:00,7.316,136.61,23.96,824.18,27.18,Increasing,NORMAL,None
2025-08-29 21:00:00,7.362,107.51,22.12,831.78,26.66,Stable,NORMAL,None
2025-08-29 22:00:00,7.388,87.0,19.5,833.92,26.12,Increasing,NORMAL,None
2025-08-29 23:00:00,7.114,127.63,18.3,824.98,25.92,Increasing,NORMAL,None
2025-08-30 00:00:00,7.157,116.68,14.73,817.51,26.27,Increasing,NORMAL,None
2025-08-30 01:00:00,7.343,68.98,12.95,815.4,26.87,Decreasing,NORMAL,None
2025-08-30 02:00:00,7.277,73.07,12.36,808.47,26.32,Decreasing,NORMAL,None
2025-08-30 03:00:00,7.415,39.15,8.1,808.33,26.37,Decreasing,NORMAL,None
2025-08-30 04:00:00,7.498,71.04,5.59,819.35,26.52,Decreasing,NORMAL,None
2025-08-30 05:00:00,7.208,55.8,5.81,815.63,26.99,Decreasing,NORMAL,None
2025-08-30 06:00:00,7.434,82.87,3.25,828.34,28.03,Decreasing,NORMAL,None
2025-08-30 07:00:00,7.292,53.57,2.56,825.43,27.87,Decreasing,NORMAL,None
2025-08-30 08:00:00,7.262,43.98,3.7,808.08,28.98,Decreasing,NORMAL,None
2025-08-30 09:00:00,7.405,80.71,3.19,824.28,28.65,Increasing,NORMAL,None
2025-08-30 10:00:00,7.321,74.44,4.03,832.28,29.7,Increasing,NORMAL,None
2025-08-30 11:00:00,7.23,41.25,4.07,826.43,29.71,Decreasing,NORMAL,None
2025-08-30 12:00:00,7.568,107.37,4.57,826.66,28.91,Increasing,NORMAL,None
2025-08-30 13:00:00,7.415,56.87,2.0,825.2,29.75,Increasing,NORMAL,None
2025-08-30 14:00:00,7.21,105.61,2.94,823.66,28.95,Increasing,NORMAL,None
2025-08-30 15:00:00,7.371,41.26,1.39,833.49,28.86,Decreasing,NORMAL,None
2025-08-30 16:00:00,7.391,43.97,1.18,830.06,29.14,Decreasing,NORMAL,None
2025-08-30 17:00:00,7.391,30.0,4.18,810.49,27.57,Decreasing,NORMAL,None
2025-08-30 18:00:00,7.294,33.94,3.47,810.01,27.76,Decreasing,NORMAL,None
2025-08-30 19:00:00,7.347,31.7,2.45,808.44,27.34,Decreasing,NORMAL,None
2025-08-30 20:00:00,7.474,44.6,1.0,806.1,26.58,Decreasing,NORMAL,None
2025-08-30 21:00:00,7.175,40.89,1.0,804.92,26.59,Stable,NORMAL,None
2025-08-30 22:00:00,7.47,47.25,1.0,800.32,26.25,Increasing,NORMAL,None
2025-08-30 23:00:00,7.318,49.44,1.49,796.05,26.41,Increasing,NORMAL,None
2025-08-31 00:00:00,7.434,31.49,1.45,801.21,25.8,Decreasing,NORMAL,None
2025-08-31 01:00:00,7.279,48.92,2.06,787.23,25.73,Increasing,NORMAL,None
2025-08-31 02:00:00,7.502,30.0,2.01,763.58,25.79,Decreasing,NORMAL,None
2025-08-31 03:00:00,7.478,30.0,3.18,756.64,26.33,Decreasing,NORMAL,None
2025-08-31 04:00:00,7.431,61.48,1.96,789.8,27.0,Increasing,NORMAL,None
2025-08-31 05:00:00,7.309,68.77,3.2,798.4,27.63,Increasing,NORMAL,None
2025-08-31 06:00:00,7.431,39.46,3.23,781.87,27.35,Increasing,NORMAL,None
2025-08-31 07:00:00,7.577,30.0,2.46,789.09,28.96,Decreasing,NORMAL,None
2025-08-31 08:00:00,7.401,30.0,3.77,788.88,29.43,Stable,NORMAL,None
2025-08-31 09:00:00,7.529,47.56,3.64,784.1,29.13,Increasing,NORMAL,None
2025-08-31 10:00:00,7.227,52.58,3.85,790.93,28.84,Decreasing,NORMAL,None
2025-08-31 11:00:00,7.294,30.0,2.31,786.74,29.69,Decreasing,NORMAL,None
2025-08-31 12:00:00,7.376,30.0,2.96,783.94,29.45,Decreasing,NORMAL,None
2025-08-31 13:00:00,7.406,42.18,3.98,771.52,29.54,Increasing,NORMAL,None
2025-08-31 14:00:00,7.225,74.22,13.24,791.05,29.1,Increasing,NORMAL,None
2025-08-31 15:00:00,7.33,126.82,14.22,793.87,28.92,Increasing,NORMAL,None
2025-08-31 16:00:00,7.36,98.76,14.16,819.3,29.17,Increasing,NORMAL,None
2025-08-31 17:00:00,7.239,70.42,11.12,820.46,28.09,Increasing,NORMAL,None
2025-08-31 18:00:00,7.315,64.13,10.34,834.39,27.76,Increasing,NORMAL,None
2025-08-31 19:00:00,7.365,96.43,9.88,862.09,26.85,Increasing,NORMAL,None
2025-08-31 20:00:00,7.456,94.18,9.43,860.07,26.98,Increasing,NORMAL,None
2025-08-31 21:00:00,7.334,56.03,8.67,845.59,25.74,Decreasing,NORMAL,None
2025-08-31 22:00:00,7.362,49.68,8.27,824.76,25.94,Decreasing,NORMAL,None
2025-08-31 23:00:00,7.382,80.93,8.73,807.1,26.03,Increasing,NORMAL,None
2025-09-01 00:00:00,7.283,53.9,8.95,801.2,25.23,Decreasing,NORMAL,None
2025-09-01 01:00:00,7.542,30.0,7.16,793.05,25.65,Decreasing,NORMAL,None
2025-09-01 02:00:00,7.185,68.28,5.71,785.27,25.63,Decreasing,NORMAL,None
2025-09-01 03:00:00,7.402,30.0,5.83,780.0,26.04,Decreasing,NORMAL,None
2025-09-01 04:00:00,7.238,72.21,3.98,802.18,27.28,Increasing,NORMAL,None
2025-09-01 05:00:00,7.208,76.02,3.2,808.35,27.24,Decreasing,NORMAL,None
2025-09-01 06:00:00,7.314,93.1,2.68,793.81,28.19,Increasing,NORMAL,None
2025-09-01 07:00:00,7.292,36.7,1.55,792.19,28.36,Increasing,NORMAL,None
2025-09-01 08:00:00,7.424,30.0,3.42,769.91,29.08,Decreasing,NORMAL,None
2025-09-01 09:00:00,7.157,30.0,3.57,763.84,29.04,Stable,NORMAL,None
2025-09-01 10:00:00,7.365,30.0,2.62,771.0,29.55,Decreasing,NORMAL,None
2025-09-01 11:00:00,7.414,88.63,1.0,782.49,29.21,Increasing,NORMAL,None
2025-09-01 12:00:00,7.392,66.31,1.0,775.71,29.55,Decreasing,NORMAL,None
2025-09-01 13:00:00,7.374,64.32,1.0,781.96,29.83,Increasing,NORMAL,None
2025-09-01 14:00:00,7.351,30.0,1.0,791.68,28.9,Stable,NORMAL,None
2025-09-01 15:00:00,7.607,35.42,1.0,786.77,29.37,Increasing,NORMAL,None
2025-09-01 16:00:00,7.412,30.49,1.0,775.51,28.71,Stable,NORMAL,None
2025-09-01 17:00:00,7.415,30.0,1.0,790.97,28.24,Decreasing,NORMAL,None
2025-09-01 18:00:00,7.388,48.77,1.0,787.78,27.37,Decreasing,NORMAL,None
2025-09-01 19:00:00,7.436,30.0,1.31,791.08,26.8,Decreasing,NORMAL,None
2025-09-01 20:00:00,7.36,30.0,2.07,795.43,27.01,Stable,NORMAL,None
2025-09-01 21:00:00,7.255,58.35,1.17,801.28,26.23,Increasing,NORMAL,None
2025-09-01 22:00:00,7.256,61.43,1.46,774.8,26.0,Increasing,NORMAL,None
2025-09-01 23:00:00,7.393,71.3,2.58,769.0,26.0,Increasing,NORMAL,None
2025-09-02 00:00:00,7.422,35.17,3.01,770.03,26.03,Decreasing,NORMAL,None
2025-09-02 01:00:00,7.373,30.0,2.78,759.54,26.07,Stable,NORMAL,None
2025-09-02 02:00:00,7.316,67.65,3.28,745.44,26.02,Increasing,NORMAL,None
2025-09-02 03:00:00,7.228,30.0,2.33,751.46,26.0,Decreasing,NORMAL,None
2025-09-02 04:00:00,7.452,30.0,1.77,764.64,26.69,Decreasing,NORMAL,None
2025-09-02 05:00:00,7.328,30.0,1.19,783.66,26.98,Decreasing,NORMAL,None
2025-09-02 06:00:00,7.5,50.53,1.9,792.88,28.28,Increasing,NORMAL,None
2025-09-02 07:00:00,7.404,30.0,1.0,780.96,28.2,Stable,NORMAL,None
2025-09-02 08:00:00,7.356,71.92,1.0,784.32,28.56,Increasing,NORMAL,None
2025-09-02 09:00:00,7.412,46.41,1.0,764.94,28.98,Increasing,NORMAL,None
2025-09-02 10:00:00,7.333,40.19,1.0,769.01,29.5,Increasing,NORMAL,None
2025-09-02 11:00:00,7.318,30.0,1.0,771.7,29.86,Stable,NORMAL,None
2025-09-02 12:00:00,7.459,58.07,1.0,775.91,29.42,Increasing,NORMAL,None
2025-09-02 13:00:00,7.469,89.38,1.0,768.65,29.71,Increasing,NORMAL,None
2025-09-02 14:00:00,7.249,82.83,1.0,763.41,29.54,Increasing,NORMAL,None
2025-09-02 15:00:00,7.351,30.0,1.35,763.39,29.03,Decreasing,NORMAL,None
2025-09-02 16:00:00,7.248,82.52,1.61,786.44,28.4,Increasing,NORMAL,None
2025-09-02 17:00:00,7.333,30.0,2.29,777.99,28.38,Stable,NORMAL,None
2025-09-02 18:00:00,7.34,43.14,2.49,786.25,27.83,Decreasing,NORMAL,None
2025-09-02 19:00:00,7.393,78.71,3.31,762.05,27.21,Decreasing,NORMAL,None
2025-09-02 20:00:00,7.148,72.96,2.15,760.55,26.78,Decreasing,NORMAL,None
2025-09-02 21:00:00,7.264,66.63,1.25,764.81,26.5,Increasing,NORMAL,None
2025-09-02 22:00:00,7.287,40.22,1.36,772.86,25.86,Decreasing,NORMAL,None
2025-09-02 23:00:00,7.243,73.46,1.0,785.58,26.48,Increasing,NORMAL,None
2025-09-03 00:00:00,7.427,35.32,1.0,753.57,25.86,Decreasing,NORMAL,None
2025-09-03 01:00:00,7.25,30.0,1.0,758.56,26.3,Decreasing,NORMAL,None
2025-09-03 02:00:00,7.338,30.0,1.0,776.87,25.89,Decreasing,NORMAL,None
2025-09-03 03:00:00,7.355,30.0,2.42,790.46,26.38,Decreasing,NORMAL,None
2025-09-03 04:00:00,7.326,30.0,2.28,788.56,26.6,Decreasing,NORMAL,None
2025-09-03 05:00:00,7.189,47.18,4.0,765.76,27.29,Decreasing,NORMAL,None
2025-09-03 06:00:00,7.313,72.8,3.64,766.27,27.37,Increasing,NORMAL,None
2025-09-03 07:00:00,7.266,71.33,5.61,743.41,28.17,Increasing,NORMAL,None
2025-09-03 08:00:00,7.245,131.19,4.93,765.81,28.53,Increasing,NORMAL,None
2025-09-03 09:00:00,7.163,55.96,5.3,778.3,29.18,Increasing,NORMAL,None
2025-09-03 10:00:00,7.159,125.02,10.93,800.68,28.88,Increasing,NORMAL,None
2025-09-03 11:00:00,7.404,30.0,9.93,784.89,29.48,Decreasing,NORMAL,None
2025-09-03 12:00:00,7.128,108.6,8.37,799.68,29.29,Increasing,NORMAL,None
2025-09-03 13:00:00,7.254,33.55,7.54,783.95,29.64,Decreasing,NORMAL,None
2025-09-03 14:00:00,7.538,83.38,6.8,785.62,28.98,Decreasing,NORMAL,None
2025-09-03 15:00:00,7.558,61.14,5.21,773.53,28.76,Increasing,NORMAL,None
2025-09-03 16:00:00,7.353,93.92,6.07,774.68,28.42,Decreasing,NORMAL,None
2025-09-03 17:00:00,7.476,46.63,4.54,763.48,28.44,Increasing,NORMAL,None
2025-09-03 18:00:00,7.443,74.59,4.35,788.0,27.39,Decreasing,NORMAL,None
2025-09-03 19:00:00,7.387,30.0,5.9,790.74,27.12,Decreasing,NORMAL,None
2025-09-03 20:00:00,7.502,81.9,6.23,806.34,26.83,Stable,NORMAL,None
2025-09-03 21:00:00,7.469,92.77,6.16,811.41,26.38,Increasing,NORMAL,None
2025-09-03 22:00:00,7.36,93.67,6.64,803.95,26.54,Stable,NORMAL,None
2025-09-03 23:00:00,7.538,54.3,4.87,786.65,25.75,Increasing,NORMAL,None
2025-09-04 00:00:00,7.368,35.67,3.92,806.71,26.03,Decreasing,NORMAL,None
2025-09-04 01:00:00,7.412,30.0,4.12,791.91,25.53,Stable,NORMAL,None
2025-09-04 02:00:00,7.452,87.54,5.42,770.32,25.66,Increasing,NORMAL,None
2025-09-04 03:00:00,7.232,77.43,5.05,788.75,26.32,Decreasing,NORMAL,None
2025-09-04 04:00:00,7.329,48.36,10.23,783.01,26.4,Decreasing,NORMAL,None
2025-09-04 05:00:00,7.375,83.95,8.43,785.36,26.94,Increasing,NORMAL,None
2025-09-04 06:00:00,7.328,61.38,9.58,792.92,27.71,Increasing,NORMAL,None
2025-09-04 07:00:00,7.296,76.91,12.4,779.31,27.43,Increasing,NORMAL,None
2025-09-04 08:00:00,7.351,88.58,13.59,803.08,28.46,Stable,NORMAL,None
2025-09-04 09:00:00,7.244,90.5,11.85,831.93,28.98,Increasing,NORMAL,None
2025-09-04 10:00:00,7.404,78.31,11.04,822.45,29.05,Increasing,NORMAL,None
2025-09-04 11:00:00,7.41,106.46,11.63,822.01,29.82,Increasing,NORMAL,None
2025-09-04 12:00:00,7.347,35.19,10.78,835.63,29.4,Decreasing,NORMAL,None
2025-09-04 13:00:00,7.113,115.19,11.13,835.52,29.52,Increasing,NORMAL,None
2025-09-04 14:00:00,7.226,53.12,8.52,837.5,28.84,Decreasing,NORMAL,None
2025-09-04 15:00:00,7.261,66.17,15.18,834.68,29.58,Decreasing,NORMAL,None
2025-09-04 16:00:00,7.417,127.61,13.2,844.07,28.26,Increasing,NORMAL,None
2025-09-04 17:00:00,7.354,90.15,11.62,821.58,28.21,Decreasing,NORMAL,None
2025-09-04 18:00:00,7.155,93.88,10.82,819.7,27.25,Increasing,NORMAL,None
2025-09-04 19:00:00,7.256,100.85,9.29,825.92,27.19,Decreasing,NORMAL,None
2025-09-04 20:00:00,7.305,110.89,9.32,829.35,26.21,Increasing,NORMAL,None
2025-09-04 21:00:00,7.3,90.94,7.78,834.75,26.59,Increasing,NORMAL,None
2025-09-04 22:00:00,7.336,40.97,7.19,801.15,26.46,Decreasing,NORMAL,None
2025-09-04 23:00:00,7.417,70.62,8.17,805.94,25.95,Decreasing,NORMAL,None
2025-09-05 00:00:00,7.358,53.15,8.58,798.08,25.77,Decreasing,NORMAL,None
2025-09-05 01:00:00,7.3,79.73,9.93,789.58,25.93,Decreasing,NORMAL,None
2025-09-05 02:00:00,7.336,79.04,7.82,748.31,26.21,Decreasing,NORMAL,None
2025-09-05 03:00:00,7.304,42.11,5.7,714.17,25.98,Decreasing,NORMAL,None
2025-09-05 04:00:00,7.407,48.68,6.02,704.8,26.63,Increasing,NORMAL,None
2025-09-05 05:00:00,7.193,61.01,5.48,713.87,26.97,Decreasing,NORMAL,None
2025-09-05 06:00:00,7.33,72.79,4.72,711.43,27.72,Increasing,NORMAL,None
2025-09-05 07:00:00,7.359,44.48,3.56,757.18,28.07,Decreasing,NORMAL,None
2025-09-05 08:00:00,7.332,148.65,28.39,763.96,28.66,Increasing,NORMAL,None
2025-09-05 09:00:00,7.31,130.35,26.38,798.06,28.65,Increasing,NORMAL,None
2025-09-05 10:00:00,7.235,91.75,24.74,817.8,28.88,Increasing,NORMAL,None
2025-09-05 11:00:00,7.314,140.24,23.45,847.24,30.09,Increasing,NORMAL,None
2025-09-05 12:00:00,7.41,139.82,22.87,858.41,29.62,Increasing,NORMAL,None
2025-09-05 13:00:00,7.129,152.99,20.06,877.6,28.76,Increasing,NORMAL,None
2025-09-05 14:00:00,7.271,92.2,19.69,872.54,29.48,Decreasing,NORMAL,None
2025-09-05 15:00:00,7.388,83.68,16.45,875.18,29.11,Decreasing,NORMAL,None
2025-09-05 16:00:00,7.176,148.85,21.5,874.57,28.67,Increasing,NORMAL,None
2025-09-05 17:00:00,7.453,99.76,18.85,883.93,27.65,Decreasing,NORMAL,None
2025-09-05 18:00:00,7.266,89.15,15.38,868.27,27.58,Decreasing,NORMAL,None
2025-09-05 19:00:00,7.303,99.88,16.03,846.57,26.96,Decreasing,NORMAL,None
2025-09-05 20:00:00,7.385,65.67,16.26,855.73,26.42,Decreasing,NORMAL,None
2025-09-05 21:00:00,7.434,63.52,14.92,846.76,26.25,Decreasing,NORMAL,None
2025-09-05 22:00:00,7.483,91.94,14.08,825.88,26.6,Decreasing,NORMAL,None
2025-09-05 23:00:00,7.278,88.62,13.94,836.2,25.91,Decreasing,NORMAL,None
2025-09-06 00:00:00,7.381,112.8,14.03,837.73,25.6,Increasing,NORMAL,None
2025-09-06 01:00:00,7.252,69.74,13.96,849.07,25.96,Decreasing,NORMAL,None
2025-09-06 02:00:00,7.352,97.9,12.18,847.14,26.18,Increasing,NORMAL,None
2025-09-06 03:00:00,7.402,30.0,11.17,827.99,26.73,Decreasing,NORMAL,None
2025-09-06 04:00:00,7.329,30.0,10.41,808.26,26.01,Decreasing,NORMAL,None
2025-09-06 05:00:00,7.39,103.68,10.09,801.3,27.3,Increasing,NORMAL,None
2025-09-06 06:00:00,7.3,111.73,9.26,813.3,27.32,Stable,NORMAL,None
2025-09-06 07:00:00,7.197,82.78,9.41,791.52,27.52,Increasing,NORMAL,None
2025-09-06 08:00:00,7.345,41.86,9.38,797.23,28.5,Decreasing,NORMAL,None
2025-09-06 09:00:00,7.396,46.09,9.69,797.83,28.74,Increasing,NORMAL,None
2025-09-06 10:00:00,7.461,65.17,9.09,789.46,29.47,Increasing,NORMAL,None
2025-09-06 11:00:00,7.242,102.43,12.46,789.86,29.39,Stable,NORMAL,None
2025-09-06 12:00:00,7.264,92.52,12.82,816.09,29.03,Decreasing,NORMAL,None
2025-09-06 13:00:00,7.469,107.23,11.58,839.6,29.04,Increasing,NORMAL,None
2025-09-06 14:00:00,7.407,83.19,11.03,841.92,29.1,Increasing,NORMAL,None
2025-09-06 15:00:00,7.408,102.34,10.8,840.75,28.8,Increasing,NORMAL,None
2025-09-06 16:00:00,7.402,115.97,11.02,852.78,28.53,Increasing,NORMAL,None
2025-09-06 17:00:00,7.297,66.7,9.8,818.52,28.73,Decreasing,NORMAL,None
2025-09-06 18:00:00,7.405,94.19,8.49,819.18,27.34,Stable,NORMAL,None
2025-09-06 19:00:00,7.347,40.14,8.47,800.74,26.99,Decreasing,NORMAL,None
2025-09-06 20:00:00,7.102,72.73,6.69,796.76,26.97,Decreasing,NORMAL,None
2025-09-06 21:00:00,7.356,35.2,6.93,784.48,26.29,Decreasing,NORMAL,None
2025-09-06 22:00:00,7.291,64.71,6.27,790.39,26.3,Decreasing,NORMAL,None
2025-09-06 23:00:00,7.278,30.0,5.37,772.68,26.05,Decreasing,NORMAL,None
2025-09-07 00:00:00,7.482,41.68,4.31,785.11,25.98,Decreasing,NORMAL,None
2025-09-07 01:00:00,7.359,57.06,2.63,787.92,25.87,Increasing,NORMAL,None
2025-09-07 02:00:00,7.318,30.0,1.0,772.74,26.29,Decreasing,NORMAL,None
2025-09-07 03:00:00,7.376,87.98,5.02,775.38,26.15,Increasing,NORMAL,None
2025-09-07 04:00:00,7.329,85.13,5.77,788.6,26.76,Increasing,NORMAL,None
2025-09-07 05:00:00,7.457,56.18,4.49,784.95,26.77,Increasing,NORMAL,None
2025-09-07 06:00:00,7.196,54.73,5.6,764.28,27.85,Increasing,NORMAL,None
2025-09-07 07:00:00,7.465,64.7,4.56,778.18,28.24,Increasing,NORMAL,None
2025-09-07 08:00:00,7.431,51.56,4.58,773.36,28.26,Increasing,NORMAL,None
2025-09-07 09:00:00,7.44,40.44,4.02,770.69,28.28,Decreasing,NORMAL,None
2025-09-07 10:00:00,7.498,35.18,3.16,782.97,29.64,Decreasing,NORMAL,None
2025-09-07 11:00:00,7.424,30.0,1.81,790.57,29.49,Decreasing,NORMAL,None
2025-09-07 12:00:00,7.352,40.73,2.96,789.4,29.77,Decreasing,NORMAL,None
2025-09-07 13:00:00,7.316,70.94,3.17,799.3,29.22,Increasing,NORMAL,None
2025-09-07 14:00:00,7.382,67.98,1.4,801.0,29.57,Increasing,NORMAL,None
2025-09-07 15:00:00,7.224,42.57,1.0,791.03,28.66,Increasing,NORMAL,None
2025-09-07 16:00:00,7.33,49.13,1.0,780.0,28.49,Increasing,NORMAL,None
2025-09-07 17:00:00,7.386,30.0,1.0,753.96,28.01,Stable,NORMAL,None
2025-09-07 18:00:00,7.407,30.0,2.19,777.88,27.6,Decreasing,NORMAL,None
2025-09-07 19:00:00,7.266,31.79,3.11,790.5,27.17,Decreasing,NORMAL,None
2025-09-07 20:00:00,7.358,30.0,3.39,805.58,26.37,Decreasing,NORMAL,None
2025-09-07 21:00:00,7.421,30.0,3.6,789.26,26.45,Decreasing,NORMAL,None
2025-09-07 22:00:00,7.174,77.5,5.15,774.5,25.71,Increasing,NORMAL,None
2025-09-07 23:00:00,7.189,108.35,5.34,778.15,25.57,Increasing,NORMAL,None
2025-09-08 00:00:00,7.506,30.0,5.76,797.63,26.23,Stable,NORMAL,None
2025-09-08 01:00:00,7.442,89.94,4.04,785.31,26.61,Increasing,NORMAL,None
2025-09-08 02:00:00,7.437,55.64,4.41,780.23,26.28,Increasing,NORMAL,None
2025-09-08 03:00:00,7.447,61.54,5.58,801.22,26.57,Increasing,NORMAL,None
2025-09-08 04:00:00,7.301,30.0,5.0,765.39,26.38,Decreasing,NORMAL,None
2025-09-08 05:00:00,7.261,34.86,4.87,729.48,26.86,Decreasing,NORMAL,None
2025-09-08 06:00:00,7.262,31.06,4.4,716.17,27.38,Increasing,NORMAL,None
2025-09-08 07:00:00,7.453,58.53,4.39,687.02,28.25,Decreasing,NORMAL,None
2025-09-08 08:00:00,7.557,89.64,3.66,706.61,28.6,Increasing,NORMAL,None
2025-09-08 09:00:00,7.322,30.19,2.92,727.96,28.75,Decreasing,NORMAL,None
2025-09-08 10:00:00,7.472,44.56,2.11,743.09,29.23,Increasing,NORMAL,None
2025-09-08 11:00:00,7.385,71.1,4.11,718.24,28.99,Increasing,NORMAL,None
2025-09-08 12:00:00,7.446,63.5,5.29,736.14,29.84,Increasing,NORMAL,None
2025-09-08 13:00:00,7.294,75.76,4.49,733.84,29.73,Increasing,NORMAL,None
2025-09-08 14:00:00,7.14,30.0,4.22,733.95,29.81,Decreasing,NORMAL,None
2025-09-08 15:00:00,7.389,30.0,2.02,739.73,28.68,Stable,NORMAL,None
2025-09-08 16:00:00,7.46,32.09,3.14,736.65,28.98,Decreasing,NORMAL,None
2025-09-08 17:00:00,7.508,43.67,3.89,738.48,28.44,Decreasing,NORMAL,None
2025-09-08 18:00:00,7.317,82.14,3.1,748.04,27.31,Increasing,NORMAL,None
2025-09-08 19:00:00,7.19,60.21,1.0,752.64,27.52,Decreasing,NORMAL,None
2025-09-08 20:00:00,7.294,107.75,1.45,781.76,27.02,Increasing,NORMAL,None
2025-09-08 21:00:00,7.172,58.99,1.0,788.32,26.73,Increasing,NORMAL,None
2025-09-08 22:00:00,7.476,30.0,2.92,759.75,25.8,Decreasing,NORMAL,None
2025-09-08 23:00:00,7.486,30.0,2.3,771.83,26.24,Decreasing,NORMAL,None
2025-09-09 00:00:00,7.607,30.13,1.0,759.43,25.9,Decreasing,NORMAL,None
2025-09-09 01:00:00,7.374,30.0,1.5,761.53,25.81,Decreasing,NORMAL,None
2025-09-09 02:00:00,7.366,56.58,2.36,783.62,25.35,Decreasing,NORMAL,None
2025-09-09 03:00:00,7.379,54.95,1.0,776.57,26.84,Decreasing,NORMAL,None
2025-09-09 04:00:00,7.373,39.26,2.09,786.0,26.68,Increasing,NORMAL,None
2025-09-09 05:00:00,7.105,71.33,1.18,815.64,27.54,Increasing,NORMAL,None
2025-09-09 06:00:00,7.128,30.0,1.0,820.61,28.06,Stable,NORMAL,None
2025-09-09 07:00:00,7.527,34.94,4.36,828.45,28.4,Increasing,NORMAL,None
2025-09-09 08:00:00,7.251,66.13,4.01,826.75,28.43,Increasing,NORMAL,None
2025-09-09 09:00:00,7.278,55.36,2.6,833.0,28.8,Stable,NORMAL,None
2025-09-09 10:00:00,7.31,82.38,2.52,849.09,29.85,Increasing,NORMAL,None
2025-09-09 11:00:00,7.219,91.16,3.54,812.57,28.98,Increasing,NORMAL,None
2025-09-09 12:00:00,7.197,82.28,3.42,811.78,29.41,Increasing,NORMAL,None
2025-09-09 13:00:00,7.512,50.18,4.22,818.31,29.78,Increasing,NORMAL,None
2025-09-09 14:00:00,7.391,41.38,5.11,830.37,29.05,Decreasing,NORMAL,None
2025-09-09 15:00:00,7.358,39.53,6.77,810.38,28.95,Decreasing,NORMAL,None
2025-09-09 16:00:00,7.464,55.2,6.57,804.8,29.21,Decreasing,NORMAL,None
2025-09-09 17:00:00,7.34,49.62,5.34,802.01,28.03,Decreasing,NORMAL,None
2025-09-09 18:00:00,7.335,81.81,6.15,811.43,27.6,Stable,NORMAL,None
2025-09-09 19:00:00,7.404,89.54,5.74,808.6,27.82,Increasing,NORMAL,None
2025-09-09 20:00:00,7.3,37.98,5.29,789.29,26.37,Decreasing,NORMAL,None
2025-09-09 21:00:00,7.377,72.02,4.5,767.59,26.22,Increasing,NORMAL,None
2025-09-09 22:00:00,7.46,55.46,5.79,738.02,25.52,Stable,NORMAL,None
2025-09-09 23:00:00,7.386,81.8,6.53,739.08,25.9,Increasing,NORMAL,None
2025-09-10 00:00:00,7.2,41.26,6.02,734.24,26.03,Decreasing,NORMAL,None
2025-09-10 01:00:00,7.24,61.53,5.68,744.16,26.02,Decreasing,NORMAL,None
2025-09-10 02:00:00,7.475,107.3,5.46,758.88,26.48,Increasing,NORMAL,None
2025-09-10 03:00:00,7.662,34.35,4.05,754.78,26.61,Decreasing,NORMAL,None
2025-09-10 04:00:00,7.406,30.0,2.93,741.23,26.93,Decreasing,NORMAL,None
2025-09-10 05:00:00,7.264,52.45,2.87,721.53,26.68,Decreasing,NORMAL,None
2025-09-10 06:00:00,7.495,39.16,2.71,714.76,27.55,Decreasing,NORMAL,None
2025-09-10 07:00:00,7.35,62.36,2.74,724.97,28.47,Stable,NORMAL,None
2025-09-10 08:00:00,7.216,63.99,4.34,728.52,28.56,Decreasing,NORMAL,None
2025-09-10 09:00:00,7.351,48.35,1.52,720.32,28.87,Increasing,NORMAL,None
2025-09-10 10:00:00,7.411,30.0,2.31,710.04,28.68,Stable,NORMAL,None
2025-09-10 11:00:00,7.286,42.56,2.24,719.77,28.83,Decreasing,NORMAL,None
2025-09-10 12:00:00,7.295,79.54,2.14,735.46,29.52,Increasing,NORMAL,None
2025-09-10 13:00:00,7.193,72.11,2.74,722.89,29.23,Increasing,NORMAL,None
2025-09-10 14:00:00,7.249,46.95,3.17,725.49,29.24,Decreasing,NORMAL,None
2025-09-10 15:00:00,7.218,106.71,3.35,743.7,28.87,Increasing,NORMAL,None
2025-09-10 16:00:00,7.265,34.27,3.32,741.28,28.93,Increasing,NORMAL,None
2025-09-10 17:00:00,7.408,32.47,4.89,732.28,27.97,Decreasing,NORMAL,None
2025-09-10 18:00:00,7.396,30.0,3.63,742.95,27.2,Decreasing,NORMAL,None
2025-09-10 19:00:00,7.278,30.0,2.37,769.06,26.87,Decreasing,NORMAL,None
2025-09-10 20:00:00,7.31,70.0,3.01,780.96,26.74,Increasing,NORMAL,None
2025-09-10 21:00:00,7.224,95.17,6.4,803.14,26.37,Decreasing,NORMAL,None
2025-09-10 22:00:00,7.25,33.67,5.08,779.03,25.8,Stable,NORMAL,None
2025-09-10 23:00:00,7.398,63.48,4.84,779.13,25.83,Increasing,NORMAL,None
2025-09-11 00:00:00,7.591,71.42,4.57,769.89,25.75,Increasing,NORMAL,None
2025-09-11 01:00:00,7.357,30.0,3.5,766.55,25.05,Stable,NORMAL,None
2025-09-11 02:00:00,7.248,30.0,3.09,767.64,26.14,Decreasing,NORMAL,None
2025-09-11 03:00:00,7.423,44.72,3.47,804.56,26.45,Decreasing,NORMAL,None
2025-09-11 04:00:00,7.246,42.62,2.89,799.04,26.77,Increasing,NORMAL,None
2025-09-11 05:00:00,7.306,74.12,4.65,800.48,26.81,Increasing,NORMAL,None
2025-09-11 06:00:00,7.328,38.55,3.17,761.26,27.23,Decreasing,NORMAL,None
2025-09-11 07:00:00,7.497,60.97,2.17,799.47,27.77,Increasing,NORMAL,None
2025-09-11 08:00:00,7.466,30.0,3.58,772.77,28.45,Stable,NORMAL,None
2025-09-11 09:00:00,7.297,45.99,4.12,747.86,28.77,Stable,NORMAL,None
2025-09-11 10:00:00,7.314,61.37,3.63,745.54,28.57,Increasing,NORMAL,None
2025-09-11 11:00:00,7.362,30.0,4.87,722.01,29.74,Decreasing,NORMAL,None
2025-09-11 12:00:00,7.551,30.0,3.98,709.15,29.35,Decreasing,NORMAL,None
2025-09-11 13:00:00,7.564,30.66,4.54,717.18,28.98,Decreasing,NORMAL,None
2025-09-11 14:00:00,7.397,55.19,3.95,733.82,29.21,Increasing,NORMAL,None
2025-09-11 15:00:00,7.394,54.2,2.8,722.71,28.39,Increasing,NORMAL,None
2025-09-11 16:00:00,7.285,46.84,3.52,712.95,28.12,Decreasing,NORMAL,None
2025-09-11 17:00:00,7.26,94.03,5.27,714.13,28.23,Increasing,NORMAL,None
2025-09-11 18:00:00,7.269,106.5,8.19,704.29,27.91,Increasing,NORMAL,None
2025-09-11 19:00:00,7.374,74.54,9.76,723.4,27.22,Increasing,NORMAL,None
2025-09-11 20:00:00,7.352,74.39,9.52,725.95,26.87,Increasing,NORMAL,None
2025-09-11 21:00:00,7.35,30.0,8.7,727.23,26.42,Decreasing,NORMAL,None
2025-09-11 22:00:00,7.525,62.07,7.39,746.54,26.38,Increasing,NORMAL,None
2025-09-11 23:00:00,7.206,81.29,8.55,747.61,25.5,Decreasing,NORMAL,None
2025-09-12 00:00:00,7.304,98.04,9.21,756.73,25.75,Decreasing,NORMAL,None
2025-09-12 01:00:00,7.32,38.18,8.85,767.37,25.66,Decreasing,NORMAL,None
2025-09-12 02:00:00,7.321,111.18,7.62,775.77,26.42,Increasing,NORMAL,None
2025-09-12 03:00:00,7.399,108.51,8.48,794.35,26.3,Increasing,NORMAL,None
2025-09-12 04:00:00,7.206,69.58,6.0,806.71,26.79,Increasing,NORMAL,None
2025-09-12 05:00:00,7.477,58.38,5.61,824.81,27.1,Decreasing,NORMAL,None
2025-09-12 06:00:00,7.135,51.48,6.5,829.02,26.67,Decreasing,NORMAL,None
2025-09-12 07:00:00,7.175,84.45,5.46,813.66,28.6,Increasing,NORMAL,None
2025-09-12 08:00:00,7.354,69.99,3.65,804.16,28.65,Decreasing,NORMAL,None
2025-09-12 09:00:00,7.269,44.41,2.48,789.62,29.2,Decreasing,NORMAL,None
2025-09-12 10:00:00,7.513,30.0,1.0,793.27,29.2,Decreasing,NORMAL,None
2025-09-12 11:00:00,7.291,30.94,1.0,799.6,28.96,Decreasing,NORMAL,None
2025-09-12 12:00:00,7.407,73.74,1.0,798.43,29.55,Increasing,NORMAL,None
2025-09-12 13:00:00,7.578,61.42,1.12,793.08,29.64,Decreasing,NORMAL,None
2025-09-12 14:00:00,7.217,61.41,2.38,816.0,29.4,Decreasing,NORMAL,None
2025-09-12 15:00:00,7.376,30.0,1.34,836.18,29.19,Decreasing,NORMAL,None
2025-09-12 16:00:00,7.428,34.67,1.86,830.97,28.89,Increasing,NORMAL,None
2025-09-12 17:00:00,7.389,63.65,4.17,844.95,28.03,Increasing,NORMAL,None
2025-09-12 18:00:00,7.275,42.57,3.49,842.7,27.53,Decreasing,NORMAL,None
2025-09-12 19:00:00,7.484,44.31,3.86,840.9,27.3,Decreasing,NORMAL,None
2025-09-12 20:00:00,7.198,30.0,4.14,815.34,26.87,Decreasing,NORMAL,None
2025-09-12 21:00:00,7.362,30.0,3.3,813.23,25.98,Stable,NORMAL,None
2025-09-12 22:00:00,7.288,65.4,2.16,828.33,25.73,Increasing,NORMAL,None
2025-09-12 23:00:00,7.483,53.83,2.45,804.92,25.75,Decreasing,NORMAL,None
2025-09-13 00:00:00,7.533,81.93,1.0,793.99,26.34,Increasing,NORMAL,None
2025-09-13 01:00:00,7.279,31.61,3.9,784.19,25.89,Decreasing,NORMAL,None
2025-09-13 02:00:00,7.166,30.0,3.05,772.26,26.2,Stable,NORMAL,None
2025-09-13 03:00:00,7.275,35.83,3.28,776.74,25.79,Increasing,NORMAL,None
2025-09-13 04:00:00,7.475,46.77,3.95,764.25,27.08,Decreasing,NORMAL,None
2025-09-13 05:00:00,7.272,69.42,5.55,758.57,26.79,Increasing,NORMAL,None
2025-09-13 06:00:00,7.34,73.29,8.04,769.72,27.41,Decreasing,NORMAL,None
2025-09-13 07:00:00,7.651,30.0,6.28,737.69,28.13,Decreasing,NORMAL,None
2025-09-13 08:00:00,7.376,67.24,6.42,745.03,28.3,Increasing,NORMAL,None
2025-09-13 09:00:00,7.32,73.57,4.44,745.78,28.58,Increasing,NORMAL,None
2025-09-13 10:00:00,7.335,55.69,4.42,745.76,29.7,Increasing,NORMAL,None
2025-09-13 11:00:00,7.378,67.76,5.31,740.74,29.17,Stable,NORMAL,None
2025-09-13 12:00:00,7.254,80.82,7.05,761.33,29.33,Increasing,NORMAL,None
2025-09-13 13:00:00,7.3,51.0,5.45,744.11,29.6,Increasing,NORMAL,None
2025-09-13 14:00:00,7.518,67.64,4.85,763.42,29.4,Stable,NORMAL,None
2025-09-13 15:00:00,7.364,57.0,5.28,795.04,28.79,Decreasing,NORMAL,None
2025-09-13 16:00:00,7.388,67.12,7.56,783.37,28.33,Increasing,NORMAL,None
2025-09-13 17:00:00,7.334,112.58,8.03,793.15,27.61,Increasing,NORMAL,None
2025-09-13 18:00:00,7.29,74.37,8.3,776.78,27.45,Decreasing,NORMAL,None
2025-09-13 19:00:00,7.379,39.57,7.77,788.99,26.82,Decreasing,NORMAL,None
2025-09-13 20:00:00,7.396,63.05,11.79,788.2,26.72,Decreasing,NORMAL,None
2025-09-13 21:00:00,7.41,79.47,13.43,791.61,25.87,Increasing,NORMAL,None
2025-09-13 22:00:00,7.385,89.24,11.94,798.29,26.29,Increasing,NORMAL,None
2025-09-13 23:00:00,7.286,69.34,10.05,791.25,26.81,Decreasing,NORMAL,None
2025-09-14 00:00:00,7.424,98.19,9.21,805.97,25.49,Increasing,NORMAL,None
2025-09-14 01:00:00,7.218,110.69,8.36,801.33,26.14,Increasing,NORMAL,None
2025-09-14 02:00:00,7.273,108.29,7.28,807.32,26.16,Increasing,NORMAL,None
2025-09-14 03:00:00,7.173,51.2,8.58,800.75,25.98,Decreasing,NORMAL,None
2025-09-14 04:00:00,7.391,65.93,6.11,798.64,26.33,Decreasing,NORMAL,None
2025-09-14 05:00:00,7.407,94.43,6.77,827.16,27.08,Increasing,NORMAL,None
2025-09-14 06:00:00,7.413,84.32,7.03,826.47,27.25,Decreasing,NORMAL,None
2025-09-14 07:00:00,7.34,78.22,8.43,833.13,28.31,Decreasing,NORMAL,None
2025-09-14 08:00:00,7.411,30.0,8.71,815.25,28.95,Decreasing,NORMAL,None
2025-09-14 09:00:00,7.214,67.37,7.89,821.26,28.67,Increasing,NORMAL,None
2025-09-14 10:00:00,7.288,117.24,6.82,823.31,29.23,Increasing,NORMAL,None
2025-09-14 11:00:00,7.392,96.62,10.0,808.25,29.13,Stable,NORMAL,None
2025-09-14 12:00:00,7.374,88.0,11.58,811.46,28.98,Increasing,NORMAL,None
2025-09-14 13:00:00,7.414,66.18,10.66,836.9,29.49,Decreasing,NORMAL,None
2025-09-14 14:00:00,7.379,76.97,10.31,824.09,28.87,Increasing,NORMAL,None
2025-09-14 15:00:00,7.38,63.32,9.82,807.22,28.91,Decreasing,NORMAL,None
2025-09-14 16:00:00,7.427,120.49,9.02,792.22,28.74,Stable,NORMAL,None
2025-09-14 17:00:00,7.553,69.72,10.65,778.98,27.64,Decreasing,NORMAL,None
2025-09-14 18:00:00,7.338,30.0,10.52,767.45,27.16,Decreasing,NORMAL,None
2025-09-14 19:00:00,7.422,39.99,8.71,740.04,26.68,Decreasing,NORMAL,None
2025-09-14 20:00:00,7.41,30.0,7.72,735.48,26.67,Decreasing,NORMAL,None
2025-09-14 21:00:00,7.442,30.0,6.98,723.04,26.48,Decreasing,NORMAL,None
2025-09-14 22:00:00,7.34,36.72,5.21,719.28,26.37,Decreasing,NORMAL,None
2025-09-14 23:00:00,7.324,40.56,4.81,727.99,25.76,Decreasing,NORMAL,None
2025-09-15 00:00:00,7.254,48.06,5.2,742.01,26.39,Increasing,NORMAL,None
2025-09-15 01:00:00,7.305,49.47,4.8,767.0,25.67,Increasing,NORMAL,None
2025-09-15 02:00:00,7.404,46.39,2.62,751.79,26.0,Increasing,NORMAL,None
2025-09-15 03:00:00,7.389,78.72,3.95,744.07,26.52,Increasing,NORMAL,None
2025-09-15 04:00:00,7.505,81.66,3.97,749.07,26.64,Increasing,NORMAL,None
2025-09-15 05:00:00,7.224,77.1,7.75,757.78,27.18,Increasing,NORMAL,None
2025-09-15 06:00:00,7.21,55.88,6.24,762.03,26.95,Increasing,NORMAL,None
2025-09-15 07:00:00,7.471,95.95,6.54,766.09,28.34,Increasing,NORMAL,None
2025-09-15 08:00:00,7.248,50.89,5.91,770.59,28.56,Increasing,NORMAL,None
2025-09-15 09:00:00,7.157,102.27,4.97,759.74,28.17,Increasing,NORMAL,None
2025-09-15 10:00:00,7.2,83.17,5.25,771.87,28.78,Stable,NORMAL,None
2025-09-15 11:00:00,7.391,79.82,7.11,800.58,29.37,Increasing,NORMAL,None
2025-09-15 12:00:00,7.386,30.0,7.58,786.08,29.44,Decreasing,NORMAL,None
2025-09-15 13:00:00,7.309,54.46,8.48,760.77,29.0,Decreasing,NORMAL,None
2025-09-15 14:00:00,7.349,42.2,7.17,789.16,29.43,Decreasing,NORMAL,None
2025-09-15 15:00:00,7.439,30.0,5.98,785.97,28.54,Decreasing,NORMAL,None
2025-09-15 16:00:00,7.418,47.25,6.28,769.22,28.69,Decreasing,NORMAL,None
2025-09-15 17:00:00,7.42,65.54,7.24,751.73,28.43,Decreasing,NORMAL,None
2025-09-15 18:00:00,7.369,71.34,8.19,773.72,27.46,Increasing,NORMAL,None
2025-09-15 19:00:00,7.332,84.79,8.62,775.36,27.53,Increasing,NORMAL,None
2025-09-15 20:00:00,7.403,69.6,9.1,785.32,26.68,Increasing,NORMAL,None
2025-09-15 21:00:00,7.238,46.3,7.4,815.94,26.34,Increasing,NORMAL,None
2025-09-15 22:00:00,7.302,67.13,5.45,800.45,26.2,Increasing,NORMAL,None
2025-09-15 23:00:00,7.474,45.82,6.43,814.13,25.69,Decreasing,NORMAL,None
2025-09-16 00:00:00,7.214,69.47,7.55,792.11,25.92,Stable,NORMAL,None
2025-09-16 01:00:00,7.454,30.0,6.07,772.01,25.51,Decreasing,NORMAL,None
2025-09-16 02:00:00,7.343,94.58,7.02,787.49,26.52,Increasing,NORMAL,None
2025-09-16 03:00:00,7.301,84.83,6.32,813.03,26.19,Increasing,NORMAL,None
2025-09-16 04:00:00,7.422,46.31,6.6,805.09,26.55,Decreasing,NORMAL,None
2025-09-16 05:00:00,7.42,55.05,7.43,801.93,26.88,Increasing,NORMAL,None
2025-09-16 06:00:00,7.197,80.33,6.49,800.41,27.16,Increasing,NORMAL,None
2025-09-16 07:00:00,7.27,75.61,4.81,798.87,28.22,Increasing,NORMAL,None
2025-09-16 08:00:00,7.332,30.0,3.95,805.02,28.19,Decreasing,NORMAL,None
2025-09-16 09:00:00,7.231,47.43,3.23,788.98,28.69,Decreasing,NORMAL,None
2025-09-16 10:00:00,7.214,94.81,4.3,783.55,29.15,Increasing,NORMAL,None
2025-09-16 11:00:00,7.461,47.31,3.67,783.08,29.49,Decreasing,NORMAL,None
2025-09-16 12:00:00,7.472,30.0,2.35,772.52,29.26,Decreasing,NORMAL,None
2025-09-16 13:00:00,7.336,33.53,2.68,772.14,29.22,Decreasing,NORMAL,None
2025-09-16 14:00:00,7.438,71.43,4.89,768.95,28.67,Increasing,NORMAL,None
2025-09-16 15:00:00,7.523,49.93,3.68,786.26,28.91,Increasing,NORMAL,None
2025-09-16 16:00:00,7.303,30.0,3.97,806.3,28.39,Decreasing,NORMAL,None
2025-09-16 17:00:00,7.287,75.73,2.5,789.35,28.39,Increasing,NORMAL,None
2025-09-16 18:00:00,7.444,65.85,5.98,795.13,27.93,Increasing,NORMAL,None
2025-09-16 19:00:00,7.439,30.0,3.46,765.35,26.9,Decreasing,NORMAL,None
2025-09-16 20:00:00,7.419,30.0,3.75,766.01,26.83,Decreasing,NORMAL,None
2025-09-16 21:00:00,7.439,30.0,6.06,742.4,25.9,Decreasing,NORMAL,None
2025-09-16 22:00:00,7.344,91.93,5.11,764.55,25.74,Increasing,NORMAL,None
2025-09-16 23:00:00,7.285,30.65,4.2,762.66,26.02,Decreasing,NORMAL,None
2025-09-17 00:00:00,7.241,79.22,4.09,758.8,26.33,Increasing,NORMAL,None
2025-09-17 01:00:00,7.309,63.96,3.71,759.32,25.93,Increasing,NORMAL,None
2025-09-17 02:00:00,7.219,49.27,4.23,726.46,25.97,Increasing,NORMAL,None
2025-09-17 03:00:00,7.346,42.51,3.8,728.99,26.23,Increasing,NORMAL,None
2025-09-17 04:00:00,7.257,50.21,1.51,742.6,26.05,Decreasing,NORMAL,None
2025-09-17 05:00:00,7.303,46.42,2.68,750.54,26.97,Increasing,NORMAL,None
2025-09-17 06:00:00,7.442,30.0,3.05,777.27,27.06,Decreasing,NORMAL,None
2025-09-17 07:00:00,7.337,30.33,4.33,779.39,28.35,Decreasing,NORMAL,None
2025-09-17 08:00:00,7.2,66.76,3.3,777.55,27.96,Increasing,NORMAL,None
2025-09-17 09:00:00,7.576,30.0,2.52,796.36,28.48,Decreasing,NORMAL,None
2025-09-17 10:00:00,7.494,73.17,2.88,792.97,29.24,Increasing,NORMAL,None
2025-09-17 11:00:00,7.362,30.46,2.59,770.04,29.39,Decreasing,NORMAL,None
2025-09-17 12:00:00,7.352,49.33,4.14,752.3,29.56,Increasing,NORMAL,None
2025-09-17 13:00:00,7.302,66.86,4.48,772.17,28.29,Increasing,NORMAL,None
2025-09-17 14:00:00,7.537,86.99,4.78,758.75,28.91,Increasing,NORMAL,None
2025-09-17 15:00:00,7.531,75.99,4.54,754.73,28.91,Increasing,NORMAL,None
2025-09-17 16:00:00,7.342,38.08,4.88,751.19,28.38,Decreasing,NORMAL,None
2025-09-17 17:00:00,7.554,81.83,5.79,762.46,28.16,Increasing,NORMAL,None
2025-09-17 18:00:00,7.471,64.7,5.39,761.16,27.65,Increasing,NORMAL,None
2025-09-17 19:00:00,7.471,40.66,5.39,767.08,27.13,Decreasing,NORMAL,None
2025-09-17 20:00:00,7.417,95.08,4.77,805.1,27.07,Increasing,NORMAL,None
2025-09-17 21:00:00,7.292,68.46,5.16,789.68,26.69,Decreasing,NORMAL,None
2025-09-17 22:00:00,7.146,94.07,6.92,787.83,26.37,Increasing,NORMAL,None
2025-09-17 23:00:00,7.54,64.73,7.3,815.27,25.73,Decreasing,NORMAL,None
2025-09-18 00:00:00,7.385,51.12,6.13,821.4,25.95,Decreasing,NORMAL,None
2025-09-18 01:00:00,7.248,30.0,3.82,810.55,26.07,Decreasing,NORMAL,None
2025-09-18 02:00:00,7.368,65.97,6.34,809.55,26.09,Decreasing,NORMAL,None
2025-09-18 03:00:00,7.57,30.0,5.24,819.46,26.97,Decreasing,NORMAL,None
2025-09-18 04:00:00,7.356,59.19,4.74,828.33,26.96,Decreasing,NORMAL,None
2025-09-18 05:00:00,7.388,33.27,5.47,833.0,27.36,Decreasing,NORMAL,None
2025-09-18 06:00:00,7.299,67.82,5.71,800.24,27.67,Increasing,NORMAL,None
2025-09-18 07:00:00,7.404,95.21,13.65,791.74,28.14,Increasing,NORMAL,None
2025-09-18 08:00:00,7.385,45.83,11.84,794.78,28.41,Decreasing,NORMAL,None
2025-09-18 09:00:00,7.507,68.14,12.07,803.03,28.94,Increasing,NORMAL,None
2025-09-18 10:00:00,7.411,84.25,10.11,801.34,28.46,Increasing,NORMAL,None
2025-09-18 11:00:00,7.36,84.15,10.76,814.52,28.91,Increasing,NORMAL,None
2025-09-18 12:00:00,7.347,102.02,10.43,821.66,29.27,Increasing,NORMAL,None
2025-09-18 13:00:00,7.166,80.58,10.85,817.01,28.77,Decreasing,NORMAL,None
2025-09-18 14:00:00,7.326,73.09,11.6,824.53,29.1,Increasing,NORMAL,None
2025-09-18 15:00:00,7.327,100.54,10.91,846.61,29.3,Increasing,NORMAL,None
2025-09-18 16:00:00,7.015,99.77,11.59,838.47,28.18,Increasing,NORMAL,None
2025-09-18 17:00:00,7.243,111.09,10.02,850.91,27.45,Increasing,NORMAL,None
2025-09-18 18:00:00,7.455,84.89,10.62,873.77,27.61,Decreasing,NORMAL,None
2025-09-18 19:00:00,7.343,68.81,9.31,861.08,27.01,Decreasing,NORMAL,None
2025-09-18 20:00:00,7.385,70.05,9.7,858.99,26.31,Decreasing,NORMAL,None
2025-09-18 21:00:00,7.386,45.42,9.84,862.07,26.19,Decreasing,NORMAL,None
2025-09-18 22:00:00,7.289,105.78,9.49,860.63,26.04,Increasing,NORMAL,None
2025-09-18 23:00:00,7.219,66.46,11.64,821.78,26.22,Decreasing,NORMAL,None
2025-09-19 00:00:00,7.079,145.92,11.26,832.24,26.4,Increasing,NORMAL,None
2025-09-19 01:00:00,7.216,60.85,8.38,843.06,25.86,Decreasing,NORMAL,None
2025-09-19 02:00:00,7.396,59.95,6.2,811.31,25.21,Decreasing,NORMAL,None
2025-09-19 03:00:00,7.204,89.57,5.69,813.9,26.86,Increasing,NORMAL,None
2025-09-19 04:00:00,7.318,101.87,3.9,838.15,26.89,Decreasing,NORMAL,None
2025-09-19 05:00:00,7.367,55.54,2.07,829.58,26.79,Decreasing,NORMAL,None
2025-09-19 06:00:00,7.488,58.35,2.72,810.28,27.16,Decreasing,NORMAL,None
2025-09-19 07:00:00,7.447,53.55,2.83,816.46,28.27,Decreasing,NORMAL,None
2025-09-19 08:00:00,7.398,68.75,4.07,812.32,28.63,Increasing,NORMAL,None
2025-09-19 09:00:00,7.33,39.58,5.02,817.69,29.26,Decreasing,NORMAL,None
2025-09-19 10:00:00,7.412,30.0,4.92,814.88,29.05,Decreasing,NORMAL,None
2025-09-19 11:00:00,7.433,43.22,4.45,798.85,29.53,Decreasing,NORMAL,None
2025-09-19 12:00:00,7.379,59.16,3.58,824.33,29.51,Stable,NORMAL,None
2025-09-19 13:00:00,7.395,60.95,11.69,846.6,29.68,Increasing,NORMAL,None
2025-09-19 14:00:00,7.409,72.78,10.52,859.78,29.27,Increasing,NORMAL,None
2025-09-19 15:00:00,7.317,101.78,9.37,875.26,28.81,Increasing,NORMAL,None
2025-09-19 16:00:00,7.329,61.1,8.21,876.8,28.49,Increasing,NORMAL,None
2025-09-19 17:00:00,7.38,56.04,6.66,900.56,28.22,Increasing,NORMAL,None
2025-09-19 18:00:00,7.435,57.15,7.1,883.34,27.06,Decreasing,NORMAL,None
2025-09-19 19:00:00,7.213,64.11,6.39,878.15,27.16,Increasing,NORMAL,None
2025-09-19 20:00:00,7.378,30.0,5.64,843.36,26.96,Decreasing,NORMAL,None
2025-09-19 21:00:00,7.217,51.88,5.09,822.13,25.99,Decreasing,NORMAL,None
2025-09-19 22:00:00,7.376,30.0,3.12,798.73,25.99,Decreasing,NORMAL,None
2025-09-19 23:00:00,7.335,30.0,2.35,790.26,25.86,Decreasing,NORMAL,None
2025-09-20 00:00:00,7.481,30.0,3.25,795.48,25.65,Decreasing,NORMAL,None
2025-09-20 01:00:00,7.386,76.72,7.19,779.54,25.99,Increasing,NORMAL,None
2025-09-20 02:00:00,7.493,41.95,8.05,782.75,25.82,Increasing,NORMAL,None
2025-09-20 03:00:00,7.49,65.72,9.02,787.31,25.97,Increasing,NORMAL,None
2025-09-20 04:00:00,7.204,98.34,6.23,776.02,26.38,Increasing,NORMAL,None
2025-09-20 05:00:00,7.387,57.59,5.28,807.44,26.38,Increasing,NORMAL,None
2025-09-20 06:00:00,7.272,79.89,4.76,807.11,27.41,Increasing,NORMAL,None
2025-09-20 07:00:00,7.416,40.57,4.77,796.78,27.88,Decreasing,NORMAL,None
2025-09-20 08:00:00,7.238,54.86,4.61,806.23,29.01,Increasing,NORMAL,None
2025-09-20 09:00:00,7.406,63.94,5.43,813.74,28.71,Stable,NORMAL,None
2025-09-20 10:00:00,7.457,62.75,4.53,813.64,28.79,Decreasing,NORMAL,None
2025-09-20 11:00:00,7.27,53.49,3.64,808.37,29.52,Decreasing,NORMAL,None
2025-09-20 12:00:00,7.299,52.62,4.85,806.28,29.21,Decreasing,NORMAL,None
2025-09-20 13:00:00,7.414,48.26,6.13,821.81,29.64,Increasing,NORMAL,None
2025-09-20 14:00:00,7.342,35.13,7.27,793.18,29.29,Decreasing,NORMAL,None
2025-09-20 15:00:00,7.303,75.64,9.95,777.52,29.05,Increasing,NORMAL,None
2025-09-20 16:00:00,7.44,93.76,8.98,769.54,28.27,Increasing,NORMAL,None
2025-09-20 17:00:00,7.339,38.07,9.22,745.6,28.28,Decreasing,NORMAL,None
2025-09-20 18:00:00,7.424,30.0,8.6,742.0,27.55,Decreasing,NORMAL,None
2025-09-20 19:00:00,7.161,50.98,7.64,751.45,26.88,Increasing,NORMAL,None
2025-09-20 20:00:00,7.315,55.31,9.99,752.42,26.48,Increasing,NORMAL,None
2025-09-20 21:00:00,7.265,64.02,7.25,730.24,26.72,Decreasing,NORMAL,None
2025-09-20 22:00:00,7.158,87.1,6.85,726.6,25.58,Decreasing,NORMAL,None
2025-09-20 23:00:00,7.375,50.48,7.83,760.57,25.96,Increasing,NORMAL,None
2025-09-21 00:00:00,7.217,86.05,8.24,763.13,25.8,Increasing,NORMAL,None
2025-09-21 01:00:00,7.426,78.8,12.69,756.84,25.81,Increasing,NORMAL,None
2025-09-21 02:00:00,7.324,58.93,10.28,782.21,26.16,Increasing,NORMAL,None
2025-09-21 03:00:00,7.46,84.54,10.34,775.04,26.32,Increasing,NORMAL,None
2025-09-21 04:00:00,7.389,74.86,9.56,792.9,26.6,Decreasing,NORMAL,None
2025-09-21 05:00:00,7.431,75.92,10.53,808.6,27.21,Increasing,NORMAL,None
2025-09-21 06:00:00,7.248,59.91,10.59,821.19,26.75,Decreasing,NORMAL,None
2025-09-21 07:00:00,7.416,110.24,10.47,835.5,28.25,Increasing,NORMAL,None
2025-09-21 08:00:00,7.484,94.91,11.19,850.74,28.12,Increasing,NORMAL,None
2025-09-21 09:00:00,7.442,116.0,11.35,848.11,28.75,Increasing,NORMAL,None
2025-09-21 10:00:00,7.403,61.35,9.5,844.36,28.98,Decreasing,NORMAL,None
2025-09-21 11:00:00,7.135,121.85,10.95,849.72,28.97,Increasing,NORMAL,None
2025-09-21 12:00:00,7.477,81.27,11.54,858.61,29.83,Increasing,NORMAL,None
2025-09-21 13:00:00,7.078,82.91,9.39,845.86,29.48,Decreasing,NORMAL,None
2025-09-21 14:00:00,7.542,30.0,7.39,841.77,29.47,Decreasing,NORMAL,None
2025-09-21 15:00:00,7.386,92.93,6.85,815.35,28.35,Decreasing,NORMAL,None
2025-09-21 16:00:00,7.473,53.79,6.42,787.36,28.59,Decreasing,NORMAL,None
2025-09-21 17:00:00,7.419,74.72,5.27,785.9,27.78,Decreasing,NORMAL,None
2025-09-21 18:00:00,7.481,30.0,7.36,758.67,27.85,Decreasing,NORMAL,None
2025-09-21 19:00:00,7.385,59.72,7.49,753.96,27.59,Decreasing,NORMAL,None
2025-09-21 20:00:00,7.237,61.07,7.92,747.86,26.98,Increasing,NORMAL,None
2025-09-21 21:00:00,7.301,84.93,7.18,745.89,25.96,Decreasing,NORMAL,None
2025-09-21 22:00:00,7.385,87.86,5.71,763.77,26.16,Increasing,NORMAL,None
2025-09-21 23:00:00,7.433,58.11,5.61,774.17,25.78,Decreasing,NORMAL,None
2025-09-22 00:00:00,7.412,73.83,4.54,808.76,25.31,Increasing,NORMAL,None
2025-09-22 01:00:00,7.302,75.63,4.57,803.51,25.97,Increasing,NORMAL,None
2025-09-22 02:00:00,7.347,76.33,4.33,791.23,26.02,Increasing,NORMAL,None
2025-09-22 03:00:00,7.216,100.2,4.36,809.5,26.36,Increasing,NORMAL,None
2025-09-22 04:00:00,7.331,106.33,8.03,819.76,26.95,Increasing,NORMAL,None
2025-09-22 05:00:00,7.33,76.35,11.63,784.56,26.96,Increasing,NORMAL,None
2025-09-22 06:00:00,7.399,100.44,11.99,794.13,27.57,Increasing,NORMAL,None
2025-09-22 07:00:00,7.369,61.2,11.57,781.68,27.7,Decreasing,NORMAL,None
2025-09-22 08:00:00,7.348,43.94,10.25,774.13,28.41,Decreasing,NORMAL,None
2025-09-22 09:00:00,7.384,90.02,10.27,766.74,28.83,Decreasing,NORMAL,None
2025-09-22 10:00:00,7.492,117.11,11.48,787.18,28.37,Increasing,NORMAL,None
2025-09-22 11:00:00,7.075,92.48,10.53,803.91,28.87,Increasing,NORMAL,None
2025-09-22 12:00:00,7.256,44.13,8.68,820.0,29.5,Decreasing,NORMAL,None
2025-09-22 13:00:00,7.377,73.24,8.01,814.39,29.07,Increasing,NORMAL,None
2025-09-22 14:00:00,7.295,52.57,8.02,806.37,28.89,Increasing,NORMAL,None
2025-09-22 15:00:00,7.39,34.89,6.71,818.66,28.75,Decreasing,NORMAL,None
2025-09-22 16:00:00,7.382,46.88,7.69,805.83,28.59,Decreasing,NORMAL,None
2025-09-22 17:00:00,7.249,78.4,5.47,827.78,28.28,Decreasing,NORMAL,None
2025-09-22 18:00:00,7.271,52.64,4.12,798.03,27.35,Increasing,NORMAL,None
2025-09-22 19:00:00,7.263,34.46,4.57,793.68,26.77,Decreasing,NORMAL,None
2025-09-22 20:00:00,7.378,101.1,3.56,776.03,26.88,Increasing,NORMAL,None
2025-09-22 21:00:00,7.307,31.09,3.0,768.75,26.31,Decreasing,NORMAL,None
2025-09-22 22:00:00,7.355,61.68,1.7,763.4,25.76,Increasing,NORMAL,None
2025-09-22 23:00:00,7.233,65.63,2.38,761.69,26.25,Decreasing,NORMAL,None
2025-09-23 00:00:00,7.394,30.0,2.98,784.29,25.28,Decreasing,NORMAL,None
2025-09-23 01:00:00,7.456,30.0,5.02,793.64,25.53,Decreasing,NORMAL,None
2025-09-23 02:00:00,7.398,36.2,3.42,791.34,26.12,Decreasing,NORMAL,None
2025-09-23 03:00:00,7.387,55.87,2.75,799.33,26.01,Increasing,NORMAL,None
2025-09-23 04:00:00,7.432,40.36,4.69,788.59,26.55,Decreasing,NORMAL,None
2025-09-23 05:00:00,7.353,65.04,4.43,787.35,27.02,Stable,NORMAL,None
2025-09-23 06:00:00,7.265,64.46,4.36,790.53,27.15,Increasing,NORMAL,None
2025-09-23 07:00:00,7.334,102.55,4.63,798.41,28.03,Increasing,NORMAL,None
2025-09-23 08:00:00,7.442,41.57,4.07,798.44,28.22,Increasing,NORMAL,None
2025-09-23 09:00:00,7.478,42.96,3.8,789.79,28.73,Decreasing,NORMAL,None
2025-09-23 10:00:00,7.526,64.81,5.05,784.65,28.57,Increasing,NORMAL,None
2025-09-23 11:00:00,7.4,65.28,8.63,774.82,28.87,Stable,NORMAL,None
2025-09-23 12:00:00,7.284,43.99,7.69,776.7,29.51,Decreasing,NORMAL,None
2025-09-23 13:00:00,7.343,69.55,7.43,777.02,28.87,Decreasing,NORMAL,None
2025-09-23 14:00:00,7.21,53.11,7.57,782.62,29.06,Increasing,NORMAL,None
2025-09-23 15:00:00,7.427,65.82,7.27,783.86,29.03,Increasing,NORMAL,None
2025-09-23 16:00:00,7.318,119.82,18.61,800.75,28.75,Increasing,NORMAL,None
2025-09-23 17:00:00,7.382,103.41,17.07,794.22,27.86,Increasing,NORMAL,None
2025-09-23 18:00:00,7.226,103.18,16.41,786.92,27.21,Increasing,NORMAL,None
2025-09-23 19:00:00,7.495,87.27,15.31,772.3,26.43,Increasing,NORMAL,None
2025-09-23 20:00:00,7.37,90.22,15.07,771.36,26.92,Increasing,NORMAL,None
2025-09-23 21:00:00,7.258,94.89,13.28,798.59,25.82,Increasing,NORMAL,None
2025-09-23 22:00:00,6.987,110.14,12.27,780.07,26.12,Decreasing,NORMAL,None
2025-09-23 23:00:00,7.352,94.81,12.53,796.43,25.42,Decreasing,NORMAL,None
2025-09-24 00:00:00,7.422,79.57,10.71,776.02,25.32,Decreasing,NORMAL,None
2025-09-24 01:00:00,7.383,63.94,12.05,769.32,25.98,Decreasing,NORMAL,None
2025-09-24 02:00:00,7.313,93.48,19.97,768.8,26.33,Increasing,NORMAL,None
2025-09-24 03:00:00,7.272,92.03,17.12,753.28,25.95,Decreasing,NORMAL,None
2025-09-24 04:00:00,7.504,76.94,15.34,778.1,26.46,Decreasing,NORMAL,None
2025-09-24 05:00:00,7.366,69.16,12.69,778.41,26.91,Decreasing,NORMAL,None
2025-09-24 06:00:00,7.382,65.85,11.87,791.97,27.11,Decreasing,NORMAL,None
2025-09-24 07:00:00,7.234,57.7,10.51,767.17,27.95,Decreasing,NORMAL,None
2025-09-24 08:00:00,7.309,86.55,10.41,780.91,28.38,Decreasing,NORMAL,None
2025-09-24 09:00:00,7.345,63.88,8.0,775.22,28.67,Decreasing,NORMAL,None
2025-09-24 10:00:00,7.482,89.36,9.5,788.56,28.73,Increasing,NORMAL,None
2025-09-24 11:00:00,7.396,86.27,7.54,811.64,29.44,Increasing,NORMAL,None
2025-09-24 12:00:00,7.181,42.78,5.72,817.0,29.5,Decreasing,NORMAL,None
2025-09-24 13:00:00,7.402,86.1,4.68,845.27,29.41,Increasing,NORMAL,None
2025-09-24 14:00:00,7.189,67.05,7.38,853.56,29.21,Decreasing,NORMAL,None
2025-09-24 15:00:00,7.439,91.1,8.05,862.59,28.93,Increasing,NORMAL,None
2025-09-24 16:00:00,7.311,78.62,7.45,852.5,28.36,Decreasing,NORMAL,None
2025-09-24 17:00:00,7.459,67.44,7.24,850.49,27.75,Decreasing,NORMAL,None
2025-09-24 18:00:00,7.436,65.09,6.78,842.98,27.61,Increasing,NORMAL,None
2025-09-24 19:00:00,7.323,108.82,11.21,863.93,26.91,Increasing,NORMAL,None
2025-09-24 20:00:00,7.288,122.33,11.62,862.31,26.26,Increasing,NORMAL,None
2025-09-24 21:00:00,7.368,71.68,10.1,847.35,26.11,Decreasing,NORMAL,None
2025-09-24 22:00:00,7.403,65.56,10.84,841.45,25.73,Decreasing,NORMAL,None
2025-09-24 23:00:00,7.392,68.31,8.52,842.92,25.75,Stable,NORMAL,None
2025-09-25 00:00:00,7.477,31.92,8.51,834.33,25.83,Decreasing,NORMAL,None
2025-09-25 01:00:00,7.493,60.34,7.69,838.02,25.99,Decreasing,NORMAL,None
2025-09-25 02:00:00,7.256,101.07,6.8,849.9,26.09,Decreasing,NORMAL,None
2025-09-25 03:00:00,7.53,68.52,6.18,847.48,25.8,Decreasing,NORMAL,None
2025-09-25 04:00:00,7.36,49.75,5.16,856.58,26.45,Decreasing,NORMAL,None
2025-09-25 05:00:00,7.411,53.54,5.42,840.11,27.0,Decreasing,NORMAL,None
2025-09-25 06:00:00,7.397,54.19,6.15,831.4,27.79,Increasing,NORMAL,None
2025-09-25 07:00:00,7.156,65.93,7.38,835.2,27.91,Increasing,NORMAL,None
2025-09-25 08:00:00,7.329,93.93,6.06,849.21,28.55,Decreasing,NORMAL,None
2025-09-25 09:00:00,7.44,57.39,3.67,843.16,28.92,Decreasing,NORMAL,None
2025-09-25 10:00:00,7.347,68.31,5.19,820.96,28.59,Increasing,NORMAL,None
2025-09-25 11:00:00,7.259,30.0,4.82,794.52,29.03,Decreasing,NORMAL,None
2025-09-25 12:00:00,7.45,30.0,4.54,796.62,28.94,Decreasing,NORMAL,None
2025-09-25 13:00:00,7.218,47.34,5.6,800.13,29.4,Decreasing,NORMAL,None
2025-09-25 14:00:00,7.465,80.92,5.59,800.38,29.71,Decreasing,NORMAL,None
2025-09-25 15:00:00,7.382,59.23,4.9,804.58,28.9,Increasing,NORMAL,None
2025-09-25 16:00:00,7.314,90.67,10.17,780.9,28.54,Increasing,NORMAL,None
2025-09-25 17:00:00,7.203,78.24,11.86,785.77,28.32,Increasing,NORMAL,None
2025-09-25 18:00:00,7.201,94.83,9.52,801.52,27.67,Increasing,NORMAL,None
2025-09-25 19:00:00,7.35,80.41,8.88,798.87,26.87,Increasing,NORMAL,None
2025-09-25 20:00:00,7.323,109.75,7.15,810.57,26.93,Increasing,NORMAL,None
2025-09-25 21:00:00,7.341,93.49,8.42,832.6,26.09,Increasing,NORMAL,None
2025-09-25 22:00:00,7.415,69.62,9.47,835.69,25.3,Decreasing,NORMAL,None
2025-09-25 23:00:00,7.482,79.36,9.7,872.25,26.0,Stable,NORMAL,None
2025-09-26 00:00:00,7.324,101.11,10.83,893.09,25.3,Increasing,NORMAL,None
2025-09-26 01:00:00,7.259,97.09,10.15,894.98,25.71,Increasing,NORMAL,None
2025-09-26 02:00:00,7.565,62.97,8.15,892.05,25.88,Decreasing,NORMAL,None
2025-09-26 03:00:00,7.508,93.38,10.5,880.02,26.64,Stable,NORMAL,None
2025-09-26 04:00:00,7.29,106.14,10.89,898.08,26.56,Increasing,NORMAL,None
2025-09-26 05:00:00,7.193,97.44,10.79,905.58,26.92,Increasing,NORMAL,None
2025-09-26 06:00:00,7.413,60.21,10.47,891.56,27.62,Decreasing,NORMAL,None
2025-09-26 07:00:00,7.266,55.19,9.66,871.3,28.28,Decreasing,NORMAL,None
2025-09-26 08:00:00,7.302,65.37,7.63,867.86,28.55,Increasing,NORMAL,None
2025-09-26 09:00:00,7.208,38.89,7.59,853.92,28.47,Decreasing,NORMAL,None
2025-09-26 10:00:00,7.578,97.54,9.82,829.84,28.67,Decreasing,NORMAL,None
2025-09-26 11:00:00,7.27,82.28,7.96,829.58,29.76,Decreasing,NORMAL,None
2025-09-26 12:00:00,7.526,110.75,6.57,840.38,29.36,Increasing,NORMAL,None
2025-09-26 13:00:00,7.327,36.95,5.01,835.05,29.02,Decreasing,NORMAL,None
2025-09-26 14:00:00,7.436,53.41,4.92,801.66,29.92,Decreasing,NORMAL,None
2025-09-26 15:00:00,7.216,73.43,6.28,796.07,28.43,Increasing,NORMAL,None
2025-09-26 16:00:00,7.546,30.0,6.26,788.21,27.53,Decreasing,NORMAL,None
2025-09-26 17:00:00,7.291,52.26,7.42,753.72,27.94,Decreasing,NORMAL,None
2025-09-26 18:00:00,7.325,44.27,6.73,769.87,27.27,Decreasing,NORMAL,None
2025-09-26 19:00:00,7.332,99.89,6.22,776.51,26.78,Increasing,NORMAL,None
2025-09-26 20:00:00,7.305,73.65,8.6,793.95,26.8,Increasing,NORMAL,None
2025-09-26 21:00:00,7.324,63.79,9.32,812.61,26.47,Decreasing,NORMAL,None
2025-09-26 22:00:00,7.329,36.17,7.78,803.21,25.76,Increasing,NORMAL,None
2025-09-26 23:00:00,7.346,117.89,10.26,798.04,26.11,Increasing,NORMAL,None
2025-09-27 00:00:00,7.355,39.76,8.79,791.21,25.61,Decreasing,NORMAL,None
2025-09-27 01:00:00,7.258,46.31,7.18,792.69,26.17,Decreasing,NORMAL,None
2025-09-27 02:00:00,7.307,68.35,7.89,802.03,26.27,Decreasing,NORMAL,None
2025-09-27 03:00:00,7.347,53.46,6.52,795.65,26.24,Decreasing,NORMAL,None
2025-09-27 04:00:00,7.345,69.57,6.62,795.03,27.01,Increasing,NORMAL,None
2025-09-27 05:00:00,7.299,67.31,7.22,791.26,27.36,Decreasing,NORMAL,None
2025-09-27 06:00:00,7.259,70.24,6.18,795.09,27.61,Increasing,NORMAL,None
2025-09-27 07:00:00,7.3,86.69,7.64,789.73,28.32,Increasing,NORMAL,None
2025-09-27 08:00:00,7.276,98.56,6.59,792.37,29.0,Increasing,NORMAL,None
2025-09-27 09:00:00,7.354,56.14,6.49,769.28,28.85,Increasing,NORMAL,None
2025-09-27 10:00:00,7.377,30.0,6.25,767.11,29.14,Decreasing,NORMAL,None
2025-09-27 11:00:00,7.357,47.23,5.97,747.14,29.47,Decreasing,NORMAL,None
2025-09-27 12:00:00,7.406,91.28,7.31,749.71,28.92,Increasing,NORMAL,None
2025-09-27 13:00:00,7.363,59.32,7.54,779.32,28.74,Decreasing,NORMAL,None
2025-09-27 14:00:00,7.291,63.46,7.39,781.57,29.02,Decreasing,NORMAL,None
2025-09-27 15:00:00,7.263,69.79,6.15,776.55,28.69,Increasing,NORMAL,None
2025-09-27 16:00:00,7.361,95.51,6.76,769.68,28.41,Increasing,NORMAL,None
2025-09-27 17:00:00,7.263,64.69,8.02,770.99,27.67,Increasing,NORMAL,None
2025-09-27 18:00:00,7.342,63.24,6.47,763.08,27.81,Decreasing,NORMAL,None
2025-09-27 19:00:00,7.344,53.56,4.05,745.8,26.87,Decreasing,NORMAL,None
2025-09-27 20:00:00,7.37,71.49,4.76,727.46,26.09,Increasing,NORMAL,None
2025-09-27 21:00:00,7.384,91.72,6.1,726.03,25.93,Increasing,NORMAL,None
2025-09-27 22:00:00,7.265,105.09,4.73,704.4,25.84,Increasing,NORMAL,None
2025-09-27 23:00:00,7.38,71.76,6.68,677.52,26.22,Increasing,NORMAL,None
2025-09-28 00:00:00,7.507,40.38,5.67,692.96,25.22,Decreasing,NORMAL,None
2025-09-28 01:00:00,7.277,76.82,7.2,726.12,25.69,Increasing,NORMAL,None
2025-09-28 02:00:00,7.306,30.0,8.86,720.96,25.9,Decreasing,NORMAL,None
2025-09-28 03:00:00,7.3,30.0,9.85,731.99,26.3,Decreasing,NORMAL,None
2025-09-28 04:00:00,7.344,51.21,9.49,742.71,27.06,Decreasing,NORMAL,None
2025-09-28 05:00:00,7.066,80.44,10.6,748.19,26.39,Increasing,NORMAL,None
2025-09-28 06:00:00,7.162,56.88,9.82,755.96,27.29,Increasing,NORMAL,None
2025-09-28 07:00:00,7.05,112.88,10.99,751.2,28.07,Increasing,NORMAL,None
2025-09-28 08:00:00,7.161,121.03,10.79,768.26,28.72,Increasing,NORMAL,None
2025-09-28 09:00:00,7.226,98.35,10.38,759.32,29.02,Increasing,NORMAL,None
2025-09-28 10:00:00,7.192,77.1,11.26,765.02,28.71,Increasing,NORMAL,None
2025-09-28 11:00:00,7.32,66.64,10.3,800.54,28.81,Decreasing,NORMAL,None
2025-09-28 12:00:00,7.351,84.81,10.79,807.48,29.65,Increasing,NORMAL,None
2025-09-28 13:00:00,7.148,117.04,9.31,810.88,29.37,Increasing,NORMAL,None
2025-09-28 14:00:00,7.678,39.11,8.94,783.19,29.08,Decreasing,NORMAL,None
2025-09-28 15:00:00,7.44,51.66,6.67,804.95,28.73,Decreasing,NORMAL,None
2025-09-28 16:00:00,7.433,73.97,7.27,834.74,28.26,Decreasing,NORMAL,None
2025-09-28 17:00:00,7.329,70.97,6.35,833.45,27.86,Increasing,NORMAL,None
2025-09-28 18:00:00,7.341,44.75,6.84,838.61,27.21,Decreasing,NORMAL,None
2025-09-28 19:00:00,7.184,67.16,8.12,871.23,27.36,Decreasing,NORMAL,None
2025-09-28 20:00:00,7.254,73.34,7.95,878.42,25.93,Increasing,NORMAL,None
2025-09-28 21:00:00,7.311,50.33,7.17,866.41,26.42,Stable,NORMAL,None
2025-09-28 22:00:00,7.128,89.94,8.0,872.19,25.96,Increasing,NORMAL,None
2025-09-28 23:00:00,7.408,69.79,8.48,862.53,25.17,Stable,NORMAL,None
2025-09-29 00:00:00,7.389,98.06,7.05,880.16,25.78,Increasing,NORMAL,None
2025-09-29 01:00:00,7.422,57.08,4.66,857.04,26.1,Decreasing,NORMAL,None
2025-09-29 02:00:00,7.379,88.29,5.86,880.69,26.49,Increasing,NORMAL,None
2025-09-29 03:00:00,7.259,49.85,5.61,848.02,26.01,Stable,NORMAL,None
2025-09-29 04:00:00,7.393,69.03,4.64,849.54,26.85,Decreasing,NORMAL,None
2025-09-29 05:00:00,7.285,30.0,5.4,844.94,27.23,Decreasing,NORMAL,None
2025-09-29 06:00:00,7.463,38.41,2.89,817.8,27.81,Decreasing,NORMAL,None
2025-09-29 07:00:00,7.26,30.0,2.18,821.89,28.21,Decreasing,NORMAL,None
2025-09-29 08:00:00,7.397,77.08,2.88,827.95,28.14,Decreasing,NORMAL,None
2025-09-29 09:00:00,7.386,61.18,2.68,822.98,28.6,Increasing,NORMAL,None
2025-09-29 10:00:00,7.361,50.27,1.22,808.42,29.08,Decreasing,NORMAL,None
2025-09-29 11:00:00,7.395,30.0,1.07,807.81,29.78,Stable,NORMAL,None
2025-09-29 12:00:00,7.453,50.43,1.38,794.58,29.13,Increasing,NORMAL,None
2025-09-29 13:00:00,7.349,44.49,1.64,774.71,29.15,Increasing,NORMAL,None
2025-09-29 14:00:00,7.459,30.0,3.35,773.47,28.83,Decreasing,NORMAL,None
2025-09-29 15:00:00,7.41,62.93,4.23,763.91,28.62,Stable,NORMAL,None
2025-09-29 16:00:00,7.272,80.59,3.69,785.85,28.36,Increasing,NORMAL,None
2025-09-29 17:00:00,7.31,49.86,4.82,789.67,28.3,Increasing,NORMAL,None
2025-09-29 18:00:00,7.319,83.67,5.62,793.37,27.97,Increasing,NORMAL,None
2025-09-29 19:00:00,7.238,78.1,7.93,807.74,26.84,Increasing,NORMAL,None
2025-09-29 20:00:00,7.343,83.23,10.21,834.94,26.75,Increasing,NORMAL,None
2025-09-29 21:00:00,7.408,72.56,11.93,831.33,26.54,Increasing,NORMAL,None
2025-09-29 22:00:00,7.258,109.84,12.07,832.47,25.89,Increasing,NORMAL,None
2025-09-29 23:00:00,7.418,48.84,10.77,834.65,25.84,Stable,NORMAL,None
2025-09-30 00:00:00,7.3,104.49,11.65,807.46,25.94,Increasing,NORMAL,None
2025-09-30 01:00:00,7.282,67.29,9.74,799.7,25.91,Decreasing,NORMAL,None
2025-09-30 02:00:00,7.401,61.66,8.81,789.44,25.93,Decreasing,NORMAL,None
2025-09-30 03:00:00,7.117,68.9,8.23,780.12,25.9,Decreasing,NORMAL,None
2025-09-30 04:00:00,7.427,54.59,9.35,788.0,27.2,Decreasing,NORMAL,None
2025-09-30 05:00:00,7.362,109.41,7.87,798.18,26.65,Increasing,NORMAL,None
2025-09-30 06:00:00,7.513,49.64,7.23,793.05,27.84,Decreasing,NORMAL,None
2025-09-30 07:00:00,7.334,122.66,7.44,811.14,28.27,Increasing,NORMAL,None
2025-09-30 08:00:00,7.463,63.21,6.34,819.3,28.15,Stable,NORMAL,None
2025-09-30 09:00:00,7.523,40.72,8.13,823.92,28.9,Decreasing,NORMAL,None
2025-09-30 10:00:00,7.249,57.03,9.12,814.42,28.84,Increasing,NORMAL,None
2025-09-30 11:00:00,7.269,69.69,10.29,824.37,29.42,Decreasing,NORMAL,None
2025-09-30 12:00:00,7.397,61.47,9.28,818.74,29.67,Increasing,NORMAL,None
2025-09-30 13:00:00,7.368,30.31,8.81,811.29,29.24,Decreasing,NORMAL,None
2025-09-30 14:00:00,7.152,65.23,9.07,829.78,29.0,Increasing,NORMAL,None
2025-09-30 15:00:00,7.553,120.49,8.03,820.28,29.22,Increasing,NORMAL,None
2025-09-30 16:00:00,7.268,30.0,7.61,805.59,28.4,Decreasing,NORMAL,None
2025-09-30 17:00:00,7.17,59.33,6.46,808.63,28.22,Decreasing,NORMAL,None
2025-09-30 18:00:00,7.456,79.28,7.31,785.49,27.55,Increasing,NORMAL,None
2025-09-30 19:00:00,7.536,69.08,7.69,795.23,27.35,Increasing,NORMAL,None
2025-09-30 20:00:00,7.373,84.83,7.41,804.5,26.33,Increasing,NORMAL,None
2025-09-30 21:00:00,7.361,52.83,8.9,801.7,26.32,Decreasing,NORMAL,None
2025-09-30 22:00:00,7.275,78.54,8.11,826.27,25.88,Increasing,NORMAL,None
2025-09-30 23:00:00,7.358,68.78,6.8,825.36,25.86,Increasing,NORMAL,None
2025-10-01 00:00:00,7.238,66.48,6.77,832.01,26.05,Decreasing,NORMAL,None
2025-10-01 01:00:00,7.363,30.0,5.3,829.75,25.91,Decreasing,NORMAL,None
2025-10-01 02:00:00,7.357,62.88,5.01,818.92,26.0,Decreasing,NORMAL,None
2025-10-01 03:00:00,7.265,102.93,4.85,816.33,26.44,Increasing,NORMAL,None
2025-10-01 04:00:00,7.362,57.91,4.06,797.96,26.25,Decreasing,NORMAL,None
2025-10-01 05:00:00,7.594,30.0,4.41,785.86,27.06,Decreasing,NORMAL,None
2025-10-01 06:00:00,7.245,102.72,4.55,756.84,27.76,Increasing,NORMAL,None
2025-10-01 07:00:00,7.476,58.62,4.56,750.29,27.58,Increasing,NORMAL,None
2025-10-01 08:00:00,7.144,152.99,24.5,768.75,28.45,Increasing,NORMAL,None
2025-10-01 09:00:00,7.307,127.74,21.72,766.64,28.83,Increasing,NORMAL,None
2025-10-01 10:00:00,7.406,50.04,18.71,761.1,28.76,Decreasing,NORMAL,None
2025-10-01 11:00:00,7.306,122.99,19.82,770.07,28.99,Increasing,NORMAL,None
2025-10-01 12:00:00,7.353,132.83,20.59,779.59,29.38,Increasing,NORMAL,None
2025-10-01 13:00:00,7.21,159.61,18.32,782.55,29.0,Increasing,NORMAL,None
2025-10-01 14:00:00,7.439,136.68,17.09,796.0,28.74,Decreasing,NORMAL,None
2025-10-01 15:00:00,7.21,125.43,15.65,819.46,28.55,Stable,NORMAL,None
2025-10-01 16:00:00,7.379,71.1,13.24,833.7,28.05,Increasing,NORMAL,None
2025-10-01 17:00:00,7.441,84.43,11.87,842.97,27.96,Decreasing,NORMAL,None
2025-10-01 18:00:00,7.503,75.63,13.81,830.58,27.46,Decreasing,NORMAL,None
2025-10-01 19:00:00,7.577,73.6,12.67,816.43,27.66,Decreasing,NORMAL,None
2025-10-01 20:00:00,7.196,93.88,9.5,826.46,25.79,Decreasing,NORMAL,None
2025-10-01 21:00:00,7.208,101.04,9.52,835.38,26.31,Decreasing,NORMAL,None
2025-10-01 22:00:00,7.482,71.4,8.52,820.66,25.99,Stable,NORMAL,None
2025-10-01 23:00:00,7.404,44.26,9.61,800.89,25.98,Decreasing,NORMAL,None
2025-10-02 00:00:00,7.293,80.2,8.81,815.79,25.69,Increasing,NORMAL,None
2025-10-02 01:00:00,7.265,96.53,8.49,848.53,26.27,Increasing,NORMAL,None
2025-10-02 02:00:00,7.225,69.98,6.95,881.86,25.43,Decreasing,NORMAL,None
2025-10-02 03:00:00,7.406,55.52,5.34,870.14,25.38,Decreasing,NORMAL,None
2025-10-02 04:00:00,7.233,69.24,5.24,892.85,26.44,Decreasing,NORMAL,None
2025-10-02 05:00:00,7.318,59.76,3.37,885.87,27.38,Increasing,NORMAL,None
2025-10-02 06:00:00,7.269,73.8,3.96,882.02,26.9,Decreasing,NORMAL,None
2025-10-02 07:00:00,7.367,52.41,3.59,859.57,28.38,Decreasing,NORMAL,None
2025-10-02 08:00:00,7.192,85.72,4.8,873.87,27.87,Increasing,NORMAL,None
2025-10-02 09:00:00,7.534,96.6,4.94,875.41,28.08,Increasing,NORMAL,None
2025-10-02 10:00:00,7.319,39.79,4.32,868.65,29.28,Decreasing,NORMAL,None
2025-10-02 11:00:00,7.313,58.31,4.05,836.49,29.28,Stable,NORMAL,None
2025-10-02 12:00:00,7.399,54.62,4.75,849.67,29.76,Decreasing,NORMAL,None
2025-10-02 13:00:00,7.562,86.14,4.86,831.78,29.21,Increasing,NORMAL,None
2025-10-02 14:00:00,7.458,43.33,5.61,843.86,29.5,Decreasing,NORMAL,None
2025-10-02 15:00:00,7.389,54.34,6.46,820.09,28.49,Decreasing,NORMAL,None
2025-10-02 16:00:00,7.458,35.08,5.83,850.32,28.39,Decreasing,NORMAL,None
2025-10-02 17:00:00,7.41,58.75,4.76,859.09,28.23,Stable,NORMAL,None
2025-10-02 18:00:00,7.351,70.36,7.48,862.58,27.56,Increasing,NORMAL,None
2025-10-02 19:00:00,7.223,75.0,7.47,847.89,26.92,Decreasing,NORMAL,None
2025-10-02 20:00:00,7.238,104.28,16.52,851.77,27.16,Increasing,NORMAL,None
2025-10-02 21:00:00,7.321,85.91,14.13,852.75,25.96,Increasing,NORMAL,None
2025-10-02 22:00:00,7.272,126.89,13.72,851.76,25.93,Increasing,NORMAL,None
2025-10-02 23:00:00,7.239,73.51,12.28,850.15,25.86,Increasing,NORMAL,None
2025-10-03 00:00:00,7.524,67.97,11.05,851.66,25.35,Decreasing,NORMAL,None
2025-10-03 01:00:00,7.304,43.14,10.3,828.22,26.02,Decreasing,NORMAL,None
2025-10-03 02:00:00,7.388,98.71,14.13,835.95,26.36,Decreasing,NORMAL,None
2025-10-03 03:00:00,7.291,53.4,11.46,824.61,26.99,Decreasing,NORMAL,None
2025-10-03 04:00:00,7.432,66.94,8.77,803.41,26.61,Decreasing,NORMAL,None
2025-10-03 05:00:00,7.32,57.44,9.32,828.74,27.26,Decreasing,NORMAL,None
2025-10-03 06:00:00,7.461,57.24,8.86,843.73,27.46,Decreasing,NORMAL,None
2025-10-03 07:00:00,7.359,101.81,7.29,844.62,27.95,Increasing,NORMAL,None
2025-10-03 08:00:00,7.429,65.42,5.66,836.24,28.38,Decreasing,NORMAL,None
2025-10-03 09:00:00,7.328,69.34,4.59,812.89,28.95,Increasing,NORMAL,None
2025-10-03 10:00:00,7.439,43.59,6.0,784.89,28.9,Decreasing,NORMAL,None
2025-10-03 11:00:00,7.462,50.51,5.07,787.88,28.76,Decreasing,NORMAL,None
2025-10-03 12:00:00,7.223,46.36,4.44,796.3,29.59,Decreasing,NORMAL,None
2025-10-03 13:00:00,7.421,30.0,2.52,765.91,29.05,Decreasing,NORMAL,None
2025-10-03 14:00:00,7.269,31.6,2.08,751.68,28.84,Decreasing,NORMAL,None
2025-10-03 15:00:00,7.42,30.0,3.39,743.42,28.54,Decreasing,NORMAL,None
2025-10-03 16:00:00,7.196,99.77,4.81,754.69,28.07,Increasing,NORMAL,None
2025-10-03 17:00:00,7.601,47.74,4.96,753.33,28.01,Decreasing,NORMAL,None
2025-10-03 18:00:00,7.226,80.47,3.5,785.32,27.31,Increasing,NORMAL,None
2025-10-03 19:00:00,7.494,71.77,1.52,768.42,27.55,Increasing,NORMAL,None
2025-10-03 20:00:00,7.264,36.79,1.66,759.18,26.47,Increasing,NORMAL,None
2025-10-03 21:00:00,7.454,41.73,2.75,765.94,26.25,Increasing,NORMAL,None
2025-10-03 22:00:00,7.298,30.0,1.57,736.3,25.8,Decreasing,NORMAL,None
2025-10-03 23:00:00,7.273,51.19,2.09,723.07,26.3,Increasing,NORMAL,None
2025-10-04 00:00:00,7.229,71.33,1.38,706.15,25.39,Decreasing,NORMAL,None
2025-10-04 01:00:00,7.372,49.85,3.88,721.21,25.86,Decreasing,NORMAL,None
2025-10-04 02:00:00,7.43,31.63,3.28,739.17,26.21,Decreasing,NORMAL,None
2025-10-04 03:00:00,7.487,93.37,3.21,749.77,26.74,Increasing,NORMAL,None
2025-10-04 04:00:00,7.321,30.0,3.3,739.84,26.68,Stable,NORMAL,None
2025-10-04 05:00:00,7.206,74.43,2.08,730.73,26.96,Increasing,NORMAL,None
2025-10-04 06:00:00,7.181,80.65,1.0,747.24,27.89,Increasing,NORMAL,None
2025-10-04 07:00:00,7.367,40.07,1.1,734.3,27.56,Decreasing,NORMAL,None
2025-10-04 08:00:00,7.32,30.0,2.71,721.45,28.87,Decreasing,NORMAL,None
2025-10-04 09:00:00,7.31,37.75,2.29,711.63,28.83,Decreasing,NORMAL,None
2025-10-04 10:00:00,7.341,70.53,1.69,728.75,28.95,Increasing,NORMAL,None
2025-10-04 11:00:00,7.341,84.1,1.0,760.37,29.4,Increasing,NORMAL,None
2025-10-04 12:00:00,7.398,66.35,1.67,761.28,29.93,Decreasing,NORMAL,None
2025-10-04 13:00:00,7.249,53.55,1.59,745.31,28.77,Increasing,NORMAL,None
2025-10-04 14:00:00,7.5,30.0,1.0,724.68,28.96,Stable,NORMAL,None
2025-10-04 15:00:00,7.39,31.78,2.91,708.35,28.28,Decreasing,NORMAL,None
2025-10-04 16:00:00,7.254,57.77,1.66,706.62,28.41,Decreasing,NORMAL,None
2025-10-04 17:00:00,7.325,85.48,3.13,709.5,27.75,Stable,NORMAL,None
2025-10-04 18:00:00,7.336,30.0,2.41,693.66,27.81,Decreasing,NORMAL,None
2025-10-04 19:00:00,7.237,47.76,4.31,689.32,26.55,Decreasing,NORMAL,None
2025-10-04 20:00:00,7.162,67.35,3.11,683.95,26.96,Increasing,NORMAL,None
2025-10-04 21:00:00,7.283,35.8,2.05,672.43,25.98,Increasing,NORMAL,None
2025-10-04 22:00:00,7.165,93.44,4.56,694.3,25.93,Increasing,NORMAL,None
2025-10-04 23:00:00,7.26,79.63,4.58,677.16,25.73,Decreasing,NORMAL,None
2025-10-05 00:00:00,7.381,30.0,5.05,675.67,25.21,Stable,NORMAL,None
2025-10-05 01:00:00,7.52,63.74,4.11,675.32,26.31,Increasing,NORMAL,None
2025-10-05 02:00:00,7.339,83.3,3.91,689.65,25.92,Increasing,NORMAL,None
2025-10-05 03:00:00,7.375,83.53,4.39,676.64,26.51,Increasing,NORMAL,None
2025-10-05 04:00:00,7.438,67.24,2.74,681.48,26.81,Decreasing,NORMAL,None
2025-10-05 05:00:00,7.305,30.0,2.38,682.21,26.93,Decreasing,NORMAL,None
2025-10-05 06:00:00,7.34,30.0,2.43,703.39,27.2,Stable,NORMAL,None
2025-10-05 07:00:00,7.501,70.2,2.2,707.09,27.9,Increasing,NORMAL,None
2025-10-05 08:00:00,7.193,106.58,5.55,725.26,27.85,Increasing,NORMAL,None
2025-10-05 09:00:00,7.401,74.74,6.28,768.43,28.35,Decreasing,NORMAL,None
2025-10-05 10:00:00,7.321,44.02,6.67,764.96,29.3,Decreasing,NORMAL,None
2025-10-05 11:00:00,7.33,57.87,4.87,765.55,28.77,Increasing,NORMAL,None
2025-10-05 12:00:00,7.228,30.0,3.98,764.54,29.75,Stable,NORMAL,None
2025-10-05 13:00:00,7.438,30.0,3.44,750.28,29.64,Decreasing,NORMAL,None
2025-10-05 14:00:00,7.307,82.55,3.68,765.87,29.05,Decreasing,NORMAL,None
2025-10-05 15:00:00,7.486,30.0,4.46,771.82,28.93,Decreasing,NORMAL,None
2025-10-05 16:00:00,7.408,69.46,6.28,776.91,28.83,Increasing,NORMAL,None
2025-10-05 17:00:00,7.241,92.53,4.49,799.87,28.06,Increasing,NORMAL,None
2025-10-05 18:00:00,7.424,30.0,5.02,801.52,27.8,Stable,NORMAL,None
2025-10-05 19:00:00,7.225,90.58,4.54,816.81,27.08,Increasing,NORMAL,None
2025-10-05 20:00:00,7.186,42.91,5.78,827.64,26.07,Decreasing,NORMAL,None
2025-10-05 21:00:00,7.367,30.0,5.73,821.4,25.99,Stable,NORMAL,None
2025-10-05 22:00:00,7.304,99.73,3.82,825.47,26.26,Increasing,NORMAL,None
2025-10-05 23:00:00,7.22,30.0,3.6,815.48,24.97,Decreasing,NORMAL,None
2025-10-06 00:00:00,7.463,60.86,4.75,790.93,25.35,Increasing,NORMAL,None
2025-10-06 01:00:00,7.485,57.3,5.65,785.34,25.47,Decreasing,NORMAL,None
2025-10-06 02:00:00,7.274,51.47,6.63,793.87,26.1,Increasing,NORMAL,None
2025-10-06 03:00:00,7.262,84.25,5.39,778.55,25.95,Increasing,NORMAL,None
2025-10-06 04:00:00,7.332,68.24,6.47,762.32,26.95,Decreasing,NORMAL,None
2025-10-06 05:00:00,7.274,109.16,3.5,781.44,26.87,Increasing,NORMAL,None
2025-10-06 06:00:00,7.336,31.88,4.6,772.31,27.29,Decreasing,NORMAL,None
2025-10-06 07:00:00,7.562,30.0,2.33,770.83,27.83,Decreasing,NORMAL,None
2025-10-06 08:00:00,7.636,30.0,1.33,779.28,28.3,Decreasing,NORMAL,None
2025-10-06 09:00:00,7.354,30.0,1.35,789.52,28.38,Decreasing,NORMAL,None
2025-10-06 10:00:00,7.475,30.0,2.43,783.67,29.56,Decreasing,NORMAL,None
2025-10-06 11:00:00,7.622,49.65,1.47,784.32,29.03,Decreasing,NORMAL,None
2025-10-06 12:00:00,7.293,39.07,1.88,753.78,29.03,Increasing,NORMAL,None
2025-10-06 13:00:00,7.284,52.14,1.45,752.37,28.81,Increasing,NORMAL,None
2025-10-06 14:00:00,7.362,54.1,3.3,750.17,29.21,Increasing,NORMAL,None
2025-10-06 15:00:00,7.432,30.0,1.58,747.69,28.35,Stable,NORMAL,None
2025-10-06 16:00:00,7.299,48.74,4.07,768.67,28.44,Increasing,NORMAL,None
2025-10-06 17:00:00,7.308,30.0,3.88,764.57,27.99,Decreasing,NORMAL,None
2025-10-06 18:00:00,7.496,30.0,4.16,752.48,27.39,Decreasing,NORMAL,None
2025-10-06 19:00:00,7.388,34.35,4.95,743.62,26.87,Decreasing,NORMAL,None
2025-10-06 20:00:00,7.434,36.54,4.18,718.56,26.23,Decreasing,NORMAL,None
2025-10-06 21:00:00,7.279,50.95,4.24,716.71,26.45,Increasing,NORMAL,None
2025-10-06 22:00:00,7.178,43.32,4.21,702.08,25.98,Decreasing,NORMAL,None
2025-10-06 23:00:00,7.273,46.9,5.13,692.92,25.39,Increasing,NORMAL,None
2025-10-07 00:00:00,7.483,65.99,6.08,727.55,25.65,Increasing,NORMAL,None
2025-10-07 01:00:00,7.357,62.57,5.18,735.18,26.2,Increasing,NORMAL,None
2025-10-07 02:00:00,7.149,90.75,10.92,743.52,25.57,Increasing,NORMAL,None
2025-10-07 03:00:00,7.38,63.53,10.73,748.86,26.34,Increasing,NORMAL,None
2025-10-07 04:00:00,7.422,30.0,9.1,753.56,26.4,Decreasing,NORMAL,None
2025-10-07 05:00:00,7.362,35.62,11.26,729.06,26.96,Decreasing,NORMAL,None
2025-10-07 06:00:00,7.319,76.84,10.68,725.46,27.43,Increasing,NORMAL,None
2025-10-07 07:00:00,7.289,44.75,9.1,737.45,28.11,Decreasing,NORMAL,None
2025-10-07 08:00:00,7.409,70.85,9.24,741.09,28.42,Decreasing,NORMAL,None
2025-10-07 09:00:00,7.126,95.26,7.37,750.58,28.7,Increasing,NORMAL,None
2025-10-07 10:00:00,7.378,63.27,6.58,731.18,29.34,Increasing,NORMAL,None
2025-10-07 11:00:00,7.233,33.91,7.81,747.66,28.78,Decreasing,NORMAL,None
2025-10-07 12:00:00,7.302,48.59,7.02,758.14,29.63,Decreasing,NORMAL,None
2025-10-07 13:00:00,7.283,48.68,6.61,724.67,29.68,Increasing,NORMAL,None
2025-10-07 14:00:00,7.311,60.48,7.53,723.97,28.53,Decreasing,NORMAL,None
2025-10-07 15:00:00,7.258,30.0,6.15,723.97,29.08,Decreasing,NORMAL,None
2025-10-07 16:00:00,7.318,62.16,4.73,751.98,28.49,Stable,NORMAL,None
2025-10-07 17:00:00,7.484,30.04,7.02,740.93,28.44,Decreasing,NORMAL,None
2025-10-07 18:00:00,7.427,57.79,6.35,736.83,27.28,Increasing,NORMAL,None
2025-10-07 19:00:00,7.372,53.55,5.81,732.8,27.13,Increasing,NORMAL,None
2025-10-07 20:00:00,7.471,50.33,4.96,732.76,26.55,Decreasing,NORMAL,None
2025-10-07 21:00:00,7.156,103.5,4.3,759.35,26.18,Increasing,NORMAL,None
2025-10-07 22:00:00,7.263,30.0,3.57,758.79,25.76,Decreasing,NORMAL,None
2025-10-07 23:00:00,7.153,61.26,4.19,741.39,25.88,Increasing,NORMAL,None
2025-10-08 00:00:00,7.497,43.17,2.16,755.42,26.17,Decreasing,NORMAL,None
2025-10-08 01:00:00,7.323,70.11,1.36,744.45,25.66,Increasing,NORMAL,None
2025-10-08 02:00:00,7.392,30.0,2.6,744.54,26.11,Decreasing,NORMAL,None
2025-10-08 03:00:00,7.448,64.2,2.29,745.58,26.47,Decreasing,NORMAL,None
2025-10-08 04:00:00,7.284,30.0,3.7,723.54,26.54,Stable,NORMAL,None
2025-10-08 05:00:00,7.422,30.0,3.31,722.85,27.27,Decreasing,NORMAL,None
2025-10-08 06:00:00,7.506,30.0,2.85,717.02,27.69,Decreasing,NORMAL,None
2025-10-08 07:00:00,7.303,63.12,3.35,736.34,28.0,Decreasing,NORMAL,None
2025-10-08 08:00:00,7.41,30.0,1.32,719.94,28.6,Stable,NORMAL,None
2025-10-08 09:00:00,7.322,54.29,1.76,713.73,28.79,Decreasing,NORMAL,None
2025-10-08 10:00:00,7.29,77.19,4.55,721.9,29.27,Increasing,NORMAL,None
2025-10-08 11:00:00,7.318,72.45,4.51,738.64,29.43,Increasing,NORMAL,None
2025-10-08 12:00:00,7.388,115.15,4.03,763.9,29.74,Increasing,NORMAL,None
2025-10-08 13:00:00,7.146,52.59,6.83,771.92,29.12,Decreasing,NORMAL,None
2025-10-08 14:00:00,7.253,107.39,6.18,795.03,29.46,Increasing,NORMAL,None
2025-10-08 15:00:00,7.411,69.54,6.81,778.57,28.75,Increasing,NORMAL,None
2025-10-08 16:00:00,7.366,38.6,5.42,779.0,28.03,Decreasing,NORMAL,None
2025-10-08 17:00:00,7.177,42.34,5.17,783.17,28.36,Decreasing,NORMAL,None
2025-10-08 18:00:00,7.547,42.06,4.06,786.4,27.02,Decreasing,NORMAL,None
2025-10-08 19:00:00,7.575,30.0,2.78,781.81,27.15,Decreasing,NORMAL,None
2025-10-08 20:00:00,7.429,45.82,1.79,790.57,26.4,Decreasing,NORMAL,None
2025-10-08 21:00:00,7.308,39.6,1.0,772.66,26.22,Decreasing,NORMAL,None
2025-10-08 22:00:00,7.364,30.0,1.0,769.75,25.87,Decreasing,NORMAL,None
2025-10-08 23:00:00,7.484,30.0,1.0,771.7,25.62,Decreasing,NORMAL,None
2025-10-09 00:00:00,7.28,30.0,1.0,804.21,25.33,Decreasing,NORMAL,None
2025-10-09 01:00:00,7.318,46.19,1.88,810.53,25.37,Increasing,NORMAL,None
2025-10-09 02:00:00,7.276,53.94,1.91,802.23,26.47,Increasing,NORMAL,None
2025-10-09 03:00:00,7.355,81.97,3.96,797.85,26.49,Increasing,NORMAL,None
2025-10-09 04:00:00,7.401,57.69,2.78,797.89,26.6,Increasing,NORMAL,None
2025-10-09 05:00:00,7.24,78.9,2.48,811.3,27.18,Increasing,NORMAL,None
2025-10-09 06:00:00,7.477,34.88,1.86,810.64,27.19,Increasing,NORMAL,None
2025-10-09 07:00:00,7.477,30.0,2.46,818.29,27.83,Decreasing,NORMAL,None
2025-10-09 08:00:00,7.232,70.65,4.27,796.05,27.68,Increasing,NORMAL,None
2025-10-09 09:00:00,7.358,70.38,4.18,814.59,28.52,Decreasing,NORMAL,None
2025-10-09 10:00:00,7.289,46.2,3.22,820.42,28.65,Decreasing,NORMAL,None
2025-10-09 11:00:00,7.489,102.8,4.25,825.84,28.86,Increasing,NORMAL,None
2025-10-09 12:00:00,7.526,95.7,20.51,840.35,29.07,Increasing,NORMAL,None
2025-10-09 13:00:00,7.217,117.73,18.67,830.55,29.54,Increasing,NORMAL,None
2025-10-09 14:00:00,7.515,93.23,18.81,855.05,29.24,Increasing,NORMAL,None
2025-10-09 15:00:00,7.448,79.87,17.86,854.97,28.74,Increasing,NORMAL,None
2025-10-09 16:00:00,7.181,105.77,16.68,855.11,28.85,Increasing,NORMAL,None
2025-10-09 17:00:00,7.588,70.82,13.36,840.52,27.91,Decreasing,NORMAL,None
2025-10-09 18:00:00,7.128,140.53,15.27,864.74,27.13,Increasing,NORMAL,None
2025-10-09 19:00:00,7.407,92.26,17.52,858.71,27.28,Decreasing,NORMAL,None
2025-10-09 20:00:00,7.558,103.98,14.84,856.46,26.14,Increasing,NORMAL,None
2025-10-09 21:00:00,7.229,104.18,12.71,863.11,26.29,Increasing,NORMAL,None
2025-10-09 22:00:00,7.303,83.92,12.31,875.94,25.75,Decreasing,NORMAL,None
2025-10-09 23:00:00,7.276,122.21,11.24,902.57,26.29,Increasing,NORMAL,None
2025-10-10 00:00:00,7.508,87.97,10.48,898.86,25.33,Decreasing,NORMAL,None
2025-10-10 01:00:00,7.346,50.55,10.65,875.82,25.81,Decreasing,NORMAL,None
2025-10-10 02:00:00,7.412,94.06,9.41,866.22,25.82,Decreasing,NORMAL,None
2025-10-10 03:00:00,7.188,53.8,9.64,862.62,26.18,Decreasing,NORMAL,None
2025-10-10 04:00:00,7.247,41.0,8.03,851.9,26.44,Decreasing,NORMAL,None
2025-10-10 05:00:00,7.255,69.94,8.03,877.75,26.81,Decreasing,NORMAL,None
2025-10-10 06:00:00,7.465,48.12,9.03,850.71,27.86,Decreasing,NORMAL,None
2025-10-10 07:00:00,7.283,66.31,8.92,838.59,27.91,Increasing,NORMAL,None
2025-10-10 08:00:00,7.165,33.81,9.91,831.58,28.48,Decreasing,NORMAL,None
2025-10-10 09:00:00,7.107,125.09,10.4,819.28,28.82,Increasing,NORMAL,None
2025-10-10 10:00:00,7.371,82.45,9.33,831.71,28.76,Increasing,NORMAL,None
2025-10-10 11:00:00,7.245,82.28,11.04,797.1,29.38,Increasing,NORMAL,None
2025-10-10 12:00:00,7.299,86.92,9.0,796.14,28.89,Increasing,NORMAL,None
2025-10-10 13:00:00,7.287,114.7,9.67,819.47,29.05,Increasing,NORMAL,None
2025-10-10 14:00:00,7.291,50.47,8.6,811.74,29.54,Increasing,NORMAL,None
2025-10-10 15:00:00,7.291,78.63,8.35,806.76,28.34,Decreasing,NORMAL,None
2025-10-10 16:00:00,7.347,107.04,6.8,819.84,28.45,Increasing,NORMAL,None
2025-10-10 17:00:00,7.281,30.0,6.91,806.41,28.2,Decreasing,NORMAL,None
2025-10-10 18:00:00,7.291,77.33,5.89,808.05,27.59,Decreasing,NORMAL,None
2025-10-10 19:00:00,7.412,63.45,8.04,811.72,27.19,Decreasing,NORMAL,None
2025-10-10 20:00:00,7.376,63.2,8.27,802.72,26.9,Increasing,NORMAL,None
2025-10-10 21:00:00,7.574,31.19,8.41,808.33,25.93,Decreasing,NORMAL,None
2025-10-10 22:00:00,7.207,79.99,7.47,801.08,26.19,Decreasing,NORMAL,None
2025-10-10 23:00:00,7.246,73.24,6.41,797.41,25.45,Increasing,NORMAL,None
2025-10-11 00:00:00,7.233,90.33,5.4,823.75,26.16,Increasing,NORMAL,None
2025-10-11 01:00:00,7.445,77.28,6.0,839.21,25.67,Increasing,NORMAL,None
2025-10-11 02:00:00,7.312,67.2,9.82,861.07,25.76,Increasing,NORMAL,None
2025-10-11 03:00:00,7.445,62.82,10.3,822.35,26.75,Increasing,NORMAL,None
2025-10-11 04:00:00,7.342,78.58,8.76,818.42,26.61,Stable,NORMAL,None
2025-10-11 05:00:00,7.318,33.41,8.48,787.65,26.96,Decreasing,NORMAL,None
2025-10-11 06:00:00,7.385,30.0,7.42,807.23,27.77,Decreasing,NORMAL,None
2025-10-11 07:00:00,7.205,84.78,6.95,813.83,28.01,Increasing,NORMAL,None
2025-10-11 08:00:00,7.281,94.02,18.22,820.59,28.41,Increasing,NORMAL,None
2025-10-11 09:00:00,7.39,143.24,35.58,907.43,29.18,Increasing,NORMAL,None
2025-10-11 10:00:00,7.753,268.54,57.97,1073.0,30.09,Increasing,NORMAL,None
2025-10-11 11:00:00,7.663,316.15,81.59,1213.28,30.98,Increasing,NORMAL,None
2025-10-11 12:00:00,7.792,438.86,106.45,1377.48,31.76,Increasing,NORMAL,None
2025-10-11 13:00:00,7.914,505.26,131.02,1514.23,31.42,Increasing,SPIKE/ABNORMAL,TDS
2025-10-11 14:00:00,8.016,583.25,152.08,1646.6,32.73,Increasing,SPIKE/ABNORMAL,TDS
2025-10-11 15:00:00,8.019,661.89,171.68,1797.11,32.53,Increasing,SPIKE/ABNORMAL,"COD, TDS"
2025-10-11 16:00:00,8.097,706.27,185.59,1887.03,33.07,Increasing,SPIKE/ABNORMAL,"COD, TDS"
2025-10-11 17:00:00,8.505,756.27,200.46,1975.7,32.35,Increasing,SPIKE/ABNORMAL,"BOD, COD, TDS"
2025-10-11 18:00:00,8.254,833.95,211.43,2018.84,31.94,Increasing,SPIKE/ABNORMAL,"BOD, COD, TDS"
2025-10-11 19:00:00,8.237,913.89,225.93,2034.89,31.86,Increasing,SPIKE/ABNORMAL,"BOD, COD, TDS"
2025-10-11 20:00:00,8.423,861.55,224.56,2047.72,31.11,Increasing,SPIKE/ABNORMAL,"BOD, COD, TDS"
2025-10-11 21:00:00,8.214,843.5,218.61,2026.7,30.92,Increasing,SPIKE/ABNORMAL,"BOD, COD, TDS"
2025-10-11 22:00:00,8.08,814.28,210.51,1973.96,30.14,Increasing,SPIKE/ABNORMAL,"BOD, COD, TDS"
2025-10-11 23:00:00,8.204,728.21,195.14,1891.56,30.68,Decreasing,SPIKE/ABNORMAL,"COD, TDS"
2025-10-12 00:00:00,7.949,736.82,176.05,1791.59,29.42,Decreasing,SPIKE/ABNORMAL,"COD, TDS"
2025-10-12 01:00:00,7.878,594.57,153.71,1673.7,28.87,Decreasing,SPIKE/ABNORMAL,TDS
2025-10-12 02:00:00,7.864,478.95,130.87,1523.74,28.7,Decreasing,SPIKE/ABNORMAL,TDS
2025-10-12 03:00:00,7.9,402.42,104.86,1381.7,28.42,Decreasing,NORMAL,None
2025-10-12 04:00:00,7.476,331.39,78.82,1223.76,28.21,Decreasing,NORMAL,None
2025-10-12 05:00:00,7.548,208.0,53.76,1055.44,28.12,Decreasing,NORMAL,None
2025-10-12 06:00:00,7.378,178.59,30.95,915.43,27.8,Decreasing,NORMAL,None
2025-10-12 07:00:00,7.631,41.48,9.15,800.36,28.04,Decreasing,NORMAL,None
2025-10-12 08:00:00,7.461,121.16,7.54,793.27,28.43,Decreasing,NORMAL,None
2025-10-12 09:00:00,7.353,63.9,6.3,809.11,28.89,Decreasing,NORMAL,None
2025-10-12 10:00:00,7.319,52.78,6.46,822.42,28.97,Decreasing,NORMAL,None
2025-10-12 11:00:00,7.246,76.1,6.4,822.67,29.07,Decreasing,NORMAL,None
2025-10-12 12:00:00,7.291,54.94,6.42,811.11,28.84,Decreasing,NORMAL,None
2025-10-12 13:00:00,7.448,66.8,6.26,809.95,29.2,Increasing,NORMAL,None
2025-10-12 14:00:00,7.276,41.32,5.63,806.32,28.48,Decreasing,NORMAL,None
2025-10-12 15:00:00,7.182,83.91,6.49,814.36,28.91,Increasing,NORMAL,None
2025-10-12 16:00:00,7.309,73.74,6.6,815.43,28.0,Increasing,NORMAL,None
2025-10-12 17:00:00,7.259,85.23,8.35,812.65,28.18,Increasing,NORMAL,None
2025-10-12 18:00:00,7.452,54.05,8.29,786.54,27.88,Stable,NORMAL,None
2025-10-12 19:00:00,7.497,61.6,8.21,776.54,27.21,Decreasing,NORMAL,None
2025-10-12 20:00:00,7.362,30.0,6.67,760.98,26.44,Decreasing,NORMAL,None
2025-10-12 21:00:00,7.3,69.42,6.57,733.23,26.93,Decreasing,NORMAL,None
2025-10-12 22:00:00,7.402,41.08,6.05,732.9,25.95,Decreasing,NORMAL,None
2025-10-12 23:00:00,7.252,86.71,7.4,745.76,25.71,Stable,NORMAL,None
2025-10-13 00:00:00,7.338,83.06,10.49,739.47,25.6,Increasing,NORMAL,None
2025-10-13 01:00:00,7.201,63.44,10.6,733.33,26.08,Stable,NORMAL,None
2025-10-13 02:00:00,7.455,81.42,10.33,718.23,25.71,Increasing,NORMAL,None
2025-10-13 03:00:00,7.43,101.02,8.69,731.9,26.0,Increasing,NORMAL,None
2025-10-13 04:00:00,7.25,113.31,8.52,735.55,26.54,Increasing,NORMAL,None
2025-10-13 05:00:00,7.333,55.95,8.85,747.12,27.43,Decreasing,NORMAL,None
2025-10-13 06:00:00,7.431,91.99,8.79,760.37,27.39,Increasing,NORMAL,None
2025-10-13 07:00:00,7.528,63.92,6.91,774.34,27.9,Stable,NORMAL,None
2025-10-13 08:00:00,7.356,55.14,6.48,813.37,28.43,Decreasing,NORMAL,None
2025-10-13 09:00:00,7.374,58.21,3.64,836.23,28.21,Decreasing,NORMAL,None
2025-10-13 10:00:00,7.262,100.77,3.95,846.9,28.97,Decreasing,NORMAL,None
2025-10-13 11:00:00,7.547,30.0,4.2,839.82,29.45,Decreasing,NORMAL,None
2025-10-13 12:00:00,7.225,38.33,3.05,855.06,29.06,Decreasing,NORMAL,None
2025-10-13 13:00:00,7.379,51.81,3.22,845.17,29.69,Decreasing,NORMAL,None
2025-10-13 14:00:00,7.155,30.0,2.25,841.03,29.1,Decreasing,NORMAL,None
2025-10-13 15:00:00,7.373,30.0,1.38,834.32,28.9,Decreasing,NORMAL,None
2025-10-13 16:00:00,7.479,30.0,2.99,823.91,28.49,Decreasing,NORMAL,None
2025-10-13 17:00:00,7.617,53.34,3.9,797.1,28.24,Increasing,NORMAL,None
2025-10-13 18:00:00,7.379,35.47,2.39,780.7,27.39,Decreasing,NORMAL,None
2025-10-13 19:00:00,7.285,69.75,1.92,788.67,27.05,Increasing,NORMAL,None
2025-10-13 20:00:00,7.258,64.12,2.55,779.29,26.51,Increasing,NORMAL,None
2025-10-13 21:00:00,7.417,34.05,3.78,778.49,26.03,Increasing,NORMAL,None
2025-10-13 22:00:00,7.381,39.12,3.95,777.79,25.73,Increasing,NORMAL,None
2025-10-13 23:00:00,7.362,38.5,3.89,775.09,25.76,Decreasing,NORMAL,None
2025-10-14 00:00:00,7.126,46.53,3.99,773.79,26.23,Increasing,NORMAL,None
2025-10-14 01:00:00,7.394,38.92,3.22,798.97,26.08,Decreasing,NORMAL,None
2025-10-14 02:00:00,7.211,48.43,2.23,813.2,25.46,Decreasing,NORMAL,None
2025-10-14 03:00:00,7.162,64.67,2.17,809.65,26.51,Increasing,NORMAL,None
2025-10-14 04:00:00,7.394,51.95,3.23,777.21,27.01,Increasing,NORMAL,None
2025-10-14 05:00:00,7.274,67.73,4.95,780.44,27.12,Increasing,NORMAL,None
2025-10-14 06:00:00,7.318,78.4,4.84,790.52,27.53,Increasing,NORMAL,None
2025-10-14 07:00:00,7.314,90.54,3.57,804.4,27.68,Increasing,NORMAL,None
2025-10-14 08:00:00,7.115,99.15,2.69,800.75,28.24,Increasing,NORMAL,None
2025-10-14 09:00:00,7.429,30.0,3.71,783.73,28.57,Decreasing,NORMAL,None
2025-10-14 10:00:00,7.375,58.91,8.86,786.83,28.89,Increasing,NORMAL,None
2025-10-14 11:00:00,7.499,78.8,6.86,774.22,29.27,Increasing,NORMAL,None
2025-10-14 12:00:00,7.588,70.27,6.02,786.24,29.05,Decreasing,NORMAL,None
2025-10-14 13:00:00,7.302,79.34,5.98,809.17,29.31,Decreasing,NORMAL,None
2025-10-14 14:00:00,7.473,36.44,8.55,783.14,29.38,Decreasing,NORMAL,None
2025-10-14 15:00:00,7.329,82.86,14.24,791.62,28.87,Increasing,NORMAL,None
2025-10-14 16:00:00,7.396,56.52,12.96,776.58,28.2,Decreasing,NORMAL,None
2025-10-14 17:00:00,7.356,58.5,9.38,806.86,28.05,Decreasing,NORMAL,None
2025-10-14 18:00:00,7.167,72.18,8.03,797.92,27.92,Stable,NORMAL,None
2025-10-14 19:00:00,7.475,30.0,7.36,788.51,27.73,Decreasing,NORMAL,None
2025-10-14 20:00:00,7.382,75.94,6.15,776.6,27.34,Increasing,NORMAL,None
2025-10-14 21:00:00,7.185,117.07,6.36,752.12,26.59,Increasing,NORMAL,None
2025-10-14 22:00:00,7.369,99.08,6.13,775.84,25.96,Increasing,NORMAL,None
2025-10-14 23:00:00,7.337,78.96,5.18,801.7,25.7,Increasing,NORMAL,None
2025-10-15 00:00:00,7.231,39.06,2.74,793.66,25.86,Decreasing,NORMAL,None
2025-10-15 01:00:00,7.431,30.0,1.78,771.07,25.75,Stable,NORMAL,None
2025-10-15 02:00:00,7.185,93.79,1.0,784.32,26.28,Increasing,NORMAL,None
2025-10-15 03:00:00,7.439,30.0,4.69,778.84,26.07,Decreasing,NORMAL,None
2025-10-15 04:00:00,7.211,100.35,5.13,782.01,26.66,Stable,NORMAL,None
2025-10-15 05:00:00,7.342,60.53,5.76,794.54,26.82,Decreasing,NORMAL,None
2025-10-15 06:00:00,7.295,30.0,4.53,785.91,27.56,Decreasing,NORMAL,None
2025-10-15 07:00:00,7.264,70.52,6.14,786.78,27.89,Increasing,NORMAL,None
2025-10-15 08:00:00,7.317,158.59,5.54,778.17,28.26,Increasing,NORMAL,None
2025-10-15 09:00:00,7.465,76.13,4.2,774.46,28.83,Increasing,NORMAL,None
2025-10-15 10:00:00,7.463,54.88,4.85,779.54,29.38,Decreasing,NORMAL,None
2025-10-15 11:00:00,7.477,30.0,5.78,777.23,29.6,Decreasing,NORMAL,None
2025-10-15 12:00:00,7.371,94.16,6.65,781.2,29.22,Increasing,NORMAL,None
2025-10-15 13:00:00,7.238,70.2,6.75,792.21,29.4,Stable,NORMAL,None
2025-10-15 14:00:00,7.406,100.16,4.92,788.98,29.44,Decreasing,NORMAL,None
2025-10-15 15:00:00,7.39,65.43,5.92,784.19,29.03,Decreasing,NORMAL,None
2025-10-15 16:00:00,7.49,87.59,4.42,784.27,28.78,Increasing,NORMAL,None
2025-10-15 17:00:00,7.209,30.0,4.07,802.36,27.78,Stable,NORMAL,None
2025-10-15 18:00:00,7.297,30.0,5.95,810.42,27.37,Decreasing,NORMAL,None
2025-10-15 19:00:00,7.425,30.0,5.16,781.92,27.41,Decreasing,NORMAL,None
2025-10-15 20:00:00,7.271,71.93,4.62,786.1,26.35,Decreasing,NORMAL,None
2025-10-15 21:00:00,7.343,104.43,4.72,794.36,26.36,Increasing,NORMAL,None
2025-10-15 22:00:00,7.406,30.0,5.47,763.07,25.47,Decreasing,NORMAL,None
2025-10-15 23:00:00,7.375,122.47,9.25,789.25,25.66,Increasing,NORMAL,None
2025-10-16 00:00:00,7.345,100.67,8.51,809.97,25.78,Increasing,NORMAL,None
2025-10-16 01:00:00,7.39,49.92,7.57,791.27,25.83,Increasing,NORMAL,None
2025-10-16 02:00:00,7.321,77.35,7.7,791.35,26.13,Increasing,NORMAL,None
2025-10-16 03:00:00,7.285,125.67,8.34,789.42,27.0,Increasing,NORMAL,None
2025-10-16 04:00:00,7.312,35.33,7.83,765.08,26.36,Increasing,NORMAL,None
2025-10-16 05:00:00,7.338,30.0,7.22,748.8,27.45,Decreasing,NORMAL,None
2025-10-16 06:00:00,7.222,71.59,7.47,752.26,27.17,Decreasing,NORMAL,None
2025-10-16 07:00:00,7.248,67.26,6.88,757.73,28.13,Increasing,NORMAL,None
2025-10-16 08:00:00,7.343,45.77,8.05,746.83,28.65,Decreasing,NORMAL,None
2025-10-16 09:00:00,7.386,110.21,9.12,774.61,28.6,Decreasing,NORMAL,None
2025-10-16 10:00:00,7.444,30.0,7.52,752.05,29.08,Decreasing,NORMAL,None
2025-10-16 11:00:00,7.432,48.7,5.37,751.64,29.18,Increasing,NORMAL,None
2025-10-16 12:00:00,7.398,80.07,5.18,781.66,29.89,Increasing,NORMAL,None
2025-10-16 13:00:00,7.374,43.73,4.87,778.36,29.94,Decreasing,NORMAL,None
2025-10-16 14:00:00,7.307,80.35,5.35,810.9,28.91,Increasing,NORMAL,None
2025-10-16 15:00:00,7.249,59.05,5.72,806.39,29.17,Decreasing,NORMAL,None
2025-10-16 16:00:00,7.383,65.54,6.58,822.23,28.71,Increasing,NORMAL,None
2025-10-16 17:00:00,7.432,79.81,3.19,839.21,28.53,Increasing,NORMAL,None
2025-10-16 18:00:00,7.424,30.0,2.67,844.71,27.74,Decreasing,NORMAL,None
2025-10-16 19:00:00,7.29,71.64,2.61,831.23,27.2,Increasing,NORMAL,None
2025-10-16 20:00:00,7.34,46.32,3.82,837.71,26.74,Decreasing,NORMAL,None
2025-10-16 21:00:00,7.427,45.33,2.47,825.86,26.07,Decreasing,NORMAL,None
2025-10-16 22:00:00,7.357,65.29,2.98,831.87,25.96,Stable,NORMAL,None
2025-10-16 23:00:00,7.386,67.26,5.32,822.68,25.27,Decreasing,NORMAL,None
2025-10-17 00:00:00,7.297,32.65,5.41,819.1,25.8,Increasing,NORMAL,None
2025-10-17 01:00:00,7.438,36.36,4.18,826.42,26.03,Decreasing,NORMAL,None
2025-10-17 02:00:00,7.321,76.15,4.81,818.94,26.34,Increasing,NORMAL,None
2025-10-17 03:00:00,7.317,87.09,9.87,841.44,26.2,Increasing,NORMAL,None
2025-10-17 04:00:00,7.229,106.8,7.73,840.23,26.8,Increasing,NORMAL,None
2025-10-17 05:00:00,7.182,83.61,6.58,850.03,26.86,Increasing,NORMAL,None
2025-10-17 06:00:00,7.408,70.92,6.08,851.66,27.39,Increasing,NORMAL,None
2025-10-17 07:00:00,7.31,49.83,5.2,845.07,28.11,Increasing,NORMAL,None
2025-10-17 08:00:00,7.377,30.0,6.55,847.75,28.77,Decreasing,NORMAL,None
2025-10-17 09:00:00,7.386,87.89,6.72,862.78,29.47,Stable,NORMAL,None
2025-10-17 10:00:00,7.432,66.26,7.22,854.1,28.93,Decreasing,NORMAL,None
2025-10-17 11:00:00,7.133,105.67,8.36,862.65,29.15,Increasing,NORMAL,None
2025-10-17 12:00:00,7.34,97.95,7.97,856.87,30.12,Increasing,NORMAL,None
2025-10-17 13:00:00,7.348,104.55,11.97,872.13,29.81,Increasing,NORMAL,None
2025-10-17 14:00:00,7.42,85.61,10.69,872.77,29.36,Increasing,NORMAL,None
2025-10-17 15:00:00,7.36,91.43,9.66,849.32,28.97,Increasing,NORMAL,None
2025-10-17 16:00:00,7.228,97.28,8.81,827.4,28.71,Increasing,NORMAL,None
2025-10-17 17:00:00,7.369,30.0,8.95,837.62,28.17,Decreasing,NORMAL,None
2025-10-17 18:00:00,7.368,76.79,10.41,841.58,27.79,Decreasing,NORMAL,None
2025-10-17 19:00:00,7.37,84.77,9.8,838.54,27.25,Decreasing,NORMAL,None
2025-10-17 20:00:00,7.425,74.51,10.11,836.18,26.89,Decreasing,NORMAL,None
2025-10-17 21:00:00,7.352,110.18,9.65,833.1,26.57,Increasing,NORMAL,None
2025-10-17 22:00:00,7.349,57.43,8.84,841.2,25.82,Decreasing,NORMAL,None
2025-10-17 23:00:00,7.332,80.5,9.64,845.09,25.67,Increasing,NORMAL,None
2025-10-18 00:00:00,7.306,65.8,9.35,841.23,26.05,Decreasing,NORMAL,None
2025-10-18 01:00:00,7.332,84.24,8.53,826.12,25.51,Stable,NORMAL,None
2025-10-18 02:00:00,7.201,68.32,8.96,830.44,26.03,Decreasing,NORMAL,None
2025-10-18 03:00:00,7.483,48.29,7.04,824.76,25.6,Decreasing,NORMAL,None
2025-10-18 04:00:00,7.292,74.0,6.82,823.42,27.01,Increasing,NORMAL,None
2025-10-18 05:00:00,7.46,30.0,7.39,811.98,26.39,Decreasing,NORMAL,None
2025-10-18 06:00:00,7.313,53.44,7.35,787.46,27.7,Decreasing,NORMAL,None
2025-10-18 07:00:00,7.366,82.34,6.74,784.61,27.7,Stable,NORMAL,None
2025-10-18 08:00:00,7.311,30.0,5.14,783.25,28.3,Decreasing,NORMAL,None
2025-10-18 09:00:00,7.388,82.45,7.97,766.71,29.23,Increasing,NORMAL,None
2025-10-18 10:00:00,7.356,53.12,6.93,767.27,29.11,Decreasing,NORMAL,None
2025-10-18 11:00:00,7.427,95.36,14.5,799.7,29.32,Increasing,NORMAL,None
2025-10-18 12:00:00,7.284,99.27,14.34,799.9,29.76,Increasing,NORMAL,None
2025-10-18 13:00:00,7.38,74.73,13.31,810.6,29.41,Decreasing,NORMAL,None
2025-10-18 14:00:00,7.372,52.62,12.82,798.24,29.21,Increasing,NORMAL,None
2025-10-18 15:00:00,7.306,120.39,11.15,823.34,29.58,Increasing,NORMAL,None
2025-10-18 16:00:00,7.246,109.11,11.2,809.66,28.64,Increasing,NORMAL,None
2025-10-18 17:00:00,7.578,101.0,11.38,811.18,27.83,Increasing,NORMAL,None
2025-10-18 18:00:00,7.19,89.72,11.38,800.15,27.43,Decreasing,NORMAL,None
2025-10-18 19:00:00,7.214,80.02,8.62,810.94,27.0,Increasing,NORMAL,None
2025-10-18 20:00:00,7.103,66.62,9.34,801.52,26.86,Increasing,NORMAL,None
2025-10-18 21:00:00,7.38,70.64,8.95,822.17,26.18,Decreasing,NORMAL,None
2025-10-18 22:00:00,7.218,112.17,9.32,822.22,26.04,Stable,NORMAL,None
2025-10-18 23:00:00,7.173,94.5,8.81,828.62,25.85,Decreasing,NORMAL,None
2025-10-19 00:00:00,7.351,49.25,8.54,827.44,25.64,Decreasing,NORMAL,None
2025-10-19 01:00:00,7.438,47.66,9.03,831.72,26.3,Decreasing,NORMAL,None
2025-10-19 02:00:00,7.429,53.19,8.83,829.6,26.19,Decreasing,NORMAL,None
2025-10-19 03:00:00,7.232,95.7,7.04,830.59,26.4,Increasing,NORMAL,None
2025-10-19 04:00:00,7.297,116.69,7.79,843.29,26.56,Increasing,NORMAL,None
2025-10-19 05:00:00,7.501,40.07,7.38,823.28,26.78,Decreasing,NORMAL,None
2025-10-19 06:00:00,7.476,74.3,5.1,840.88,27.45,Increasing,NORMAL,None
2025-10-19 07:00:00,7.299,32.6,6.32,827.47,27.83,Decreasing,NORMAL,None
2025-10-19 08:00:00,7.427,44.67,7.3,825.66,27.95,Decreasing,NORMAL,None
2025-10-19 09:00:00,7.232,42.5,7.33,803.31,28.65,Decreasing,NORMAL,None
2025-10-19 10:00:00,7.19,134.1,9.69,801.73,28.75,Increasing,NORMAL,None
2025-10-19 11:00:00,7.415,123.38,8.97,819.13,29.29,Increasing,NORMAL,None
2025-10-19 12:00:00,7.339,65.42,8.06,820.16,29.22,Decreasing,NORMAL,None
2025-10-19 13:00:00,7.641,60.76,8.92,816.68,29.36,Increasing,NORMAL,None
2025-10-19 14:00:00,7.367,59.43,10.21,820.72,29.25,Increasing,NORMAL,None
2025-10-19 15:00:00,7.34,76.89,8.98,833.87,28.9,Increasing,NORMAL,None
2025-10-19 16:00:00,7.263,89.54,10.77,831.23,28.4,Decreasing,NORMAL,None
2025-10-19 17:00:00,7.259,103.0,8.76,836.75,28.27,Decreasing,NORMAL,None
2025-10-19 18:00:00,7.379,71.56,6.84,841.77,27.77,Increasing,NORMAL,None
2025-10-19 19:00:00,7.324,60.94,7.74,812.07,26.88,Stable,NORMAL,None
2025-10-19 20:00:00,7.423,85.21,6.73,831.18,26.46,Increasing,NORMAL,None
2025-10-19 21:00:00,7.486,66.67,7.76,839.94,26.12,Decreasing,NORMAL,None
2025-10-19 22:00:00,7.401,52.63,6.8,815.96,25.94,Decreasing,NORMAL,None
2025-10-19 23:00:00,7.214,52.4,6.27,797.76,25.91,Decreasing,NORMAL,None
2025-10-20 00:00:00,7.24,117.43,6.97,765.22,25.99,Increasing,NORMAL,None
2025-10-20 01:00:00,7.447,77.83,8.67,790.78,25.75,Increasing,NORMAL,None
2025-10-20 02:00:00,7.273,79.77,9.26,796.64,25.52,Decreasing,NORMAL,None
2025-10-20 03:00:00,7.424,34.96,8.71,813.43,26.04,Decreasing,NORMAL,None
2025-10-20 04:00:00,7.439,85.47,7.87,797.23,26.81,Increasing,NORMAL,None
2025-10-20 05:00:00,7.456,72.81,5.0,785.9,27.44,Increasing,NORMAL,None
2025-10-20 06:00:00,7.167,42.81,5.24,771.83,27.28,Decreasing,NORMAL,None
2025-10-20 07:00:00,7.427,107.2,4.0,777.91,27.76,Increasing,NORMAL,None
2025-10-20 08:00:00,7.291,80.88,4.07,799.77,28.38,Stable,NORMAL,None
2025-10-20 09:00:00,7.24,30.0,5.62,808.01,28.76,Decreasing,NORMAL,None
2025-10-20 10:00:00,7.479,30.0,7.47,800.24,28.56,Decreasing,NORMAL,None
2025-10-20 11:00:00,7.392,41.15,6.41,809.23,29.57,Decreasing,NORMAL,None
2025-10-20 12:00:00,7.316,62.85,6.75,816.3,29.23,Increasing,NORMAL,None
2025-10-20 13:00:00,7.081,73.02,6.01,826.98,29.6,Decreasing,NORMAL,None
2025-10-20 14:00:00,7.27,80.79,4.73,827.37,29.53,Stable,NORMAL,None
2025-10-20 15:00:00,7.57,60.8,4.43,808.62,28.87,Increasing,NORMAL,None
2025-10-20 16:00:00,7.178,65.67,5.07,818.98,28.27,Increasing,NORMAL,None
2025-10-20 17:00:00,7.206,77.36,4.62,824.68,27.44,Increasing,NORMAL,None
2025-10-20 18:00:00,7.312,80.61,4.86,827.15,28.33,Increasing,NORMAL,None
2025-10-20 19:00:00,7.348,64.66,5.68,838.65,27.21,Decreasing,NORMAL,None
2025-10-20 20:00:00,7.327,94.75,6.38,853.22,27.45,Increasing,NORMAL,None
2025-10-20 21:00:00,7.382,84.78,7.22,851.31,26.58,Increasing,NORMAL,None
2025-10-20 22:00:00,7.117,57.74,5.97,832.34,26.69,Decreasing,NORMAL,None
2025-10-20 23:00:00,7.259,58.19,7.63,831.3,26.03,Decreasing,NORMAL,None
2025-10-21 00:00:00,7.352,79.81,5.57,825.62,25.7,Stable,NORMAL,None
2025-10-21 01:00:00,7.369,36.21,5.01,843.1,26.07,Decreasing,NORMAL,None
2025-10-21 02:00:00,7.201,61.48,4.28,845.75,26.42,Decreasing,NORMAL,None
2025-10-21 03:00:00,7.405,46.83,3.46,848.03,25.94,Decreasing,NORMAL,None
2025-10-21 04:00:00,7.429,79.91,3.07,832.38,26.83,Increasing,NORMAL,None
2025-10-21 05:00:00,7.362,59.11,3.51,824.42,27.38,Stable,NORMAL,None
2025-10-21 06:00:00,7.36,48.78,3.58,842.11,27.52,Decreasing,NORMAL,None
2025-10-21 07:00:00,7.362,30.0,3.12,815.89,28.08,Decreasing,NORMAL,None
2025-10-21 08:00:00,7.407,58.39,7.64,820.93,28.14,Decreasing,NORMAL,None
2025-10-21 09:00:00,7.416,110.11,7.87,815.12,28.74,Increasing,NORMAL,None
2025-10-21 10:00:00,7.316,55.32,8.25,796.8,28.87,Decreasing,NORMAL,None
2025-10-21 11:00:00,7.288,66.65,6.81,800.17,29.47,Increasing,NORMAL,None
2025-10-21 12:00:00,7.343,48.04,6.1,776.23,29.78,Stable,NORMAL,None
2025-10-21 13:00:00,7.267,94.71,14.51,795.12,29.21,Increasing,NORMAL,None
2025-10-21 14:00:00,7.258,136.4,13.09,802.08,29.25,Increasing,NORMAL,None
2025-10-21 15:00:00,7.302,57.57,13.08,795.57,28.47,Decreasing,NORMAL,None
2025-10-21 16:00:00,7.337,72.22,12.92,795.07,28.14,Increasing,NORMAL,None
2025-10-21 17:00:00,7.372,61.95,12.76,797.15,27.95,Decreasing,NORMAL,None
2025-10-21 18:00:00,7.454,85.62,11.21,797.55,27.64,Increasing,NORMAL,None
2025-10-21 19:00:00,7.257,95.89,11.7,804.94,27.28,Stable,NORMAL,None
2025-10-21 20:00:00,7.251,47.14,9.52,790.67,26.08,Decreasing,NORMAL,None
2025-10-21 21:00:00,7.359,46.19,8.31,760.4,25.9,Decreasing,NORMAL,None
2025-10-21 22:00:00,7.318,63.08,7.09,769.41,25.83,Decreasing,NORMAL,None
2025-10-21 23:00:00,7.266,81.65,8.09,775.95,26.54,Increasing,NORMAL,None
2025-10-22 00:00:00,7.391,52.38,10.05,793.37,24.82,Decreasing,NORMAL,None
2025-10-22 01:00:00,7.261,59.93,9.25,793.39,25.74,Decreasing,NORMAL,None
2025-10-22 02:00:00,7.462,50.36,9.49,793.72,26.18,Increasing,NORMAL,None
2025-10-22 03:00:00,7.452,35.12,9.88,828.03,26.22,Decreasing,NORMAL,None
2025-10-22 04:00:00,7.312,58.14,7.95,822.79,26.77,Decreasing,NORMAL,None
2025-10-22 05:00:00,7.417,30.0,6.09,826.78,27.06,Decreasing,NORMAL,None
2025-10-22 06:00:00,7.316,56.5,5.99,820.5,27.9,Increasing,NORMAL,None
2025-10-22 07:00:00,7.199,49.12,4.88,823.86,28.53,Decreasing,NORMAL,None
2025-10-22 08:00:00,7.344,80.6,7.97,821.24,28.53,Increasing,NORMAL,None
2025-10-22 09:00:00,7.505,80.48,10.37,807.58,29.25,Increasing,NORMAL,None
2025-10-22 10:00:00,7.287,50.85,9.37,816.57,29.54,Decreasing,NORMAL,None
2025-10-22 11:00:00,7.439,63.34,8.34,829.8,29.31,Increasing,NORMAL,None
2025-10-22 12:00:00,7.559,45.06,6.71,837.48,29.66,Decreasing,NORMAL,None
2025-10-22 13:00:00,7.414,57.62,7.74,837.95,29.27,Increasing,NORMAL,None
2025-10-22 14:00:00,7.253,39.38,6.19,831.1,29.37,Decreasing,NORMAL,None
2025-10-22 15:00:00,7.521,56.6,5.83,823.94,29.16,Decreasing,NORMAL,None
2025-10-22 16:00:00,7.26,74.66,6.64,817.15,27.89,Increasing,NORMAL,None
2025-10-22 17:00:00,7.432,61.04,6.14,814.42,27.59,Decreasing,NORMAL,None
2025-10-22 18:00:00,7.361,54.37,8.53,799.79,27.8,Increasing,NORMAL,None
2025-10-22 19:00:00,7.28,77.41,8.33,795.63,26.82,Increasing,NORMAL,None
2025-10-22 20:00:00,7.526,38.16,7.39,793.83,26.98,Decreasing,NORMAL,None
2025-10-22 21:00:00,7.288,91.09,7.8,807.13,26.41,Increasing,NORMAL,None
2025-10-22 22:00:00,7.324,82.46,7.27,793.94,26.19,Increasing,NORMAL,None
2025-10-22 23:00:00,7.361,87.9,6.28,784.67,25.76,Increasing,NORMAL,None
2025-10-23 00:00:00,7.3,52.58,8.27,781.88,26.18,Decreasing,NORMAL,None
2025-10-23 01:00:00,7.34,52.28,6.7,782.05,26.0,Decreasing,NORMAL,None
2025-10-23 02:00:00,7.331,37.71,6.58,767.26,26.24,Stable,NORMAL,None
2025-10-23 03:00:00,7.251,72.06,6.25,788.2,26.68,Decreasing,NORMAL,None
2025-10-23 04:00:00,7.335,64.37,6.46,799.35,26.16,Decreasing,NORMAL,None
2025-10-23 05:00:00,7.498,61.3,6.51,798.81,27.34,Decreasing,NORMAL,None
2025-10-23 06:00:00,7.375,61.39,6.06,772.01,27.77,Increasing,NORMAL,None
2025-10-23 07:00:00,7.361,50.83,5.9,771.24,28.0,Stable,NORMAL,None
2025-10-23 08:00:00,7.333,44.65,5.79,779.58,28.9,Increasing,NORMAL,None
2025-10-23 09:00:00,7.43,30.0,5.28,767.71,28.85,Decreasing,NORMAL,None
2025-10-23 10:00:00,7.265,58.09,4.8,762.99,28.88,Decreasing,NORMAL,None
2025-10-23 11:00:00,7.386,69.67,5.09,745.5,29.49,Increasing,NORMAL,None
2025-10-23 12:00:00,7.51,31.34,6.26,756.17,29.21,Decreasing,NORMAL,None
2025-10-23 13:00:00,7.501,83.17,5.8,786.51,28.98,Increasing,NORMAL,None
2025-10-23 14:00:00,7.352,30.0,4.38,776.5,29.55,Decreasing,NORMAL,None
2025-10-23 15:00:00,7.405,42.69,5.62,778.96,28.92,Increasing,NORMAL,None
2025-10-23 16:00:00,7.507,30.0,3.95,793.59,28.75,Decreasing,NORMAL,None
2025-10-23 17:00:00,7.384,44.69,4.19,798.66,27.78,Decreasing,NORMAL,None
2025-10-23 18:00:00,7.457,30.0,2.14,807.56,27.32,Decreasing,NORMAL,None
2025-10-23 19:00:00,7.552,59.82,2.39,796.03,27.0,Decreasing,NORMAL,None
2025-10-23 20:00:00,7.405,68.91,5.09,811.0,26.65,Increasing,NORMAL,None
2025-10-23 21:00:00,7.43,62.29,5.14,809.75,26.05,Increasing,NORMAL,None
2025-10-23 22:00:00,7.354,54.81,5.89,819.27,25.96,Increasing,NORMAL,None
2025-10-23 23:00:00,7.331,62.93,6.41,793.34,25.94,Increasing,NORMAL,None
2025-10-24 00:00:00,7.268,81.8,7.13,787.16,25.43,Increasing,NORMAL,None
2025-10-24 01:00:00,7.369,40.88,6.64,799.64,25.64,Decreasing,NORMAL,None
2025-10-24 02:00:00,7.517,76.82,7.33,811.27,25.83,Increasing,NORMAL,None
2025-10-24 03:00:00,7.344,64.14,8.57,823.04,26.29,Stable,NORMAL,None
2025-10-24 04:00:00,7.298,40.51,8.24,822.67,26.84,Decreasing,NORMAL,None
2025-10-24 05:00:00,7.542,61.41,7.73,818.47,26.98,Stable,NORMAL,None
2025-10-24 06:00:00,7.395,58.34,6.47,786.77,27.41,Decreasing,NORMAL,None
2025-10-24 07:00:00,7.396,102.79,6.48,793.65,28.26,Increasing,NORMAL,None
2025-10-24 08:00:00,7.412,61.0,7.39,792.92,28.63,Decreasing,NORMAL,None
2025-10-24 09:00:00,7.397,83.01,5.41,820.59,28.34,Increasing,NORMAL,None
2025-10-24 10:00:00,7.3,99.36,5.4,842.84,28.94,Increasing,NORMAL,None
2025-10-24 11:00:00,7.38,63.94,4.55,826.75,29.07,Increasing,NORMAL,None
2025-10-24 12:00:00,7.382,59.39,2.91,828.15,28.93,Stable,NORMAL,None
2025-10-24 13:00:00,7.557,41.33,1.0,833.14,29.13,Decreasing,NORMAL,None
2025-10-24 14:00:00,7.335,30.0,1.18,829.89,28.54,Decreasing,NORMAL,None
2025-10-24 15:00:00,7.247,67.56,3.14,835.75,28.76,Decreasing,NORMAL,None
2025-10-24 16:00:00,7.288,90.63,5.57,853.2,28.53,Decreasing,NORMAL,None
2025-10-24 17:00:00,7.246,30.0,3.3,850.46,28.47,Decreasing,NORMAL,None
2025-10-24 18:00:00,7.303,30.0,4.92,843.59,27.39,Decreasing,NORMAL,None
2025-10-24 19:00:00,7.467,79.71,4.88,846.95,27.04,Increasing,NORMAL,None
2025-10-24 20:00:00,7.407,33.96,4.24,825.56,26.51,Increasing,NORMAL,None
2025-10-24 21:00:00,7.313,62.82,5.44,833.27,26.76,Decreasing,NORMAL,None
2025-10-24 22:00:00,7.413,66.04,5.14,834.63,26.22,Decreasing,NORMAL,None
2025-10-24 23:00:00,7.135,30.0,5.07,844.06,25.54,Stable,NORMAL,None
2025-10-25 00:00:00,7.394,30.0,4.9,840.69,25.62,Stable,NORMAL,None
2025-10-25 01:00:00,7.274,56.95,4.69,841.04,25.94,Decreasing,NORMAL,None
2025-10-25 02:00:00,7.517,57.32,3.86,831.84,25.86,Increasing,NORMAL,None
2025-10-25 03:00:00,7.432,65.92,4.25,833.7,26.46,Increasing,NORMAL,None
2025-10-25 04:00:00,7.39,30.0,3.99,800.71,26.91,Decreasing,NORMAL,None
2025-10-25 05:00:00,7.215,58.81,4.98,820.73,27.29,Increasing,NORMAL,None
2025-10-25 06:00:00,7.48,49.27,3.6,809.12,27.24,Increasing,NORMAL,None
2025-10-25 07:00:00,7.22,56.1,2.94,801.15,28.62,Stable,NORMAL,None
2025-10-25 08:00:00,7.322,59.23,3.75,818.29,28.6,Increasing,NORMAL,None
2025-10-25 09:00:00,7.294,53.87,4.15,802.05,29.11,Decreasing,NORMAL,None
2025-10-25 10:00:00,7.217,77.14,3.24,781.43,29.17,Increasing,NORMAL,None
2025-10-25 11:00:00,7.347,66.5,4.04,767.73,28.88,Increasing,NORMAL,None
2025-10-25 12:00:00,7.261,103.08,2.94,779.13,29.48,Increasing,NORMAL,None
2025-10-25 13:00:00,7.216,46.85,3.09,773.81,29.55,Decreasing,NORMAL,None
2025-10-25 14:00:00,7.257,30.33,4.49,757.89,28.83,Decreasing,NORMAL,None
2025-10-25 15:00:00,7.307,64.17,2.56,746.28,28.73,Increasing,NORMAL,None
2025-10-25 16:00:00,7.373,48.77,2.93,743.16,28.3,Decreasing,NORMAL,None
2025-10-25 17:00:00,7.402,50.96,4.0,731.18,27.82,Decreasing,NORMAL,None
2025-10-25 18:00:00,7.414,101.47,4.19,749.08,27.7,Stable,NORMAL,None
2025-10-25 19:00:00,7.248,66.45,5.1,752.29,27.48,Increasing,NORMAL,None
2025-10-25 20:00:00,7.496,46.22,4.99,746.2,26.63,Increasing,NORMAL,None
2025-10-25 21:00:00,7.276,48.78,4.66,753.02,26.48,Decreasing,NORMAL,None
2025-10-25 22:00:00,7.468,56.77,4.55,767.12,25.95,Increasing,NORMAL,None
2025-10-25 23:00:00,7.329,55.53,3.81,759.67,26.14,Increasing,NORMAL,None
2025-10-26 00:00:00,7.355,30.0,3.47,756.21,25.74,Decreasing,NORMAL,None
2025-10-26 01:00:00,7.46,30.0,4.26,774.51,25.74,Decreasing,NORMAL,None
2025-10-26 02:00:00,7.394,52.12,5.35,771.3,26.09,Increasing,NORMAL,None
2025-10-26 03:00:00,7.245,65.09,6.94,756.18,26.51,Increasing,NORMAL,None
2025-10-26 04:00:00,7.329,67.96,7.9,757.3,26.4,Increasing,NORMAL,None
2025-10-26 05:00:00,7.284,56.76,8.57,758.8,27.48,Stable,NORMAL,None
2025-10-26 06:00:00,7.427,35.64,8.7,747.69,27.87,Increasing,NORMAL,None
2025-10-26 07:00:00,7.608,74.43,8.56,758.61,28.11,Increasing,NORMAL,None
2025-10-26 08:00:00,7.15,93.75,9.61,772.16,29.23,Increasing,NORMAL,None
2025-10-26 09:00:00,7.37,76.21,7.82,781.64,28.73,Increasing,NORMAL,None
2025-10-26 10:00:00,7.335,64.33,7.46,761.44,29.0,Decreasing,NORMAL,None
2025-10-26 11:00:00,7.455,69.56,7.86,757.92,29.03,Increasing,NORMAL,None
2025-10-26 12:00:00,7.136,83.79,9.12,764.57,29.71,Increasing,NORMAL,None
2025-10-26 13:00:00,7.341,45.08,9.58,766.49,29.36,Decreasing,NORMAL,None
2025-10-26 14:00:00,7.458,69.25,8.71,778.69,29.19,Decreasing,NORMAL,None
2025-10-26 15:00:00,7.344,131.95,8.5,769.33,28.53,Increasing,NORMAL,None
2025-10-26 16:00:00,7.387,30.6,8.93,737.25,28.77,Decreasing,NORMAL,None
2025-10-26 17:00:00,7.367,108.63,10.6,744.42,28.27,Increasing,NORMAL,None
2025-10-26 18:00:00,7.443,67.89,9.42,758.21,27.54,Decreasing,NORMAL,None
2025-10-26 19:00:00,7.401,103.16,8.53,779.86,27.28,Increasing,NORMAL,None
2025-10-26 20:00:00,7.294,94.48,9.08,775.51,26.47,Increasing,NORMAL,None
2025-10-26 21:00:00,7.375,108.83,9.59,778.86,26.23,Decreasing,NORMAL,None
2025-10-26 22:00:00,7.276,60.68,9.33,792.76,25.98,Increasing,NORMAL,None
2025-10-26 23:00:00,7.333,38.94,8.89,807.75,25.96,Decreasing,NORMAL,None
2025-10-27 00:00:00,7.338,55.27,10.05,800.3,26.44,Decreasing,NORMAL,None
2025-10-27 01:00:00,7.118,77.7,10.11,818.39,25.8,Decreasing,NORMAL,None
2025-10-27 02:00:00,7.409,57.18,7.76,808.25,25.98,Decreasing,NORMAL,None
2025-10-27 03:00:00,7.396,84.44,6.71,812.26,26.2,Decreasing,NORMAL,None
2025-10-27 04:00:00,7.128,72.12,5.53,819.92,26.43,Increasing,NORMAL,None
2025-10-27 05:00:00,7.269,34.23,4.55,813.53,27.12,Decreasing,NORMAL,None
2025-10-27 06:00:00,7.476,38.91,3.13,792.99,27.31,Decreasing,NORMAL,None
2025-10-27 07:00:00,7.628,30.0,4.25,804.93,28.24,Decreasing,NORMAL,None
2025-10-27 08:00:00,7.425,56.82,3.94,812.36,29.09,Stable,NORMAL,None
2025-10-27 09:00:00,7.243,55.32,3.75,813.55,28.95,Decreasing,NORMAL,None
2025-10-27 10:00:00,7.164,105.37,15.61,822.58,29.53,Increasing,NORMAL,None
2025-10-27 11:00:00,7.059,65.0,15.77,828.47,29.62,Increasing,NORMAL,None
2025-10-27 12:00:00,7.351,62.16,13.57,826.8,29.46,Increasing,NORMAL,None
2025-10-27 13:00:00,7.221,115.66,11.23,842.01,28.85,Increasing,NORMAL,None
2025-10-27 14:00:00,7.215,75.86,10.37,837.07,28.86,Increasing,NORMAL,None
2025-10-27 15:00:00,7.119,78.03,7.93,860.3,28.93,Increasing,NORMAL,None
2025-10-27 16:00:00,7.178,99.4,6.53,869.95,28.27,Decreasing,NORMAL,None
2025-10-27 17:00:00,7.215,69.03,5.43,878.57,28.12,Increasing,NORMAL,None
2025-10-27 18:00:00,7.384,43.88,6.43,871.12,27.47,Decreasing,NORMAL,None
2025-10-27 19:00:00,7.455,54.44,8.15,880.57,27.48,Decreasing,NORMAL,None
2025-10-27 20:00:00,7.136,41.53,7.76,882.3,27.06,Decreasing,NORMAL,None
2025-10-27 21:00:00,7.491,62.98,7.22,878.62,25.91,Decreasing,NORMAL,None
2025-10-27 22:00:00,7.286,66.04,5.87,867.03,26.18,Decreasing,NORMAL,None
2025-10-27 23:00:00,7.365,133.78,5.52,878.55,25.08,Increasing,NORMAL,None
2025-10-28 00:00:00,7.311,54.87,7.61,878.14,25.78,Increasing,NORMAL,None
2025-10-28 01:00:00,7.412,52.75,7.89,858.31,25.73,Decreasing,NORMAL,None
2025-10-28 02:00:00,7.24,36.93,8.73,857.7,26.43,Decreasing,NORMAL,None
2025-10-28 03:00:00,7.28,63.88,8.83,844.74,26.17,Stable,NORMAL,None
2025-10-28 04:00:00,7.49,54.6,9.5,849.17,26.99,Decreasing,NORMAL,None
2025-10-28 05:00:00,7.336,79.72,7.73,843.18,26.97,Decreasing,NORMAL,None
2025-10-28 06:00:00,7.395,71.44,6.22,843.61,27.84,Increasing,NORMAL,None
2025-10-28 07:00:00,7.419,33.23,6.23,830.72,28.0,Decreasing,NORMAL,None
2025-10-28 08:00:00,7.397,36.68,5.8,799.27,28.71,Stable,NORMAL,None
2025-10-28 09:00:00,7.42,59.73,6.21,804.01,29.3,Decreasing,NORMAL,None
2025-10-28 10:00:00,7.412,87.2,6.3,834.98,29.17,Increasing,NORMAL,None
2025-10-28 11:00:00,7.259,30.0,4.1,829.16,29.74,Decreasing,NORMAL,None
2025-10-28 12:00:00,7.376,67.06,3.52,831.26,29.55,Decreasing,NORMAL,None
2025-10-28 13:00:00,7.341,30.0,3.69,834.99,29.23,Decreasing,NORMAL,None
2025-10-28 14:00:00,7.232,33.32,2.81,820.18,29.02,Decreasing,NORMAL,None
2025-10-28 15:00:00,7.399,30.0,1.23,827.9,29.09,Decreasing,NORMAL,None
2025-10-28 16:00:00,7.261,73.25,2.82,823.96,28.95,Decreasing,NORMAL,None
2025-10-28 17:00:00,7.378,81.18,3.02,804.15,28.12,Increasing,NORMAL,None
2025-10-28 18:00:00,7.43,45.81,3.56,803.77,27.77,Decreasing,NORMAL,None
2025-10-28 19:00:00,7.398,105.21,5.53,828.94,27.05,Increasing,NORMAL,None
2025-10-28 20:00:00,7.346,56.49,3.4,848.77,26.4,Increasing,NORMAL,None
2025-10-28 21:00:00,7.235,48.65,1.87,859.37,26.65,Increasing,NORMAL,None
2025-10-28 22:00:00,7.359,47.04,7.49,855.01,26.23,Decreasing,NORMAL,None
2025-10-28 23:00:00,7.431,59.28,9.01,858.43,26.21,Decreasing,NORMAL,None
2025-10-29 00:00:00,7.349,49.8,7.25,838.59,26.21,Increasing,NORMAL,None
2025-10-29 01:00:00,7.655,65.18,6.83,811.66,25.93,Decreasing,NORMAL,None
2025-10-29 02:00:00,7.243,83.44,5.62,820.99,26.04,Increasing,NORMAL,None
2025-10-29 03:00:00,7.359,62.82,6.23,810.61,26.39,Increasing,NORMAL,None
2025-10-29 04:00:00,7.316,34.69,4.92,828.6,26.73,Decreasing,NORMAL,None
2025-10-29 05:00:00,7.268,83.71,4.76,836.28,27.25,Increasing,NORMAL,None
2025-10-29 06:00:00,7.437,75.8,6.29,809.8,26.92,Increasing,NORMAL,None
2025-10-29 07:00:00,7.307,110.91,5.73,807.96,28.22,Increasing,NORMAL,None
2025-10-29 08:00:00,7.537,34.67,3.32,804.16,28.45,Decreasing,NORMAL,None
2025-10-29 09:00:00,7.387,71.01,3.18,800.26,28.78,Increasing,NORMAL,None
2025-10-29 10:00:00,7.368,92.14,4.7,784.01,29.48,Increasing,NORMAL,None
2025-10-29 11:00:00,7.295,50.98,4.61,788.29,29.39,Decreasing,NORMAL,None
2025-10-29 12:00:00,7.261,51.9,5.2,789.0,29.54,Decreasing,NORMAL,None
2025-10-29 13:00:00,7.403,66.39,5.46,767.66,29.68,Decreasing,NORMAL,None
2025-10-29 14:00:00,7.39,54.4,5.54,760.1,29.18,Increasing,NORMAL,None
2025-10-29 15:00:00,7.328,87.24,6.88,762.66,28.61,Increasing,NORMAL,None
2025-10-29 16:00:00,7.313,83.92,5.9,787.08,28.51,Decreasing,NORMAL,None
2025-10-29 17:00:00,7.301,76.23,5.27,784.92,28.41,Increasing,NORMAL,None
2025-10-29 18:00:00,7.495,48.28,4.37,795.02,27.23,Decreasing,NORMAL,None
2025-10-29 19:00:00,7.264,56.34,3.96,780.63,27.23,Decreasing,NORMAL,None
2025-10-29 20:00:00,7.357,71.73,6.5,776.9,26.4,Increasing,NORMAL,None
2025-10-29 21:00:00,7.523,66.21,6.29,759.12,26.4,Decreasing,NORMAL,None
2025-10-29 22:00:00,7.402,80.61,7.43,782.15,26.58,Decreasing,NORMAL,None
2025-10-29 23:00:00,7.398,52.12,6.6,774.91,25.56,Decreasing,NORMAL,None
2025-10-30 00:00:00,7.371,66.08,6.81,764.13,25.71,Increasing,NORMAL,None
2025-10-30 01:00:00,7.356,58.82,5.87,750.11,26.03,Increasing,NORMAL,None
2025-10-30 02:00:00,7.395,47.82,4.59,779.61,26.27,Decreasing,NORMAL,None
2025-10-30 03:00:00,7.478,82.21,4.05,793.55,26.4,Increasing,NORMAL,None
2025-10-30 04:00:00,7.127,102.22,5.54,810.04,26.49,Increasing,NORMAL,None
2025-10-30 05:00:00,7.278,103.71,6.14,824.6,27.03,Increasing,NORMAL,None
2025-10-30 06:00:00,7.476,55.01,3.63,803.17,27.81,Decreasing,NORMAL,None
2025-10-30 07:00:00,7.311,30.0,2.59,801.12,28.06,Decreasing,NORMAL,None
2025-10-30 08:00:00,7.487,33.25,5.2,791.3,28.18,Decreasing,NORMAL,None
2025-10-30 09:00:00,7.395,59.22,5.82,794.05,28.65,Decreasing,NORMAL,None
2025-10-30 10:00:00,7.358,47.62,4.18,787.77,29.29,Decreasing,NORMAL,None
2025-10-30 11:00:00,7.441,38.94,5.36,771.03,29.55,Decreasing,NORMAL,None
2025-10-30 12:00:00,7.324,98.09,4.78,778.07,29.21,Increasing,NORMAL,None
2025-10-30 13:00:00,7.269,30.0,3.63,767.56,29.44,Stable,NORMAL,None
2025-10-30 14:00:00,7.514,30.0,2.25,753.31,29.58,Decreasing,NORMAL,None
2025-10-30 15:00:00,7.37,81.13,2.98,752.97,29.04,Increasing,NORMAL,None
2025-10-30 16:00:00,7.536,34.99,1.89,758.26,28.73,Decreasing,NORMAL,None
2025-10-30 17:00:00,7.363,72.33,4.88,761.45,27.63,Increasing,NORMAL,None
2025-10-30 18:00:00,7.294,50.59,4.56,747.24,27.89,Decreasing,NORMAL,None
2025-10-30 19:00:00,7.356,66.53,3.56,760.93,27.74,Increasing,NORMAL,None
2025-10-30 20:00:00,7.477,30.0,4.25,758.63,26.35,Stable,NORMAL,None
2025-10-30 21:00:00,7.518,47.34,4.06,743.51,26.42,Decreasing,NORMAL,None
2025-10-30 22:00:00,7.306,54.23,3.79,732.9,26.76,Increasing,NORMAL,None
2025-10-30 23:00:00,7.289,63.84,3.86,758.39,25.49,Decreasing,NORMAL,None
2025-10-31 00:00:00,7.293,39.58,4.31,745.33,25.71,Decreasing,NORMAL,None
2025-10-31 01:00:00,7.505,71.39,4.45,751.2,25.55,Increasing,NORMAL,None
2025-10-31 02:00:00,7.374,81.86,4.36,748.39,26.33,Increasing,NORMAL,None
2025-10-31 03:00:00,7.358,58.89,2.45,736.26,26.37,Increasing,NORMAL,None
2025-10-31 04:00:00,7.362,72.54,3.39,747.48,27.02,Increasing,NORMAL,None
2025-10-31 05:00:00,7.494,30.0,3.66,756.16,27.4,Decreasing,NORMAL,None
2025-10-31 06:00:00,7.282,30.0,1.28,753.88,27.93,Decreasing,NORMAL,None
2025-10-31 07:00:00,7.32,73.58,1.0,758.26,27.98,Increasing,NORMAL,None
2025-10-31 08:00:00,7.322,59.99,1.0,749.22,28.94,Decreasing,NORMAL,None
2025-10-31 09:00:00,7.447,30.0,1.0,744.93,29.41,Decreasing,NORMAL,None
2025-10-31 10:00:00,7.218,30.0,1.52,727.56,29.37,Decreasing,NORMAL,None
2025-10-31 11:00:00,7.305,83.7,2.5,737.08,29.77,Increasing,NORMAL,None
2025-10-31 12:00:00,7.452,30.0,3.05,739.9,29.46,Stable,NORMAL,None
2025-10-31 13:00:00,7.32,43.75,2.54,762.3,29.21,Decreasing,NORMAL,None
2025-10-31 14:00:00,7.357,30.0,3.94,755.0,28.88,Decreasing,NORMAL,None
2025-10-31 15:00:00,7.318,77.72,6.88,763.22,29.03,Increasing,NORMAL,None
2025-10-31 16:00:00,7.301,83.35,7.72,760.43,28.73,Increasing,NORMAL,None
2025-10-31 17:00:00,7.305,112.7,10.91,790.02,28.12,Increasing,NORMAL,None
2025-10-31 18:00:00,7.31,100.23,10.73,789.42,27.69,Increasing,NORMAL,None
2025-10-31 19:00:00,7.329,41.38,10.0,797.02,27.67,Decreasing,NORMAL,None
2025-10-31 20:00:00,7.406,43.94,8.08,767.27,26.7,Increasing,NORMAL,None
2025-10-31 21:00:00,7.49,73.17,8.76,766.86,26.26,Decreasing,NORMAL,None
2025-10-31 22:00:00,7.262,64.47,8.03,763.79,26.58,Decreasing,NORMAL,None
2025-10-31 23:00:00,7.452,84.54,12.9,759.67,25.82,Decreasing,NORMAL,None
2025-11-01 00:00:00,7.396,67.54,12.87,754.72,25.89,Decreasing,NORMAL,None
2025-11-01 01:00:00,7.303,95.29,9.91,757.51,25.92,Increasing,NORMAL,None
2025-11-01 02:00:00,7.209,105.1,8.65,761.09,26.01,Increasing,NORMAL,None
2025-11-01 03:00:00,7.342,37.52,8.01,784.06,26.18,Decreasing,NORMAL,None
2025-11-01 04:00:00,7.277,55.17,7.82,769.8,26.62,Decreasing,NORMAL,None
2025-11-01 05:00:00,7.177,67.3,7.12,782.75,26.74,Decreasing,NORMAL,None
2025-11-01 06:00:00,7.291,81.81,6.9,796.88,27.73,Increasing,NORMAL,None
2025-11-01 07:00:00,7.299,60.26,4.6,821.84,28.14,Decreasing,NORMAL,None
2025-11-01 08:00:00,7.3,65.03,4.66,782.65,28.35,Decreasing,NORMAL,None
2025-11-01 09:00:00,7.21,35.65,4.65,761.77,29.43,Decreasing,NORMAL,None
2025-11-01 10:00:00,7.424,37.48,4.24,746.17,29.16,Decreasing,NORMAL,None
2025-11-01 11:00:00,7.273,69.97,3.97,744.27,28.87,Increasing,NORMAL,None
2025-11-01 12:00:00,7.202,82.08,3.6,759.35,29.37,Stable,NORMAL,None
2025-11-01 13:00:00,7.442,121.68,4.81,798.03,29.39,Increasing,NORMAL,None
2025-11-01 14:00:00,7.36,91.57,5.93,806.89,29.11,Increasing,NORMAL,None
2025-11-01 15:00:00,7.254,67.6,5.62,804.84,28.82,Increasing,NORMAL,None
2025-11-01 16:00:00,7.417,55.63,7.13,808.32,28.55,Increasing,NORMAL,None
2025-11-01 17:00:00,7.322,75.58,8.71,817.87,28.11,Increasing,NORMAL,None
2025-11-01 18:00:00,7.304,51.09,8.83,837.19,27.88,Decreasing,NORMAL,None
2025-11-01 19:00:00,7.381,65.43,8.7,839.83,26.75,Decreasing,NORMAL,None
2025-11-01 20:00:00,7.314,97.56,7.93,820.99,27.58,Increasing,NORMAL,None
2025-11-01 21:00:00,7.246,72.1,7.09,820.93,26.46,Increasing,NORMAL,None
2025-11-01 22:00:00,7.407,80.91,6.75,794.52,26.19,Increasing,NORMAL,None
2025-11-01 23:00:00,7.215,30.0,5.36,796.83,25.73,Decreasing,NORMAL,None
2025-11-02 00:00:00,7.281,69.52,4.63,812.15,25.39,Increasing,NORMAL,None
2025-11-02 01:00:00,7.345,34.81,4.97,798.87,25.83,Decreasing,NORMAL,None
2025-11-02 02:00:00,7.231,80.74,7.03,794.99,26.35,Decreasing,NORMAL,None
2025-11-02 03:00:00,7.228,57.94,6.8,780.88,26.79,Decreasing,NORMAL,None
2025-11-02 04:00:00,7.146,67.33,6.52,802.96,27.13,Decreasing,NORMAL,None
2025-11-02 05:00:00,7.479,48.23,5.02,812.68,27.65,Increasing,NORMAL,None
2025-11-02 06:00:00,7.282,70.66,5.99,793.85,27.48,Stable,NORMAL,None
2025-11-02 07:00:00,7.478,38.69,5.0,802.84,27.65,Increasing,NORMAL,None
2025-11-02 08:00:00,7.389,30.0,6.6,793.29,28.76,Decreasing,NORMAL,None
2025-11-02 09:00:00,7.351,32.11,6.09,786.74,28.73,Decreasing,NORMAL,None
2025-11-02 10:00:00,7.169,113.65,8.31,797.05,29.17,Increasing,NORMAL,None
2025-11-02 11:00:00,7.219,30.0,6.7,805.09,29.08,Decreasing,NORMAL,None
2025-11-02 12:00:00,7.438,73.87,5.59,830.51,28.82,Increasing,NORMAL,None
2025-11-02 13:00:00,7.394,101.33,6.55,847.14,29.7,Increasing,NORMAL,None
2025-11-02 14:00:00,7.418,59.68,6.42,865.77,28.81,Increasing,NORMAL,None
2025-11-02 15:00:00,7.338,63.26,5.32,869.72,29.67,Increasing,NORMAL,None
2025-11-02 16:00:00,7.385,30.0,4.71,866.4,28.86,Decreasing,NORMAL,None
2025-11-02 17:00:00,7.337,46.97,3.98,838.79,28.17,Increasing,NORMAL,None
2025-11-02 18:00:00,7.494,46.92,5.42,819.02,27.6,Decreasing,NORMAL,None
2025-11-02 19:00:00,7.399,79.82,5.6,845.23,26.91,Decreasing,NORMAL,None
2025-11-02 20:00:00,7.501,47.11,5.05,840.29,26.29,Decreasing,NORMAL,None
2025-11-02 21:00:00,7.401,39.65,7.12,837.19,26.26,Decreasing,NORMAL,None
2025-11-02 22:00:00,7.271,73.08,7.35,838.76,26.49,Increasing,NORMAL,None
2025-11-02 23:00:00,7.166,62.93,5.25,832.69,25.81,Increasing,NORMAL,None
2025-11-03 00:00:00,7.192,73.52,3.94,839.52,25.4,Increasing,NORMAL,None
2025-11-03 01:00:00,7.39,62.33,2.49,810.6,26.15,Decreasing,NORMAL,None
2025-11-03 02:00:00,7.31,56.9,2.44,802.82,26.03,Increasing,NORMAL,None
2025-11-03 03:00:00,7.442,50.46,2.7,794.86,26.6,Increasing,NORMAL,None
2025-11-03 04:00:00,7.326,104.58,5.62,795.7,26.61,Increasing,NORMAL,None
2025-11-03 05:00:00,7.416,47.52,6.32,774.61,27.1,Decreasing,NORMAL,None
2025-11-03 06:00:00,7.436,87.15,7.77,754.21,27.7,Increasing,NORMAL,None
2025-11-03 07:00:00,7.689,74.58,7.53,758.36,28.06,Increasing,NORMAL,None
2025-11-03 08:00:00,8.009,56.42,5.42,759.06,29.4,Stable,NORMAL,None
2025-11-03 09:00:00,8.384,58.44,5.33,757.92,29.0,Increasing,NORMAL,None
2025-11-03 10:00:00,8.482,51.41,6.59,738.35,29.18,Decreasing,NORMAL,None
2025-11-03 11:00:00,8.532,30.0,5.01,728.81,29.78,Decreasing,NORMAL,None
2025-11-03 12:00:00,8.579,52.83,4.12,738.84,29.77,Decreasing,NORMAL,None
2025-11-03 13:00:00,8.496,47.02,4.69,731.88,29.14,Decreasing,NORMAL,None
2025-11-03 14:00:00,8.323,40.99,4.13,718.58,29.27,Decreasing,NORMAL,None
2025-11-03 15:00:00,7.932,72.22,5.87,726.79,29.16,Increasing,NORMAL,None
2025-11-03 16:00:00,7.655,64.33,4.83,739.67,28.42,Increasing,NORMAL,None
2025-11-03 17:00:00,7.493,66.38,4.39,745.71,28.48,Increasing,NORMAL,None
2025-11-03 18:00:00,7.273,56.16,8.5,755.01,27.88,Increasing,NORMAL,None
2025-11-03 19:00:00,7.563,46.81,9.4,776.09,27.23,Stable,NORMAL,None
2025-11-03 20:00:00,7.396,30.0,10.11,768.72,27.32,Decreasing,NORMAL,None
2025-11-03 21:00:00,7.408,44.28,10.37,779.31,26.55,Decreasing,NORMAL,None
2025-11-03 22:00:00,7.338,85.79,8.96,804.85,26.08,Increasing,NORMAL,None
2025-11-03 23:00:00,7.441,34.32,7.33,797.39,26.19,Decreasing,NORMAL,None
2025-11-04 00:00:00,7.313,82.21,4.39,812.46,25.74,Increasing,NORMAL,None
2025-11-04 01:00:00,7.32,68.11,3.48,821.81,25.75,Increasing,NORMAL,None
2025-11-04 02:00:00,7.362,42.95,3.71,802.54,26.32,Increasing,NORMAL,None
2025-11-04 03:00:00,7.431,37.92,3.74,816.59,26.63,Decreasing,NORMAL,None
2025-11-04 04:00:00,7.44,37.19,3.56,809.04,26.71,Decreasing,NORMAL,None
2025-11-04 05:00:00,7.194,48.19,3.64,769.9,27.17,Increasing,NORMAL,None
2025-11-04 06:00:00,7.35,65.02,3.2,774.56,27.65,Decreasing,NORMAL,None
2025-11-04 07:00:00,7.205,97.01,4.73,788.07,28.01,Increasing,NORMAL,None
2025-11-04 08:00:00,7.172,60.89,6.93,762.86,28.74,Increasing,NORMAL,None
2025-11-04 09:00:00,7.414,57.85,6.55,792.91,29.08,Increasing,NORMAL,None
2025-11-04 10:00:00,7.348,86.52,10.19,800.83,29.06,Increasing,NORMAL,None
2025-11-04 11:00:00,7.314,97.86,9.2,808.34,29.82,Increasing,NORMAL,None
2025-11-04 12:00:00,7.085,293.04,54.28,841.67,29.52,Increasing,NORMAL,None
2025-11-04 13:00:00,7.179,217.27,47.3,856.67,29.88,Increasing,NORMAL,None
2025-11-04 14:00:00,7.198,215.57,42.26,873.08,29.62,Increasing,NORMAL,None
2025-11-04 15:00:00,7.27,184.56,37.32,883.82,29.68,Increasing,NORMAL,None
2025-11-04 16:00:00,7.155,204.59,31.85,892.79,27.89,Increasing,NORMAL,None
2025-11-04 17:00:00,7.375,167.6,27.69,887.98,28.46,Increasing,NORMAL,None
2025-11-04 18:00:00,7.252,147.1,23.51,880.03,27.23,Decreasing,NORMAL,None
2025-11-04 19:00:00,7.448,105.87,21.4,894.44,26.99,Decreasing,NORMAL,None
2025-11-04 20:00:00,7.298,82.96,19.44,895.71,26.75,Decreasing,NORMAL,None
2025-11-04 21:00:00,7.184,83.2,15.48,898.75,26.1,Decreasing,NORMAL,None
2025-11-04 22:00:00,7.282,83.43,15.72,890.46,26.06,Decreasing,NORMAL,None
2025-11-04 23:00:00,7.299,135.42,14.3,875.82,26.27,Decreasing,NORMAL,None
2025-11-05 00:00:00,7.439,83.5,13.5,869.74,26.6,Decreasing,NORMAL,None
2025-11-05 01:00:00,7.441,98.48,12.78,833.44,25.85,Decreasing,NORMAL,None
2025-11-05 02:00:00,7.314,85.72,12.97,823.09,26.06,Increasing,NORMAL,None
2025-11-05 03:00:00,7.433,89.61,12.39,841.69,26.32,Increasing,NORMAL,None
2025-11-05 04:00:00,7.421,96.62,11.35,839.58,26.66,Increasing,NORMAL,None
2025-11-05 05:00:00,7.25,81.34,9.83,828.08,27.43,Decreasing,NORMAL,None
2025-11-05 06:00:00,7.465,44.2,11.17,823.82,28.16,Decreasing,NORMAL,None
2025-11-05 07:00:00,7.248,125.32,12.22,821.37,28.52,Increasing,NORMAL,None
2025-11-05 08:00:00,7.264,91.9,11.11,819.49,28.13,Increasing,NORMAL,None
2025-11-05 09:00:00,7.262,59.24,10.33,811.63,28.73,Decreasing,NORMAL,None
2025-11-05 10:00:00,7.355,69.87,14.46,795.89,28.98,Decreasing,NORMAL,None
2025-11-05 11:00:00,7.191,90.72,14.41,811.23,29.86,Increasing,NORMAL,None
2025-11-05 12:00:00,7.36,95.62,15.17,810.15,29.27,Increasing,NORMAL,None
2025-11-05 13:00:00,7.254,134.97,14.57,823.63,29.4,Increasing,NORMAL,None
2025-11-05 14:00:00,7.107,129.45,14.91,829.18,29.41,Increasing,NORMAL,None
2025-11-05 15:00:00,7.375,99.61,13.47,843.39,28.51,Increasing,NORMAL,None
2025-11-05 16:00:00,7.4,111.45,11.27,858.41,28.64,Increasing,NORMAL,None
2025-11-05 17:00:00,7.362,52.87,10.14,859.8,28.62,Decreasing,NORMAL,None
2025-11-05 18:00:00,7.5,43.02,9.09,803.95,27.5,Decreasing,NORMAL,None
2025-11-05 19:00:00,7.624,77.34,7.88,810.22,27.06,Decreasing,NORMAL,None
2025-11-05 20:00:00,7.229,70.1,6.75,796.25,26.95,Decreasing,NORMAL,None
2025-11-05 21:00:00,7.364,30.0,7.71,791.05,26.26,Decreasing,NORMAL,None
2025-11-05 22:00:00,7.214,126.13,8.24,791.96,26.63,Increasing,NORMAL,None
2025-11-05 23:00:00,7.489,92.42,8.39,782.82,26.06,Increasing,NORMAL,None
2025-11-06 00:00:00,7.299,76.13,13.24,764.99,26.26,Increasing,NORMAL,None
2025-11-06 01:00:00,7.379,123.41,11.79,796.36,25.53,Increasing,NORMAL,None
2025-11-06 02:00:00,7.316,94.26,11.01,792.85,26.59,Increasing,NORMAL,None
2025-11-06 03:00:00,7.416,93.06,12.37,791.36,26.48,Increasing,NORMAL,None
2025-11-06 04:00:00,7.474,104.66,13.2,779.02,27.05,Decreasing,NORMAL,None
2025-11-06 05:00:00,7.375,52.73,13.11,755.04,27.07,Decreasing,NORMAL,None
2025-11-06 06:00:00,7.294,105.48,11.85,761.56,27.62,Increasing,NORMAL,None
2025-11-06 07:00:00,7.438,79.62,11.02,769.34,28.16,Decreasing,NORMAL,None
2025-11-06 08:00:00,7.382,74.79,10.91,748.26,28.54,Decreasing,NORMAL,None
2025-11-06 09:00:00,7.236,65.04,8.92,758.74,29.04,Decreasing,NORMAL,None
2025-11-06 10:00:00,7.289,91.38,8.35,737.2,29.74,Decreasing,NORMAL,None
2025-11-06 11:00:00,7.577,30.0,8.66,747.19,29.63,Decreasing,NORMAL,None
2025-11-06 12:00:00,7.538,48.76,8.06,745.49,28.85,Decreasing,NORMAL,None
2025-11-06 13:00:00,7.385,105.32,7.98,757.13,29.69,Increasing,NORMAL,None
2025-11-06 14:00:00,7.225,56.66,5.64,768.61,28.79,Decreasing,NORMAL,None
2025-11-06 15:00:00,7.427,69.43,6.56,774.25,29.39,Increasing,NORMAL,None
2025-11-06 16:00:00,7.312,108.96,6.93,777.25,28.63,Increasing,NORMAL,None
2025-11-06 17:00:00,7.225,76.98,4.42,784.25,28.24,Increasing,NORMAL,None
2025-11-06 18:00:00,7.46,41.85,2.08,781.99,27.65,Decreasing,NORMAL,None
2025-11-06 19:00:00,7.393,47.98,2.33,812.63,27.9,Decreasing,NORMAL,None
2025-11-06 20:00:00,7.339,51.52,3.21,802.64,26.26,Decreasing,NORMAL,None
2025-11-06 21:00:00,7.365,61.23,4.49,789.26,26.45,Decreasing,NORMAL,None
2025-11-06 22:00:00,7.378,72.37,7.35,796.66,26.27,Decreasing,NORMAL,None
2025-11-06 23:00:00,7.167,78.66,7.85,796.23,26.33,Stable,NORMAL,None
2025-11-07 00:00:00,7.365,31.42,5.9,788.66,25.69,Decreasing,NORMAL,None
2025-11-07 01:00:00,7.217,78.4,4.11,778.55,26.28,Increasing,NORMAL,None
2025-11-07 02:00:00,7.17,93.89,5.44,781.18,25.94,Increasing,NORMAL,None
2025-11-07 03:00:00,7.413,63.51,5.33,774.16,26.35,Increasing,NORMAL,None
2025-11-07 04:00:00,7.39,41.32,5.38,774.73,27.12,Decreasing,NORMAL,None
2025-11-07 05:00:00,7.323,70.82,5.61,750.26,27.01,Decreasing,NORMAL,None
2025-11-07 06:00:00,7.204,37.61,4.84,773.49,27.72,Increasing,NORMAL,None
2025-11-07 07:00:00,7.346,86.27,4.86,787.39,28.79,Increasing,NORMAL,None
2025-11-07 08:00:00,7.41,56.35,3.59,802.16,28.44,Decreasing,NORMAL,None
2025-11-07 09:00:00,7.381,98.43,7.39,806.1,28.15,Increasing,NORMAL,None
2025-11-07 10:00:00,7.269,54.61,6.48,778.62,29.52,Increasing,NORMAL,None
2025-11-07 11:00:00,7.142,115.65,7.99,787.55,29.44,Increasing,NORMAL,None
2025-11-07 12:00:00,7.422,53.7,7.45,780.62,30.03,Increasing,NORMAL,None
2025-11-07 13:00:00,7.543,81.1,8.21,773.46,29.8,Decreasing,NORMAL,None
2025-11-07 14:00:00,7.342,92.5,5.86,788.49,28.87,Increasing,NORMAL,None
2025-11-07 15:00:00,7.137,73.34,5.47,794.31,29.52,Decreasing,NORMAL,None
2025-11-07 16:00:00,7.358,109.78,7.62,814.02,28.56,Increasing,NORMAL,None
2025-11-07 17:00:00,7.376,42.27,7.56,812.91,28.23,Decreasing,NORMAL,None
2025-11-07 18:00:00,7.508,57.79,5.15,804.0,27.96,Increasing,NORMAL,None
2025-11-07 19:00:00,7.373,61.56,3.32,821.2,27.41,Decreasing,NORMAL,None
2025-11-07 20:00:00,7.428,38.39,2.35,796.85,27.3,Decreasing,NORMAL,None
2025-11-07 21:00:00,7.489,62.1,1.46,789.47,27.01,Decreasing,NORMAL,None
2025-11-07 22:00:00,7.288,30.0,2.21,803.57,25.87,Decreasing,NORMAL,None
2025-11-07 23:00:00,7.335,30.0,2.08,756.65,25.71,Decreasing,NORMAL,None
2025-11-08 00:00:00,7.23,74.34,4.42,742.91,25.65,Increasing,NORMAL,None
2025-11-08 01:00:00,7.324,49.35,5.03,726.89,25.8,Decreasing,NORMAL,None
2025-11-08 02:00:00,7.431,30.0,3.66,727.55,26.57,Decreasing,NORMAL,None
2025-11-08 03:00:00,7.37,59.44,3.46,732.18,27.11,Decreasing,NORMAL,None
2025-11-08 04:00:00,7.408,30.0,2.52,723.51,26.99,Stable,NORMAL,None
2025-11-08 05:00:00,7.48,30.0,3.59,722.7,27.06,Stable,NORMAL,None
2025-11-08 06:00:00,7.351,48.26,3.26,722.57,27.88,Decreasing,NORMAL,None
2025-11-08 07:00:00,7.473,48.93,2.11,718.09,28.43,Stable,NORMAL,None
2025-11-08 08:00:00,7.397,49.41,1.0,704.39,29.16,Increasing,NORMAL,None
2025-11-08 09:00:00,7.342,53.53,1.0,718.14,28.97,Decreasing,NORMAL,None
2025-11-08 10:00:00,7.375,51.98,1.0,748.93,29.52,Increasing,NORMAL,None
2025-11-08 11:00:00,7.241,77.27,2.8,779.78,29.21,Increasing,NORMAL,None
2025-11-08 12:00:00,7.457,49.98,1.99,778.71,29.5,Increasing,NORMAL,None
2025-11-08 13:00:00,7.396,30.0,2.47,775.58,29.4,Decreasing,NORMAL,None
2025-11-08 14:00:00,7.416,55.98,4.16,786.69,28.96,Increasing,NORMAL,None
2025-11-08 15:00:00,7.37,30.0,4.81,774.98,29.34,Decreasing,NORMAL,None
2025-11-08 16:00:00,7.285,30.0,7.4,768.84,28.35,Decreasing,NORMAL,None
2025-11-08 17:00:00,7.394,53.3,7.9,783.69,28.55,Decreasing,NORMAL,None
2025-11-08 18:00:00,7.178,100.53,6.39,791.38,28.18,Increasing,NORMAL,None
2025-11-08 19:00:00,7.503,35.16,5.59,772.78,27.23,Increasing,NORMAL,None
2025-11-08 20:00:00,7.437,36.42,3.8,790.85,26.32,Decreasing,NORMAL,None
2025-11-08 21:00:00,7.333,48.84,3.98,792.84,26.23,Increasing,NORMAL,None
2025-11-08 22:00:00,7.238,137.64,21.4,808.07,25.99,Increasing,NORMAL,None
2025-11-08 23:00:00,7.312,138.44,18.33,842.5,26.15,Increasing,NORMAL,None
2025-11-09 00:00:00,7.248,146.4,17.39,841.15,26.07,Increasing,NORMAL,None
2025-11-09 01:00:00,7.38,128.77,17.4,848.6,25.53,Increasing,NORMAL,None
2025-11-09 02:00:00,7.383,81.62,16.83,846.58,26.17,Increasing,NORMAL,None
2025-11-09 03:00:00,7.605,112.15,16.02,876.99,26.19,Increasing,NORMAL,None
2025-11-09 04:00:00,7.245,122.32,15.48,893.98,27.06,Decreasing,NORMAL,None
2025-11-09 05:00:00,7.405,136.0,12.72,903.16,27.19,Stable,NORMAL,None
2025-11-09 06:00:00,7.382,151.88,12.27,912.08,28.2,Increasing,NORMAL,None
2025-11-09 07:00:00,7.437,76.18,9.6,889.43,28.15,Decreasing,NORMAL,None
2025-11-09 08:00:00,7.229,96.96,9.62,871.02,28.5,Increasing,NORMAL,None
2025-11-09 09:00:00,7.356,88.51,12.18,871.92,28.57,Decreasing,NORMAL,None
2025-11-09 10:00:00,7.457,105.17,11.83,884.31,29.22,Decreasing,NORMAL,None
2025-11-09 11:00:00,7.188,87.0,11.17,855.36,29.55,Decreasing,NORMAL,None
2025-11-09 12:00:00,7.358,87.42,11.08,838.05,29.66,Decreasing,NORMAL,None
2025-11-09 13:00:00,7.381,52.62,12.34,850.98,29.45,Decreasing,NORMAL,None
2025-11-09 14:00:00,7.195,81.29,12.66,828.79,29.71,Decreasing,NORMAL,None
2025-11-09 15:00:00,7.325,98.24,12.84,822.76,29.18,Increasing,NORMAL,None
2025-11-09 16:00:00,7.543,46.8,10.62,821.23,28.55,Decreasing,NORMAL,None
2025-11-09 17:00:00,7.435,30.0,9.51,814.58,28.39,Decreasing,NORMAL,None
2025-11-09 18:00:00,7.541,72.76,9.6,808.57,27.94,Decreasing,NORMAL,None
2025-11-09 19:00:00,7.183,74.42,8.19,813.3,27.72,Increasing,NORMAL,None
2025-11-09 20:00:00,7.402,77.58,7.09,806.31,26.37,Decreasing,NORMAL,None
2025-11-09 21:00:00,7.293,80.26,5.98,800.34,26.67,Decreasing,NORMAL,None
2025-11-09 22:00:00,7.274,89.01,5.08,788.81,26.59,Increasing,NORMAL,None
2025-11-09 23:00:00,7.289,30.0,5.56,788.01,26.46,Stable,NORMAL,None
2025-11-10 00:00:00,7.332,76.43,7.12,805.18,25.65,Increasing,NORMAL,None
2025-11-10 01:00:00,7.266,54.11,5.96,806.74,26.29,Decreasing,NORMAL,None
2025-11-10 02:00:00,7.141,51.25,5.77,807.33,26.71,Decreasing,NORMAL,None
2025-11-10 03:00:00,7.324,74.44,6.91,814.61,26.81,Decreasing,NORMAL,None
2025-11-10 04:00:00,7.277,46.22,9.56,823.76,27.05,Decreasing,NORMAL,None
2025-11-10 05:00:00,7.278,86.74,8.69,828.77,27.91,Increasing,NORMAL,None
2025-11-10 06:00:00,7.353,97.48,6.49,822.58,28.0,Increasing,NORMAL,None
2025-11-10 07:00:00,7.238,48.97,4.56,813.13,28.37,Decreasing,NORMAL,None
2025-11-10 08:00:00,7.37,117.3,7.86,818.04,28.77,Increasing,NORMAL,None
2025-11-10 09:00:00,7.308,69.07,15.91,823.93,29.24,Decreasing,NORMAL,None
2025-11-10 10:00:00,7.349,89.13,15.89,817.01,29.39,Increasing,NORMAL,None
2025-11-10 11:00:00,7.399,116.75,14.92,855.82,29.49,Increasing,NORMAL,None
2025-11-10 12:00:00,7.406,119.15,16.37,863.22,30.1,Increasing,NORMAL,None
2025-11-10 13:00:00,7.512,68.1,12.54,872.63,29.46,Increasing,NORMAL,None
2025-11-10 14:00:00,7.296,59.44,9.16,882.64,29.2,Decreasing,NORMAL,None
2025-11-10 15:00:00,7.176,99.54,9.13,903.75,28.6,Increasing,NORMAL,None
2025-11-10 16:00:00,7.434,30.0,7.48,899.62,29.25,Decreasing,NORMAL,None
2025-11-10 17:00:00,7.379,78.75,8.63,889.19,27.75,Decreasing,NORMAL,None
2025-11-10 18:00:00,7.429,88.28,7.67,896.05,27.8,Decreasing,NORMAL,None
2025-11-10 19:00:00,7.466,30.0,8.46,861.91,26.8,Decreasing,NORMAL,None
2025-11-10 20:00:00,7.4,78.17,8.72,827.7,27.17,Increasing,NORMAL,None
2025-11-10 21:00:00,7.502,93.31,7.86,825.07,26.71,Decreasing,NORMAL,None
2025-11-10 22:00:00,7.447,32.26,6.17,810.25,26.45,Increasing,NORMAL,None
2025-11-10 23:00:00,7.423,55.18,6.58,816.9,26.72,Decreasing,NORMAL,None
2025-11-11 00:00:00,7.333,30.0,4.49,802.44,25.98,Decreasing,NORMAL,None
2025-11-11 01:00:00,7.402,30.0,4.0,802.16,26.51,Stable,NORMAL,None
2025-11-11 02:00:00,7.316,59.3,5.75,799.14,26.46,Decreasing,NORMAL,None
2025-11-11 03:00:00,7.222,60.15,4.56,785.1,26.7,Decreasing,NORMAL,None
2025-11-11 04:00:00,7.404,30.0,3.4,759.15,26.69,Decreasing,NORMAL,None
2025-11-11 05:00:00,7.557,30.0,1.08,746.77,27.22,Decreasing,NORMAL,None
2025-11-11 06:00:00,7.322,43.15,1.57,774.31,27.9,Increasing,NORMAL,None
2025-11-11 07:00:00,7.308,66.21,2.27,788.9,28.34,Increasing,NORMAL,None
2025-11-11 08:00:00,7.524,30.0,5.14,762.68,28.63,Decreasing,NORMAL,None
2025-11-11 09:00:00,7.256,59.37,4.13,767.63,29.15,Stable,NORMAL,None
2025-11-11 10:00:00,7.488,44.33,2.51,780.57,28.98,Increasing,NORMAL,None
2025-11-11 11:00:00,7.231,49.67,3.24,773.06,29.64,Increasing,NORMAL,None
2025-11-11 12:00:00,7.362,50.43,2.58,782.16,29.43,Increasing,NORMAL,None
2025-11-11 13:00:00,7.302,72.42,2.41,778.31,30.02,Increasing,NORMAL,None
2025-11-11 14:00:00,7.266,81.34,5.19,787.84,29.26,Increasing,NORMAL,None
2025-11-11 15:00:00,7.253,101.83,9.54,792.96,29.0,Increasing,NORMAL,None
2025-11-11 16:00:00,7.424,80.32,10.09,786.01,28.77,Increasing,NORMAL,None
2025-11-11 17:00:00,7.314,59.64,11.77,772.91,28.07,Increasing,NORMAL,None
2025-11-11 18:00:00,7.33,58.69,12.06,790.15,28.06,Increasing,NORMAL,None
2025-11-11 19:00:00,7.295,91.21,9.22,810.35,26.76,Increasing,NORMAL,None
2025-11-11 20:00:00,7.295,94.81,9.96,819.0,26.29,Increasing,NORMAL,None
2025-11-11 21:00:00,7.312,110.16,7.82,821.52,26.53,Increasing,NORMAL,None
2025-11-11 22:00:00,7.203,54.27,6.82,806.0,25.75,Decreasing,NORMAL,None
2025-11-11 23:00:00,7.389,66.17,4.79,815.17,26.08,Increasing,NORMAL,None
2025-11-12 00:00:00,7.487,30.0,4.23,764.74,26.16,Decreasing,NORMAL,None
2025-11-12 01:00:00,7.213,71.24,2.38,776.0,26.35,Decreasing,NORMAL,None
2025-11-12 02:00:00,7.381,60.96,2.27,786.08,26.4,Decreasing,NORMAL,None
2025-11-12 03:00:00,7.432,30.0,2.26,769.95,26.57,Decreasing,NORMAL,None
2025-11-12 04:00:00,7.351,64.66,3.82,777.26,27.26,Increasing,NORMAL,None
2025-11-12 05:00:00,7.265,95.73,8.16,798.69,27.61,Increasing,NORMAL,None
2025-11-12 06:00:00,7.007,107.93,7.75,805.9,27.89,Increasing,NORMAL,None
2025-11-12 07:00:00,7.281,65.75,7.51,814.94,28.63,Decreasing,NORMAL,None
2025-11-12 08:00:00,7.395,48.6,6.79,794.2,28.56,Decreasing,NORMAL,None
2025-11-12 09:00:00,7.425,66.19,7.38,785.89,29.21,Increasing,NORMAL,None
2025-11-12 10:00:00,7.667,62.56,7.26,808.03,28.77,Decreasing,NORMAL,None
2025-11-12 11:00:00,7.327,132.88,6.13,791.21,29.64,Increasing,NORMAL,None
2025-11-12 12:00:00,7.259,67.65,6.52,788.39,29.82,Decreasing,NORMAL,None
2025-11-12 13:00:00,7.443,52.37,6.25,795.82,30.06,Decreasing,NORMAL,None
2025-11-12 14:00:00,7.324,71.5,5.15,802.6,29.04,Increasing,NORMAL,None
2025-11-12 15:00:00,7.27,32.87,4.06,760.49,29.28,Decreasing,NORMAL,None
2025-11-12 16:00:00,7.335,83.67,4.28,760.29,29.23,Increasing,NORMAL,None
2025-11-12 17:00:00,7.445,39.54,3.51,758.96,28.27,Decreasing,NORMAL,None
2025-11-12 18:00:00,7.321,52.36,2.78,750.19,28.32,Decreasing,NORMAL,None
2025-11-12 19:00:00,7.295,31.81,4.12,747.47,27.44,Decreasing,NORMAL,None
2025-11-12 20:00:00,7.384,32.73,4.71,751.48,27.34,Decreasing,NORMAL,None
2025-11-12 21:00:00,7.424,86.06,4.63,773.7,27.2,Increasing,NORMAL,None
2025-11-12 22:00:00,7.208,78.26,6.79,796.44,25.97,Decreasing,NORMAL,None
2025-11-12 23:00:00,7.167,93.32,8.81,802.95,26.25,Increasing,NORMAL,None
2025-11-13 00:00:00,7.483,32.6,8.32,793.45,25.85,Decreasing,NORMAL,None
2025-11-13 01:00:00,7.276,30.0,6.84,787.42,26.07,Decreasing,NORMAL,None
2025-11-13 02:00:00,7.375,92.05,5.74,800.81,26.82,Increasing,NORMAL,None
2025-11-13 03:00:00,7.286,81.25,6.99,810.26,26.51,Decreasing,NORMAL,None
2025-11-13 04:00:00,7.379,98.62,8.0,782.0,27.03,Increasing,NORMAL,None
2025-11-13 05:00:00,7.258,52.96,8.07,775.0,26.96,Decreasing,NORMAL,None
2025-11-13 06:00:00,7.329,31.97,8.81,779.41,27.56,Stable,NORMAL,None
2025-11-13 07:00:00,7.307,80.76,7.61,763.39,28.55,Increasing,NORMAL,None
2025-11-13 08:00:00,7.505,58.94,6.72,776.16,28.8,Decreasing,NORMAL,None
2025-11-13 09:00:00,7.249,57.87,5.7,759.78,29.08,Decreasing,NORMAL,None
2025-11-13 10:00:00,7.275,39.0,4.79,743.98,29.47,Decreasing,NORMAL,None
2025-11-13 11:00:00,7.308,33.4,3.07,750.56,30.26,Decreasing,NORMAL,None
2025-11-13 12:00:00,7.394,98.83,4.11,761.38,29.71,Increasing,NORMAL,None
2025-11-13 13:00:00,7.235,40.55,3.35,787.36,29.52,Decreasing,NORMAL,None
2025-11-13 14:00:00,7.548,30.0,2.65,770.43,29.28,Decreasing,NORMAL,None
2025-11-13 15:00:00,7.296,53.21,2.41,759.93,29.44,Decreasing,NORMAL,None
2025-11-13 16:00:00,7.233,70.88,4.78,763.3,28.53,Increasing,NORMAL,None
2025-11-13 17:00:00,7.27,81.08,8.79,787.31,28.78,Increasing,NORMAL,None
2025-11-13 18:00:00,7.31,109.81,6.91,781.52,27.89,Increasing,NORMAL,None
2025-11-13 19:00:00,7.443,110.14,6.86,788.82,27.56,Increasing,NORMAL,None
2025-11-13 20:00:00,7.219,90.19,6.27,777.32,26.87,Increasing,NORMAL,None
2025-11-13 21:00:00,7.343,78.29,4.45,774.81,26.55,Increasing,NORMAL,None
2025-11-13 22:00:00,7.352,68.07,5.35,794.12,26.51,Decreasing,NORMAL,None
2025-11-13 23:00:00,7.283,30.0,5.56,780.95,26.08,Decreasing,NORMAL,None
2025-11-14 00:00:00,7.278,30.0,5.11,789.89,26.17,Decreasing,NORMAL,None
2025-11-14 01:00:00,7.45,73.42,7.05,794.34,25.97,Decreasing,NORMAL,None
2025-11-14 02:00:00,7.422,64.81,10.59,809.63,25.96,Decreasing,NORMAL,None
2025-11-14 03:00:00,7.326,84.92,12.51,802.08,26.84,Increasing,NORMAL,None
2025-11-14 04:00:00,7.418,61.13,11.0,802.69,26.57,Decreasing,NORMAL,None
2025-11-14 05:00:00,7.41,36.02,12.16,790.64,27.16,Increasing,NORMAL,None
2025-11-14 06:00:00,7.393,70.83,11.43,766.48,27.71,Increasing,NORMAL,None
2025-11-14 07:00:00,7.551,44.94,10.59,754.71,28.27,Decreasing,NORMAL,None
2025-11-14 08:00:00,7.21,70.36,9.42,773.89,29.22,Increasing,NORMAL,None
2025-11-14 09:00:00,7.357,72.15,11.28,791.75,29.35,Decreasing,NORMAL,None
2025-11-14 10:00:00,7.348,99.75,9.81,787.49,29.13,Increasing,NORMAL,None
2025-11-14 11:00:00,7.506,60.41,11.56,789.37,29.71,Increasing,NORMAL,None
2025-11-14 12:00:00,7.407,70.09,11.61,765.1,29.2,Stable,NORMAL,None
2025-11-14 13:00:00,7.393,60.27,10.9,740.86,29.68,Increasing,NORMAL,None
2025-11-14 14:00:00,7.409,96.26,10.55,752.93,29.59,Increasing,NORMAL,None
2025-11-14 15:00:00,7.413,108.63,12.19,760.31,29.94,Increasing,NORMAL,None
2025-11-14 16:00:00,7.337,84.85,10.74,763.62,28.97,Decreasing,NORMAL,None
2025-11-14 17:00:00,7.461,46.7,10.54,767.01,28.43,Decreasing,NORMAL,None
2025-11-14 18:00:00,7.176,99.76,9.78,773.17,28.52,Increasing,NORMAL,None
2025-11-14 19:00:00,7.418,30.0,8.21,779.87,27.2,Decreasing,NORMAL,None
2025-11-14 20:00:00,7.327,41.85,8.96,771.22,27.17,Decreasing,NORMAL,None
2025-11-14 21:00:00,7.333,30.0,7.92,748.07,26.54,Decreasing,NORMAL,None
2025-11-14 22:00:00,7.55,34.19,6.08,756.77,26.48,Decreasing,NORMAL,None
2025-11-14 23:00:00,7.41,37.04,6.26,772.94,26.11,Decreasing,NORMAL,None
2025-11-15 00:00:00,7.286,64.71,4.77,797.48,26.04,Decreasing,NORMAL,None
2025-11-15 01:00:00,7.322,73.71,4.13,819.19,25.97,Increasing,NORMAL,None
2025-11-15 02:00:00,7.403,63.93,5.46,810.01,25.87,Increasing,NORMAL,None
2025-11-15 03:00:00,7.17,41.62,5.95,792.27,26.52,Increasing,NORMAL,None
2025-11-15 04:00:00,7.344,59.98,4.97,781.36,26.36,Increasing,NORMAL,None
2025-11-15 05:00:00,7.317,87.57,6.69,821.6,27.46,Increasing,NORMAL,None
2025-11-15 06:00:00,7.348,72.45,6.76,813.96,28.03,Increasing,NORMAL,None
2025-11-15 07:00:00,7.303,30.0,4.75,803.35,28.13,Decreasing,NORMAL,None
2025-11-15 08:00:00,7.405,37.15,4.75,796.78,29.21,Decreasing,NORMAL,None
2025-11-15 09:00:00,7.413,50.67,7.14,815.7,29.09,Increasing,NORMAL,None
2025-11-15 10:00:00,7.376,74.77,6.07,803.45,29.24,Increasing,NORMAL,None
2025-11-15 11:00:00,7.468,54.84,7.02,816.59,29.96,Decreasing,NORMAL,None
2025-11-15 12:00:00,7.272,39.97,6.8,805.23,30.08,Decreasing,NORMAL,None
2025-11-15 13:00:00,7.343,30.0,7.73,804.75,29.86,Stable,NORMAL,None
2025-11-15 14:00:00,7.161,90.88,5.99,813.28,29.61,Increasing,NORMAL,None
2025-11-15 15:00:00,7.174,83.69,5.96,803.47,29.23,Increasing,NORMAL,None
2025-11-15 16:00:00,7.385,58.95,6.1,773.68,29.12,Decreasing,NORMAL,None
2025-11-15 17:00:00,7.377,90.9,5.64,798.96,28.61,Increasing,NORMAL,None
2025-11-15 18:00:00,7.453,30.0,6.02,793.32,28.05,Decreasing,NORMAL,None
2025-11-15 19:00:00,7.305,83.12,6.29,791.97,27.07,Increasing,NORMAL,None
2025-11-15 20:00:00,7.339,61.39,5.13,799.76,27.24,Decreasing,NORMAL,None
2025-11-15 21:00:00,7.296,30.0,4.88,788.12,26.33,Decreasing,NORMAL,None
2025-11-15 22:00:00,7.281,52.62,3.14,779.74,26.1,Decreasing,NORMAL,None
2025-11-15 23:00:00,7.345,44.35,3.42,788.79,26.72,Decreasing,NORMAL,None
2025-11-16 00:00:00,7.316,43.32,4.37,789.49,25.86,Increasing,NORMAL,None
2025-11-16 01:00:00,7.193,65.98,4.02,763.97,26.16,Decreasing,NORMAL,None
2025-11-16 02:00:00,7.343,101.7,4.18,776.81,26.19,Increasing,NORMAL,None
2025-11-16 03:00:00,7.495,62.56,6.57,748.56,26.5,Increasing,NORMAL,None
2025-11-16 04:00:00,7.24,85.93,4.72,755.57,27.13,Increasing,NORMAL,None
2025-11-16 05:00:00,7.442,36.02,5.87,755.58,27.23,Decreasing,NORMAL,None
2025-11-16 06:00:00,7.489,56.3,5.97,759.94,27.73,Increasing,NORMAL,None
2025-11-16 07:00:00,7.364,52.89,7.62,752.85,28.53,Decreasing,NORMAL,None
2025-11-16 08:00:00,7.259,96.16,6.73,761.1,28.81,Decreasing,NORMAL,None
2025-11-16 09:00:00,7.331,93.47,8.92,778.18,29.14,Increasing,NORMAL,None
2025-11-16 10:00:00,7.354,95.63,11.08,765.15,28.86,Increasing,NORMAL,None
2025-11-16 11:00:00,7.211,50.17,9.66,771.17,29.56,Increasing,NORMAL,None
2025-11-16 12:00:00,7.128,30.0,10.82,730.26,29.85,Decreasing,NORMAL,None
2025-11-16 13:00:00,7.477,69.67,10.18,734.76,28.9,Increasing,NORMAL,None
2025-11-16 14:00:00,7.249,122.74,14.33,765.53,29.62,Increasing,NORMAL,None
2025-11-16 15:00:00,7.454,85.19,13.48,736.09,29.1,Decreasing,NORMAL,None
2025-11-16 16:00:00,7.333,116.54,12.17,745.32,29.07,Increasing,NORMAL,None
2025-11-16 17:00:00,7.273,62.06,9.07,743.88,28.14,Increasing,NORMAL,None
2025-11-16 18:00:00,7.305,66.59,8.71,760.84,28.87,Increasing,NORMAL,None
2025-11-16 19:00:00,7.548,55.64,8.98,741.24,27.59,Decreasing,NORMAL,None
2025-11-16 20:00:00,7.397,69.83,8.82,729.15,27.27,Decreasing,NORMAL,None
2025-11-16 21:00:00,7.216,42.47,8.28,734.91,26.99,Decreasing,NORMAL,None
2025-11-16 22:00:00,7.327,88.15,7.25,766.28,26.71,Decreasing,NORMAL,None
2025-11-16 23:00:00,7.344,44.13,6.22,783.59,26.28,Decreasing,NORMAL,None
2025-11-17 00:00:00,7.352,38.54,4.94,771.52,25.77,Decreasing,NORMAL,None
2025-11-17 01:00:00,7.482,30.0,3.45,760.47,26.33,Decreasing,NORMAL,None
2025-11-17 02:00:00,7.408,34.5,3.89,762.71,26.63,Decreasing,NORMAL,None
2025-11-17 03:00:00,7.202,86.88,4.59,786.61,26.81,Increasing,NORMAL,None
2025-11-17 04:00:00,7.233,98.51,2.77,790.23,27.08,Increasing,NORMAL,None
2025-11-17 05:00:00,7.243,70.23,3.24,797.32,27.48,Increasing,NORMAL,None
2025-11-17 06:00:00,7.3,55.25,2.55,779.65,28.22,Increasing,NORMAL,None
2025-11-17 07:00:00,7.435,49.21,5.17,779.1,28.77,Increasing,NORMAL,None
2025-11-17 08:00:00,7.34,47.17,5.36,762.43,28.35,Increasing,NORMAL,None
2025-11-17 09:00:00,7.259,142.05,7.06,789.12,29.03,Increasing,NORMAL,None
2025-11-17 10:00:00,7.375,74.12,8.05,802.39,29.45,Decreasing,NORMAL,None
2025-11-17 11:00:00,7.306,99.84,6.98,789.32,29.94,Increasing,NORMAL,None
2025-11-17 12:00:00,7.446,85.78,9.79,800.76,29.48,Increasing,NORMAL,None
2025-11-17 13:00:00,7.231,30.0,8.29,789.6,30.0,Decreasing,NORMAL,None
2025-11-17 14:00:00,7.26,55.96,9.22,789.22,29.62,Increasing,NORMAL,None
2025-11-17 15:00:00,7.31,78.38,7.43,786.71,29.47,Decreasing,NORMAL,None
2025-11-17 16:00:00,7.236,49.15,6.45,778.38,29.55,Decreasing,NORMAL,None
2025-11-17 17:00:00,7.465,51.87,6.99,790.61,28.32,Decreasing,NORMAL,None
2025-11-17 18:00:00,7.023,30.0,5.17,782.54,28.08,Decreasing,NORMAL,None
2025-11-17 19:00:00,7.374,69.1,3.87,800.9,27.25,Increasing,NORMAL,None
2025-11-17 20:00:00,7.36,50.88,2.15,783.68,26.5,Decreasing,NORMAL,None
2025-11-17 21:00:00,7.42,31.1,4.22,770.16,26.99,Decreasing,NORMAL,None
2025-11-17 22:00:00,7.345,33.58,2.73,752.66,26.37,Decreasing,NORMAL,None
2025-11-17 23:00:00,7.427,38.51,1.31,737.23,26.72,Decreasing,NORMAL,None
2025-11-18 00:00:00,7.391,39.51,2.48,741.5,26.15,Increasing,NORMAL,None
2025-11-18 01:00:00,7.36,30.0,1.0,742.89,26.49,Decreasing,NORMAL,None
2025-11-18 02:00:00,7.102,45.17,8.56,749.71,27.0,Decreasing,NORMAL,None
2025-11-18 03:00:00,7.32,68.99,8.38,731.83,27.35,Increasing,NORMAL,None
2025-11-18 04:00:00,7.455,56.34,7.15,736.71,26.61,Increasing,NORMAL,None
2025-11-18 05:00:00,7.309,50.85,6.08,743.51,27.63,Increasing,NORMAL,None
2025-11-18 06:00:00,7.485,36.78,9.24,735.78,28.34,Decreasing,NORMAL,None
2025-11-18 07:00:00,7.315,88.32,7.25,747.13,28.69,Increasing,NORMAL,None
2025-11-18 08:00:00,7.397,72.58,7.3,769.89,28.98,Increasing,NORMAL,None
2025-11-18 09:00:00,7.121,80.56,8.61,778.96,28.59,Increasing,NORMAL,None
2025-11-18 10:00:00,7.351,92.19,7.14,793.53,29.64,Increasing,NORMAL,None
2025-11-18 11:00:00,7.429,52.38,7.65,790.68,29.89,Increasing,NORMAL,None
2025-11-18 12:00:00,7.331,88.57,6.28,817.74,29.47,Increasing,NORMAL,None
2025-11-18 13:00:00,7.28,54.05,7.6,817.88,29.48,Decreasing,NORMAL,None
2025-11-18 14:00:00,7.243,38.09,6.43,801.18,29.22,Decreasing,NORMAL,None
2025-11-18 15:00:00,7.28,60.77,5.13,801.75,29.68,Decreasing,NORMAL,None
2025-11-18 16:00:00,7.294,71.66,4.92,802.09,28.77,Decreasing,NORMAL,None
2025-11-18 17:00:00,7.551,37.09,2.6,800.69,28.59,Decreasing,NORMAL,None
2025-11-18 18:00:00,7.452,40.6,2.01,818.0,28.37,Decreasing,NORMAL,None
2025-11-18 19:00:00,7.544,30.15,1.62,782.2,27.27,Decreasing,NORMAL,None
2025-11-18 20:00:00,7.312,76.52,2.45,783.93,27.25,Increasing,NORMAL,None
2025-11-18 21:00:00,7.295,93.66,3.0,781.87,26.19,Increasing,NORMAL,None
2025-11-18 22:00:00,7.243,61.53,2.82,793.52,26.2,Decreasing,NORMAL,None
2025-11-18 23:00:00,7.358,63.66,4.2,799.58,26.49,Increasing,NORMAL,None
2025-11-19 00:00:00,7.622,30.0,3.28,774.68,26.04,Decreasing,NORMAL,None
2025-11-19 01:00:00,7.365,69.27,3.23,787.06,26.32,Increasing,NORMAL,None
2025-11-19 02:00:00,7.56,30.0,3.41,801.02,26.79,Decreasing,NORMAL,None
2025-11-19 03:00:00,7.294,30.0,2.01,779.45,26.65,Decreasing,NORMAL,None
2025-11-19 04:00:00,7.372,30.0,1.0,779.74,27.47,Decreasing,NORMAL,None
2025-11-19 05:00:00,7.333,51.33,1.13,774.25,27.28,Decreasing,NORMAL,None
2025-11-19 06:00:00,7.369,33.23,1.0,780.36,28.14,Increasing,NORMAL,None
2025-11-19 07:00:00,7.404,30.0,2.06,777.03,29.11,Decreasing,NORMAL,None
2025-11-19 08:00:00,7.513,75.69,1.61,789.06,28.14,Increasing,NORMAL,None
2025-11-19 09:00:00,7.425,30.0,1.17,787.68,29.3,Stable,NORMAL,None
2025-11-19 10:00:00,7.446,39.47,3.14,779.62,29.82,Increasing,NORMAL,None
2025-11-19 11:00:00,7.312,30.0,2.76,797.32,29.44,Decreasing,NORMAL,None
2025-11-19 12:00:00,7.361,30.0,2.89,785.94,29.52,Decreasing,NORMAL,None
2025-11-19 13:00:00,7.355,95.34,8.31,797.92,29.54,Increasing,NORMAL,None
2025-11-19 14:00:00,7.406,30.0,8.03,791.48,29.5,Decreasing,NORMAL,None
2025-11-19 15:00:00,7.144,76.37,7.26,800.13,29.16,Increasing,NORMAL,None
2025-11-19 16:00:00,7.195,70.94,7.63,808.03,28.58,Increasing,NORMAL,None
2025-11-19 17:00:00,7.359,71.74,5.37,811.28,28.5,Increasing,NORMAL,None
2025-11-19 18:00:00,7.308,30.0,5.15,791.44,28.52,Stable,NORMAL,None
2025-11-19 19:00:00,7.198,32.92,3.83,787.01,27.37,Decreasing,NORMAL,None
2025-11-19 20:00:00,7.277,47.72,3.91,781.28,26.84,Increasing,NORMAL,None
2025-11-19 21:00:00,7.251,55.61,3.89,763.77,26.62,Decreasing,NORMAL,None
2025-11-19 22:00:00,7.203,55.92,2.93,768.69,26.81,Decreasing,NORMAL,None
2025-11-19 23:00:00,7.34,30.0,3.81,770.51,26.14,Decreasing,NORMAL,None
2025-11-20 00:00:00,7.203,89.3,4.16,768.79,26.05,Increasing,NORMAL,None
2025-11-20 01:00:00,7.32,67.72,8.24,760.97,26.02,Increasing,NORMAL,None
2025-11-20 02:00:00,7.335,62.84,8.31,764.19,26.44,Increasing,NORMAL,None
2025-11-20 03:00:00,7.357,114.23,6.01,809.42,26.47,Increasing,NORMAL,None
2025-11-20 04:00:00,7.361,57.16,7.34,794.77,26.87,Stable,NORMAL,None
2025-11-20 05:00:00,7.307,50.73,7.63,782.45,27.46,Increasing,NORMAL,None
2025-11-20 06:00:00,7.264,92.91,8.06,790.62,28.12,Increasing,NORMAL,None
2025-11-20 07:00:00,7.644,32.83,5.41,771.9,28.3,Decreasing,NORMAL,None
2025-11-20 08:00:00,7.39,62.75,5.94,758.95,28.45,Stable,NORMAL,None
2025-11-20 09:00:00,7.253,69.54,6.64,760.47,29.6,Decreasing,NORMAL,None
2025-11-20 10:00:00,7.156,51.12,11.35,772.99,29.89,Decreasing,NORMAL,None
2025-11-20 11:00:00,7.34,109.98,11.59,789.51,30.16,Increasing,NORMAL,None
2025-11-20 12:00:00,7.171,69.79,12.4,794.22,29.91,Decreasing,NORMAL,None
2025-11-20 13:00:00,7.342,73.18,12.09,807.29,29.33,Increasing,NORMAL,None
2025-11-20 14:00:00,7.317,90.15,13.44,804.17,30.16,Increasing,NORMAL,None
2025-11-20 15:00:00,7.289,72.31,12.62,802.78,29.19,Increasing,NORMAL,None
2025-11-20 16:00:00,7.203,186.75,13.35,816.68,29.32,Increasing,NORMAL,None
2025-11-20 17:00:00,7.276,63.62,11.48,807.82,28.34,Decreasing,NORMAL,None
2025-11-20 18:00:00,7.342,71.68,11.33,810.17,28.04,Stable,NORMAL,None
2025-11-20 19:00:00,7.138,102.81,13.5,793.55,27.23,Increasing,NORMAL,None
2025-11-20 20:00:00,7.314,100.12,12.82,796.51,26.91,Increasing,NORMAL,None
2025-11-20 21:00:00,7.327,54.2,11.37,785.13,26.93,Decreasing,NORMAL,None
2025-11-20 22:00:00,7.374,68.62,10.4,796.55,26.5,Decreasing,NORMAL,None
2025-11-20 23:00:00,7.29,77.79,9.28,820.85,26.05,Increasing,NORMAL,None
2025-11-21 00:00:00,7.446,64.0,7.48,820.1,26.17,Decreasing,NORMAL,None
2025-11-21 01:00:00,7.325,48.69,9.09,803.49,26.08,Decreasing,NORMAL,None
2025-11-21 02:00:00,7.436,68.16,7.71,793.11,26.38,Decreasing,NORMAL,None
2025-11-21 03:00:00,7.511,85.49,11.23,779.09,26.79,Increasing,NORMAL,None
2025-11-21 04:00:00,7.512,100.72,11.21,775.92,27.13,Increasing,NORMAL,None
2025-11-21 05:00:00,7.288,96.53,11.36,766.19,27.46,Increasing,NORMAL,None
2025-11-21 06:00:00,7.267,91.11,9.68,776.92,27.88,Increasing,NORMAL,None
2025-11-21 07:00:00,7.404,97.31,8.23,778.39,28.47,Increasing,NORMAL,None
2025-11-21 08:00:00,7.285,71.67,8.12,779.59,28.32,Increasing,NORMAL,None
2025-11-21 09:00:00,7.457,37.34,7.38,758.06,28.73,Decreasing,NORMAL,None
2025-11-21 10:00:00,7.235,51.59,7.67,777.35,29.68,Decreasing,NORMAL,None
2025-11-21 11:00:00,7.409,51.23,6.9,761.62,29.95,Decreasing,NORMAL,None
2025-11-21 12:00:00,7.35,59.46,5.49,755.94,29.65,Decreasing,NORMAL,None
2025-11-21 13:00:00,7.402,43.11,5.36,737.68,30.04,Decreasing,NORMAL,None
2025-11-21 14:00:00,7.248,71.44,4.73,752.41,29.69,Stable,NORMAL,None
2025-11-21 15:00:00,7.325,55.39,3.53,771.69,29.23,Increasing,NORMAL,None
2025-11-21 16:00:00,7.445,49.39,3.05,785.44,28.6,Decreasing,NORMAL,None
2025-11-21 17:00:00,7.163,30.94,2.04,773.23,28.75,Decreasing,NORMAL,None
2025-11-21 18:00:00,7.223,40.53,3.41,754.3,28.42,Decreasing,NORMAL,None
2025-11-21 19:00:00,7.491,30.0,1.64,735.94,27.67,Decreasing,NORMAL,None
2025-11-21 20:00:00,7.422,52.93,1.93,770.21,27.07,Decreasing,NORMAL,None
2025-11-21 21:00:00,7.441,30.0,2.93,771.22,26.39,Decreasing,NORMAL,None
2025-11-21 22:00:00,7.343,64.56,5.31,759.89,26.41,Increasing,NORMAL,None
2025-11-21 23:00:00,7.324,85.29,6.89,755.27,25.95,Increasing,NORMAL,None
2025-11-22 00:00:00,7.322,69.02,6.82,780.06,26.59,Increasing,NORMAL,None
2025-11-22 01:00:00,7.383,56.57,6.49,757.9,26.08,Increasing,NORMAL,None
2025-11-22 02:00:00,7.324,79.16,6.51,771.36,26.65,Increasing,NORMAL,None
2025-11-22 03:00:00,7.247,81.37,8.48,777.73,26.63,Increasing,NORMAL,None
2025-11-22 04:00:00,7.336,81.69,10.95,789.9,27.25,Increasing,NORMAL,None
2025-11-22 05:00:00,7.508,105.81,10.92,753.11,27.32,Increasing,NORMAL,None
2025-11-22 06:00:00,7.208,72.42,10.31,770.44,27.73,Increasing,NORMAL,None
2025-11-22 07:00:00,7.254,150.67,9.33,777.95,28.66,Increasing,NORMAL,None
2025-11-22 08:00:00,7.305,42.82,10.28,771.8,29.33,Decreasing,NORMAL,None
2025-11-22 09:00:00,7.266,104.4,9.95,786.05,29.26,Increasing,NORMAL,None
2025-11-22 10:00:00,7.582,49.9,8.85,774.75,29.62,Decreasing,NORMAL,None
2025-11-22 11:00:00,7.272,72.52,7.23,801.27,29.12,Decreasing,NORMAL,None
2025-11-22 12:00:00,7.253,106.42,6.89,815.32,30.35,Increasing,NORMAL,None
2025-11-22 13:00:00,7.405,53.92,6.57,824.63,29.46,Decreasing,NORMAL,None
2025-11-22 14:00:00,7.596,33.81,4.92,833.42,28.64,Decreasing,NORMAL,None
2025-11-22 15:00:00,7.399,34.34,3.35,799.26,28.95,Decreasing,NORMAL,None
2025-11-22 16:00:00,7.405,51.27,1.72,789.43,29.01,Stable,NORMAL,None
2025-11-22 17:00:00,7.266,30.0,3.42,779.83,28.28,Decreasing,NORMAL,None
2025-11-22 18:00:00,7.369,33.0,2.98,783.28,27.67,Decreasing,NORMAL,None
2025-11-22 19:00:00,7.348,30.0,1.59,785.51,27.33,Decreasing,NORMAL,None
2025-11-22 20:00:00,7.417,35.95,1.59,791.17,26.92,Increasing,NORMAL,None
2025-11-22 21:00:00,7.314,30.0,1.85,783.32,26.93,Decreasing,NORMAL,None
2025-11-22 22:00:00,7.2,64.11,1.23,799.03,26.68,Increasing,NORMAL,None
2025-11-22 23:00:00,7.293,50.22,1.0,813.42,26.28,Increasing,NORMAL,None
2025-11-23 00:00:00,7.313,64.08,1.07,806.87,26.19,Increasing,NORMAL,None
2025-11-23 01:00:00,7.43,43.61,1.48,813.88,26.22,Increasing,NORMAL,None
2025-11-23 02:00:00,7.344,30.0,1.0,810.47,26.48,Decreasing,NORMAL,None
2025-11-23 03:00:00,7.258,48.53,1.0,817.06,27.1,Increasing,NORMAL,None
2025-11-23 04:00:00,7.408,52.26,1.0,803.03,27.55,Decreasing,NORMAL,None
2025-11-23 05:00:00,7.376,41.51,1.01,787.44,27.3,Decreasing,NORMAL,None
2025-11-23 06:00:00,7.394,62.56,1.84,829.03,27.9,Stable,NORMAL,None
2025-11-23 07:00:00,7.414,54.76,1.74,826.32,28.54,Increasing,NORMAL,None
2025-11-23 08:00:00,7.259,31.84,1.62,821.68,29.03,Increasing,NORMAL,None
2025-11-23 09:00:00,7.309,57.81,2.25,828.38,28.93,Increasing,NORMAL,None
2025-11-23 10:00:00,7.371,75.34,2.53,832.71,29.86,Increasing,NORMAL,None
2025-11-23 11:00:00,7.249,97.32,7.92,846.73,29.35,Increasing,NORMAL,None
2025-11-23 12:00:00,7.507,78.75,8.2,846.05,29.64,Increasing,NORMAL,None
2025-11-23 13:00:00,7.25,76.31,6.7,827.58,29.74,Increasing,NORMAL,None
2025-11-23 14:00:00,7.223,30.0,6.14,829.12,29.18,Decreasing,NORMAL,None
2025-11-23 15:00:00,7.467,30.0,6.9,818.88,29.39,Decreasing,NORMAL,None
2025-11-23 16:00:00,7.414,46.91,5.78,807.8,29.24,Decreasing,NORMAL,None
2025-11-23 17:00:00,7.177,66.16,2.56,825.2,28.53,Decreasing,NORMAL,None
2025-11-23 18:00:00,7.29,55.22,1.0,815.47,28.08,Decreasing,NORMAL,None
2025-11-23 19:00:00,7.525,54.45,2.13,792.0,27.94,Decreasing,NORMAL,None
2025-11-23 20:00:00,7.512,82.91,1.07,808.5,27.63,Increasing,NORMAL,None
2025-11-23 21:00:00,7.568,43.4,1.0,823.84,26.34,Increasing,NORMAL,None
2025-11-23 22:00:00,7.4,69.54,1.0,812.35,26.55,Increasing,NORMAL,None
2025-11-23 23:00:00,7.386,37.19,1.0,797.09,26.35,Decreasing,NORMAL,None
2025-11-24 00:00:00,7.436,47.04,1.93,806.49,26.49,Decreasing,NORMAL,None
2025-11-24 01:00:00,7.272,75.02,3.58,793.79,26.71,Increasing,NORMAL,None
2025-11-24 02:00:00,7.34,48.82,1.26,782.18,26.69,Decreasing,NORMAL,None
2025-11-24 03:00:00,7.313,86.64,2.94,772.32,26.58,Increasing,NORMAL,None
2025-11-24 04:00:00,7.258,64.62,3.73,761.86,27.7,Decreasing,NORMAL,None
2025-11-24 05:00:00,7.402,115.49,4.68,756.72,27.81,Increasing,NORMAL,None
2025-11-24 06:00:00,7.3,30.0,2.79,756.97,27.93,Decreasing,NORMAL,None
2025-11-24 07:00:00,7.313,72.18,3.31,796.87,28.79,Decreasing,NORMAL,None
2025-11-24 08:00:00,7.415,38.77,4.64,797.51,29.49,Decreasing,NORMAL,None
2025-11-24 09:00:00,7.343,48.72,4.57,799.95,29.79,Decreasing,NORMAL,None
2025-11-24 10:00:00,7.603,88.33,4.83,791.78,29.27,Increasing,NORMAL,None
2025-11-24 11:00:00,7.224,60.7,4.75,796.95,29.62,Decreasing,NORMAL,None
2025-11-24 12:00:00,7.285,59.97,6.34,798.48,30.3,Increasing,NORMAL,None
2025-11-24 13:00:00,7.351,30.0,4.12,787.06,30.11,Decreasing,NORMAL,None
2025-11-24 14:00:00,7.382,99.71,5.18,802.05,29.21,Increasing,NORMAL,None
2025-11-24 15:00:00,7.369,86.4,5.71,810.01,29.32,Increasing,NORMAL,None
2025-11-24 16:00:00,7.32,95.47,6.9,818.67,28.84,Increasing,NORMAL,None
2025-11-24 17:00:00,7.442,37.44,4.43,788.42,28.04,Decreasing,NORMAL,None
2025-11-24 18:00:00,7.48,40.64,2.07,798.35,27.84,Decreasing,NORMAL,None
2025-11-24 19:00:00,7.19,31.57,1.63,773.33,27.91,Increasing,NORMAL,None
2025-11-24 20:00:00,7.426,39.13,4.4,760.38,26.7,Decreasing,NORMAL,None
2025-11-24 21:00:00,7.499,61.17,3.34,762.42,27.03,Decreasing,NORMAL,None
2025-11-24 22:00:00,7.225,72.72,5.25,745.39,26.76,Decreasing,NORMAL,None
2025-11-24 23:00:00,7.33,34.58,3.71,740.53,26.38,Decreasing,NORMAL,None
2025-11-25 00:00:00,7.508,39.12,4.15,742.44,26.41,Decreasing,NORMAL,None
2025-11-25 01:00:00,7.536,30.0,5.21,720.52,26.4,Decreasing,NORMAL,None
2025-11-25 02:00:00,7.219,83.15,8.03,729.94,26.64,Increasing,NORMAL,None
2025-11-25 03:00:00,7.406,80.85,7.87,771.0,27.01,Increasing,NORMAL,None
2025-11-25 04:00:00,7.296,60.51,6.45,783.13,26.93,Decreasing,NORMAL,None
2025-11-25 05:00:00,7.374,52.9,3.85,782.47,28.06,Increasing,NORMAL,None
2025-11-25 06:00:00,7.389,30.0,3.62,781.72,28.0,Decreasing,NORMAL,None
2025-11-25 07:00:00,7.413,59.42,5.83,809.64,28.32,Increasing,NORMAL,None
2025-11-25 08:00:00,7.49,67.13,5.04,802.35,29.27,Decreasing,NORMAL,None
2025-11-25 09:00:00,7.436,38.84,5.8,813.08,29.23,Decreasing,NORMAL,None
2025-11-25 10:00:00,7.537,30.0,7.43,815.53,29.93,Decreasing,NORMAL,None
2025-11-25 11:00:00,7.229,78.38,5.86,802.76,29.62,Increasing,NORMAL,None
2025-11-25 12:00:00,7.262,127.75,13.36,822.76,30.34,Increasing,NORMAL,None
2025-11-25 13:00:00,7.287,63.72,12.94,811.22,30.42,Increasing,NORMAL,None
2025-11-25 14:00:00,7.395,77.88,10.91,796.95,30.01,Increasing,NORMAL,None
2025-11-25 15:00:00,7.472,80.05,10.82,833.87,29.37,Increasing,NORMAL,None
2025-11-25 16:00:00,7.325,42.02,9.84,828.45,29.16,Increasing,NORMAL,None
2025-11-25 17:00:00,7.41,76.76,8.82,837.89,27.98,Stable,NORMAL,None
2025-11-25 18:00:00,7.503,83.12,9.0,835.84,27.94,Decreasing,NORMAL,None
2025-11-25 19:00:00,7.5,65.64,5.83,855.54,27.71,Stable,NORMAL,None
2025-11-25 20:00:00,7.283,30.0,5.95,866.14,27.59,Decreasing,NORMAL,None
2025-11-25 21:00:00,7.263,109.22,6.6,860.56,26.73,Increasing,NORMAL,None
2025-11-25 22:00:00,7.279,52.04,8.52,854.79,26.71,Increasing,NORMAL,None
2025-11-25 23:00:00,7.298,55.84,7.83,855.66,26.61,Decreasing,NORMAL,None
2025-11-26 00:00:00,7.211,84.16,8.13,859.46,25.8,Stable,NORMAL,None
2025-11-26 01:00:00,7.271,66.88,8.93,835.03,26.81,Stable,NORMAL,None
2025-11-26 02:00:00,7.348,30.0,7.73,805.41,26.52,Stable,NORMAL,None
2025-11-26 03:00:00,7.25,93.45,8.51,812.1,26.88,Decreasing,NORMAL,None
2025-11-26 04:00:00,7.38,30.0,8.32,815.19,27.46,Decreasing,NORMAL,None
2025-11-26 05:00:00,7.52,52.79,8.41,809.52,27.38,Decreasing,NORMAL,None
2025-11-26 06:00:00,7.335,92.97,7.8,813.79,27.91,Increasing,NORMAL,None
2025-11-26 07:00:00,7.295,84.48,8.22,822.58,28.72,Increasing,NORMAL,None
2025-11-26 08:00:00,7.59,75.4,5.57,832.89,29.44,Increasing,NORMAL,None
2025-11-26 09:00:00,7.401,40.72,4.56,809.48,29.0,Decreasing,NORMAL,None
2025-11-26 10:00:00,7.424,47.47,4.74,834.4,29.93,Increasing,NORMAL,None
2025-11-26 11:00:00,7.405,100.1,7.85,855.49,29.89,Increasing,NORMAL,None
2025-11-26 12:00:00,7.167,83.79,8.59,869.99,29.51,Decreasing,NORMAL,None
2025-11-26 13:00:00,7.24,70.95,9.58,872.24,29.55,Decreasing,NORMAL,None
2025-11-26 14:00:00,7.368,86.53,9.76,864.95,28.95,Increasing,NORMAL,None
2025-11-26 15:00:00,7.252,72.75,9.09,871.45,29.24,Increasing,NORMAL,None
2025-11-26 16:00:00,7.259,91.77,9.04,858.34,29.18,Increasing,NORMAL,None
2025-11-26 17:00:00,7.426,54.33,7.51,856.94,29.2,Decreasing,NORMAL,None
2025-11-26 18:00:00,7.297,71.32,6.96,878.79,28.17,Decreasing,NORMAL,None
2025-11-26 19:00:00,7.422,110.71,8.06,890.96,27.36,Increasing,NORMAL,None
2025-11-26 20:00:00,7.144,51.72,6.31,897.01,27.13,Decreasing,NORMAL,None
2025-11-26 21:00:00,7.421,93.12,7.35,906.85,26.59,Increasing,NORMAL,None
2025-11-26 22:00:00,7.175,95.21,7.28,889.58,26.36,Increasing,NORMAL,None
2025-11-26 23:00:00,7.403,30.0,7.87,858.88,26.2,Decreasing,NORMAL,None
2025-11-27 00:00:00,7.312,30.0,6.05,860.16,25.87,Decreasing,NORMAL,None
2025-11-27 01:00:00,7.477,30.0,4.54,854.41,26.34,Decreasing,NORMAL,None
2025-11-27 02:00:00,7.344,30.0,3.13,855.06,26.28,Decreasing,NORMAL,None
2025-11-27 03:00:00,7.447,49.17,7.27,835.79,26.43,Decreasing,NORMAL,None
2025-11-27 04:00:00,7.448,104.5,7.26,848.86,27.31,Increasing,NORMAL,None
2025-11-27 05:00:00,7.449,72.87,5.45,837.91,27.16,Increasing,NORMAL,None
2025-11-27 06:00:00,7.437,54.88,6.59,835.33,27.89,Increasing,NORMAL,None
2025-11-27 07:00:00,7.31,43.35,7.4,823.14,28.71,Increasing,NORMAL,None
2025-11-27 08:00:00,7.343,35.58,6.84,813.77,29.16,Increasing,NORMAL,None
2025-11-27 09:00:00,7.224,72.37,5.09,809.35,29.38,Increasing,NORMAL,None
2025-11-27 10:00:00,7.288,60.46,7.18,829.2,29.87,Decreasing,NORMAL,None
2025-11-27 11:00:00,7.209,61.41,8.11,825.29,30.12,Decreasing,NORMAL,None
2025-11-27 12:00:00,7.55,69.72,8.71,821.35,29.88,Increasing,NORMAL,None
2025-11-27 13:00:00,7.592,45.56,6.9,817.13,29.26,Increasing,NORMAL,None
2025-11-27 14:00:00,7.374,68.33,8.13,815.37,29.5,Increasing,NORMAL,None
2025-11-27 15:00:00,7.331,98.71,9.17,783.15,29.99,Increasing,NORMAL,None
2025-11-27 16:00:00,7.457,38.53,8.14,778.46,29.2,Decreasing,NORMAL,None
2025-11-27 17:00:00,7.497,65.16,10.2,781.78,28.65,Increasing,NORMAL,None
2025-11-27 18:00:00,7.334,72.14,7.98,793.29,28.29,Increasing,NORMAL,None
2025-11-27 19:00:00,7.327,30.0,6.99,799.09,27.91,Decreasing,NORMAL,None
2025-11-27 20:00:00,7.299,69.27,7.09,794.79,27.16,Stable,NORMAL,None
2025-11-27 21:00:00,7.49,88.42,8.16,803.17,26.91,Decreasing,NORMAL,None
2025-11-27 22:00:00,7.508,54.49,8.28,791.71,26.61,Increasing,NORMAL,None
2025-11-27 23:00:00,7.368,136.4,6.85,795.37,26.31,Increasing,NORMAL,None
2025-11-28 00:00:00,7.2,77.99,4.73,819.43,26.45,Increasing,NORMAL,None
2025-11-28 01:00:00,7.219,52.22,6.69,810.01,26.38,Increasing,NORMAL,None
2025-11-28 02:00:00,7.532,76.35,6.63,813.87,26.7,Increasing,NORMAL,None
2025-11-28 03:00:00,7.29,62.32,7.31,806.78,27.12,Decreasing,NORMAL,None
2025-11-28 04:00:00,7.348,139.08,30.42,787.84,27.54,Increasing,NORMAL,None
2025-11-28 05:00:00,7.328,109.93,26.3,777.98,27.94,Decreasing,NORMAL,None
2025-11-28 06:00:00,7.335,136.45,25.91,789.1,28.43,Increasing,NORMAL,None
2025-11-28 07:00:00,7.281,133.47,23.86,805.62,28.09,Increasing,NORMAL,None
2025-11-28 08:00:00,7.153,105.85,21.21,821.66,30.05,Increasing,NORMAL,None
2025-11-28 09:00:00,7.323,189.86,30.35,839.06,29.45,Increasing,NORMAL,None
2025-11-28 10:00:00,7.389,138.49,28.01,866.65,29.35,Stable,NORMAL,None
2025-11-28 11:00:00,7.03,140.67,24.26,867.23,29.44,Increasing,NORMAL,None
2025-11-28 12:00:00,7.377,79.21,21.75,872.17,30.29,Decreasing,NORMAL,None
2025-11-28 13:00:00,7.376,101.6,19.18,863.18,29.93,Decreasing,NORMAL,None
2025-11-28 14:00:00,7.368,90.26,15.67,869.08,29.53,Decreasing,NORMAL,None
2025-11-28 15:00:00,7.217,71.19,12.91,868.45,30.07,Decreasing,NORMAL,None
2025-11-28 16:00:00,7.527,71.48,11.39,852.12,29.03,Decreasing,NORMAL,None
2025-11-28 17:00:00,7.352,107.99,10.92,857.22,28.52,Decreasing,NORMAL,None
2025-11-28 18:00:00,7.273,101.47,9.4,871.96,27.91,Increasing,NORMAL,None
2025-11-28 19:00:00,7.327,113.59,9.04,868.26,28.02,Increasing,NORMAL,None
2025-11-28 20:00:00,7.339,76.97,9.18,854.37,27.47,Decreasing,NORMAL,None
2025-11-28 21:00:00,7.366,47.49,9.23,836.58,26.58,Decreasing,NORMAL,None
2025-11-28 22:00:00,7.3,133.06,8.86,848.25,26.93,Increasing,NORMAL,None
2025-11-28 23:00:00,7.581,74.78,8.79,831.68,26.59,Decreasing,NORMAL,None
2025-11-29 00:00:00,7.266,36.61,9.71,832.12,26.91,Decreasing,NORMAL,None
2025-11-29 01:00:00,7.225,82.07,8.9,842.29,26.26,Decreasing,NORMAL,None
2025-11-29 02:00:00,7.374,30.0,7.8,809.29,26.38,Decreasing,NORMAL,None
2025-11-29 03:00:00,7.341,120.28,5.82,818.0,27.03,Increasing,NORMAL,None
2025-11-29 04:00:00,7.243,61.78,6.21,804.78,26.99,Decreasing,NORMAL,None
2025-11-29 05:00:00,7.372,33.6,5.26,787.8,27.88,Decreasing,NORMAL,None
2025-11-29 06:00:00,7.251,65.32,3.93,812.11,28.15,Increasing,NORMAL,None
2025-11-29 07:00:00,7.312,70.11,4.31,804.33,29.12,Decreasing,NORMAL,None
2025-11-29 08:00:00,7.262,30.71,4.02,781.05,29.04,Stable,NORMAL,None
2025-11-29 09:00:00,7.37,48.09,5.72,779.53,29.65,Decreasing,NORMAL,None
2025-11-29 10:00:00,7.356,60.96,5.17,783.18,29.97,Stable,NORMAL,None
2025-11-29 11:00:00,7.375,93.94,6.09,763.19,29.83,Increasing,NORMAL,None
2025-11-29 12:00:00,7.376,65.29,6.48,739.54,30.37,Stable,NORMAL,None
2025-11-29 13:00:00,7.283,42.2,5.27,744.99,30.15,Decreasing,NORMAL,None
2025-11-29 14:00:00,7.366,56.46,5.77,767.92,29.78,Increasing,NORMAL,None
2025-11-29 15:00:00,7.133,76.34,4.37,764.75,29.91,Increasing,NORMAL,None
2025-11-29 16:00:00,7.296,77.53,4.4,753.02,29.21,Increasing,NORMAL,None
2025-11-29 17:00:00,7.55,58.14,3.77,746.98,28.76,Decreasing,NORMAL,None
2025-11-29 18:00:00,7.435,96.47,3.82,778.2,28.46,Increasing,NORMAL,None
2025-11-29 19:00:00,7.334,38.4,2.11,768.1,27.3,Decreasing,NORMAL,None
2025-11-29 20:00:00,7.443,45.85,3.94,776.95,27.59,Decreasing,NORMAL,None
2025-11-29 21:00:00,7.126,63.03,4.21,784.81,26.35,Decreasing,NORMAL,None
2025-11-29 22:00:00,7.25,31.43,1.78,790.35,26.32,Decreasing,NORMAL,None
2025-11-29 23:00:00,7.321,84.4,2.65,808.17,26.27,Increasing,NORMAL,None
2025-11-30 00:00:00,7.576,30.92,4.38,812.88,26.76,Decreasing,NORMAL,None
2025-11-30 01:00:00,7.267,66.76,4.13,825.54,26.64,Increasing,NORMAL,None
2025-11-30 02:00:00,7.573,32.95,4.68,815.1,27.29,Decreasing,NORMAL,None
2025-11-30 03:00:00,7.263,73.6,4.69,837.17,27.12,Increasing,NORMAL,None
2025-11-30 04:00:00,7.327,54.89,3.6,823.42,27.51,Increasing,NORMAL,None
2025-11-30 05:00:00,7.279,71.82,4.11,828.99,27.7,Decreasing,NORMAL,None
2025-11-30 06:00:00,7.541,33.61,2.66,836.54,27.95,Increasing,NORMAL,None
2025-11-30 07:00:00,7.23,151.31,10.01,839.95,28.03,Increasing,NORMAL,None
2025-11-30 08:00:00,7.324,64.43,8.79,854.04,29.17,Increasing,NORMAL,None
2025-11-30 09:00:00,7.457,40.9,9.97,858.93,29.18,Decreasing,NORMAL,None
2025-11-30 10:00:00,7.349,70.52,8.99,865.6,30.47,Increasing,NORMAL,None
2025-11-30 11:00:00,7.299,94.08,8.25,851.17,30.47,Increasing,NORMAL,None
2025-11-30 12:00:00,7.344,75.09,7.81,846.56,30.65,Increasing,NORMAL,None
2025-11-30 13:00:00,7.349,30.0,7.0,840.48,29.89,Decreasing,NORMAL,None
2025-11-30 14:00:00,7.325,77.11,6.03,846.51,30.3,Increasing,NORMAL,None
2025-11-30 15:00:00,7.186,43.0,4.45,814.91,29.8,Increasing,NORMAL,None
2025-11-30 16:00:00,7.47,65.11,5.14,830.28,28.4,Decreasing,NORMAL,None
2025-11-30 17:00:00,7.369,62.5,4.72,821.97,28.59,Decreasing,NORMAL,None
2025-11-30 18:00:00,7.473,97.38,5.6,827.02,28.02,Increasing,NORMAL,None
2025-11-30 19:00:00,7.236,72.73,5.66,820.66,27.66,Increasing,NORMAL,None
2025-11-30 20:00:00,7.384,30.0,4.59,828.13,27.58,Decreasing,NORMAL,None
2025-11-30 21:00:00,7.662,85.61,4.27,826.21,26.32,Increasing,NORMAL,None
2025-11-30 22:00:00,7.467,74.39,4.43,823.35,26.94,Increasing,NORMAL,None
2025-11-30 23:00:00,7.327,44.44,3.86,819.69,26.74,Decreasing,NORMAL,None
2025-12-01 00:00:00,7.373,64.0,3.75,816.31,26.76,Decreasing,NORMAL,None
2025-12-01 01:00:00,7.169,65.62,3.52,827.82,26.29,Decreasing,NORMAL,None
2025-12-01 02:00:00,7.269,60.58,4.61,825.57,26.84,Increasing,NORMAL,None
2025-12-01 03:00:00,7.484,32.74,3.97,820.74,26.94,Decreasing,NORMAL,None
2025-12-01 04:00:00,7.373,65.67,3.58,793.84,27.34,Decreasing,NORMAL,None
2025-12-01 05:00:00,7.368,47.14,5.7,795.67,28.06,Increasing,NORMAL,None
2025-12-01 06:00:00,7.396,100.1,7.62,811.47,28.28,Increasing,NORMAL,None
2025-12-01 07:00:00,7.473,70.69,8.32,804.59,28.81,Increasing,NORMAL,None
2025-12-01 08:00:00,7.313,128.16,8.39,836.98,29.62,Increasing,NORMAL,None
2025-12-01 09:00:00,7.349,76.81,8.94,848.78,28.73,Increasing,NORMAL,None
2025-12-01 10:00:00,7.392,98.22,8.47,850.2,29.59,Increasing,NORMAL,None
2025-12-01 11:00:00,7.431,50.89,7.0,846.27,30.24,Increasing,NORMAL,None
2025-12-01 12:00:00,7.321,66.95,7.83,827.48,30.19,Decreasing,NORMAL,None
2025-12-01 13:00:00,7.392,105.43,7.96,838.17,30.05,Increasing,NORMAL,None
2025-12-01 14:00:00,7.265,45.61,7.02,823.53,30.15,Decreasing,NORMAL,None
2025-12-01 15:00:00,7.458,48.26,6.08,811.35,29.34,Decreasing,NORMAL,None
2025-12-01 16:00:00,7.406,54.73,5.31,824.29,29.48,Decreasing,NORMAL,None
2025-12-01 17:00:00,7.37,63.21,7.25,838.57,28.76,Increasing,NORMAL,None
2025-12-01 18:00:00,7.295,95.78,6.31,847.61,27.84,Increasing,NORMAL,None
2025-12-01 19:00:00,7.335,70.01,5.25,845.3,27.91,Decreasing,NORMAL,None
2025-12-01 20:00:00,7.306,34.22,3.06,822.93,27.05,Decreasing,NORMAL,None
2025-12-01 21:00:00,7.157,40.02,3.4,826.96,26.9,Decreasing,NORMAL,None
2025-12-01 22:00:00,7.27,69.76,4.91,840.52,26.92,Increasing,NORMAL,None
2025-12-01 23:00:00,7.33,75.81,5.01,865.08,26.26,Increasing,NORMAL,None
2025-12-02 00:00:00,7.323,30.0,5.33,839.09,26.47,Decreasing,NORMAL,None
2025-12-02 01:00:00,7.297,30.0,3.73,833.01,26.54,Decreasing,NORMAL,None
2025-12-02 02:00:00,7.259,46.93,5.88,826.08,26.96,Increasing,NORMAL,None
2025-12-02 03:00:00,7.38,65.85,5.42,837.38,26.9,Increasing,NORMAL,None
2025-12-02 04:00:00,7.452,49.34,6.09,813.99,26.8,Decreasing,NORMAL,None
2025-12-02 05:00:00,7.383,30.0,7.9,831.03,28.13,Decreasing,NORMAL,None
2025-12-02 06:00:00,7.32,57.72,5.92,832.22,28.6,Increasing,NORMAL,None
2025-12-02 07:00:00,7.51,33.31,4.27,811.25,28.55,Increasing,NORMAL,None
2025-12-02 08:00:00,7.334,64.77,6.19,817.47,29.4,Increasing,NORMAL,None
2025-12-02 09:00:00,7.329,58.08,6.96,806.11,29.31,Decreasing,NORMAL,None
2025-12-02 10:00:00,7.362,49.72,6.61,790.78,29.84,Stable,NORMAL,None
2025-12-02 11:00:00,7.435,56.86,5.65,798.66,30.31,Increasing,NORMAL,None
2025-12-02 12:00:00,7.235,48.09,5.86,796.37,29.54,Decreasing,NORMAL,None
2025-12-02 13:00:00,7.375,58.52,4.3,812.9,30.36,Increasing,NORMAL,None
2025-12-02 14:00:00,7.488,76.02,9.05,820.25,29.71,Increasing,NORMAL,None
2025-12-02 15:00:00,7.134,107.3,10.13,842.71,29.22,Increasing,NORMAL,None
2025-12-02 16:00:00,7.393,69.34,9.22,850.44,29.49,Increasing,NORMAL,None
2025-12-02 17:00:00,7.332,67.29,9.88,826.82,28.64,Increasing,NORMAL,None
2025-12-02 18:00:00,7.47,69.11,8.96,828.57,28.4,Increasing,NORMAL,None
2025-12-02 19:00:00,7.361,34.81,9.51,809.21,27.52,Decreasing,NORMAL,None
2025-12-02 20:00:00,7.238,48.24,8.38,812.29,27.52,Decreasing,NORMAL,None
2025-12-02 21:00:00,7.211,129.16,8.03,838.22,27.22,Increasing,NORMAL,None
2025-12-02 22:00:00,7.292,61.06,8.72,845.09,26.5,Decreasing,NORMAL,None
2025-12-02 23:00:00,7.447,113.3,11.23,843.42,26.66,Increasing,NORMAL,None
2025-12-03 00:00:00,7.441,77.15,11.02,819.98,26.05,Increasing,NORMAL,None
2025-12-03 01:00:00,7.54,97.4,10.19,842.85,26.93,Increasing,NORMAL,None
2025-12-03 02:00:00,7.31,65.59,8.18,824.91,26.79,Increasing,NORMAL,None
2025-12-03 03:00:00,7.441,105.14,7.91,827.69,27.17,Decreasing,NORMAL,None
2025-12-03 04:00:00,7.369,73.41,6.8,822.92,27.47,Increasing,NORMAL,None
2025-12-03 05:00:00,7.392,56.9,6.77,821.53,27.78,Decreasing,NORMAL,None
2025-12-03 06:00:00,7.158,38.24,6.14,835.36,28.62,Decreasing,NORMAL,None
2025-12-03 07:00:00,7.388,34.38,4.16,826.35,28.8,Decreasing,NORMAL,None
2025-12-03 08:00:00,7.531,30.0,3.87,815.74,29.85,Decreasing,NORMAL,None
2025-12-03 09:00:00,7.388,61.23,2.71,817.13,29.92,Decreasing,NORMAL,None
2025-12-03 10:00:00,7.281,40.44,2.49,845.97,29.44,Decreasing,NORMAL,None
2025-12-03 11:00:00,7.443,30.0,2.53,856.79,30.14,Decreasing,NORMAL,None
2025-12-03 12:00:00,7.449,49.33,2.68,851.97,29.98,Increasing,NORMAL,None
2025-12-03 13:00:00,7.413,30.0,1.62,848.68,30.46,Decreasing,NORMAL,None
2025-12-03 14:00:00,7.555,88.36,12.83,841.67,29.75,Increasing,NORMAL,None
2025-12-03 15:00:00,7.342,140.45,34.69,848.94,29.75,Increasing,NORMAL,None
2025-12-03 16:00:00,7.277,135.03,29.31,878.57,29.46,Increasing,NORMAL,None
2025-12-03 17:00:00,7.367,153.31,26.46,904.91,27.77,Increasing,NORMAL,None
2025-12-03 18:00:00,7.336,108.92,23.78,901.19,28.23,Increasing,NORMAL,None
2025-12-03 19:00:00,7.448,107.73,20.33,904.48,28.3,Increasing,NORMAL,None
2025-12-03 20:00:00,7.339,86.71,18.65,916.17,27.43,Stable,NORMAL,None
2025-12-03 21:00:00,7.143,152.41,17.92,919.45,27.07,Increasing,NORMAL,None
2025-12-03 22:00:00,7.359,93.61,13.71,920.33,26.84,Decreasing,NORMAL,None
2025-12-03 23:00:00,7.341,66.92,11.7,932.95,26.5,Decreasing,NORMAL,None
2025-12-04 00:00:00,7.393,97.39,17.14,911.19,26.73,Decreasing,NORMAL,None
2025-12-04 01:00:00,7.318,103.06,17.06,907.65,26.17,Decreasing,NORMAL,None
2025-12-04 02:00:00,7.237,83.64,13.73,920.84,26.98,Decreasing,NORMAL,None
2025-12-04 03:00:00,7.336,134.08,12.66,900.06,27.2,Decreasing,NORMAL,None
2025-12-04 04:00:00,7.593,30.0,11.09,891.73,27.9,Decreasing,NORMAL,None
2025-12-04 05:00:00,7.354,76.05,12.2,880.21,27.75,Increasing,NORMAL,None
2025-12-04 06:00:00,7.401,78.46,11.21,859.74,28.54,Decreasing,NORMAL,None
2025-12-04 07:00:00,7.336,124.69,10.48,861.17,28.68,Increasing,NORMAL,None
2025-12-04 08:00:00,7.384,96.79,10.31,869.3,29.47,Increasing,NORMAL,None
2025-12-04 09:00:00,7.218,102.26,10.05,847.04,29.53,Decreasing,NORMAL,None
2025-12-04 10:00:00,7.34,72.82,10.55,838.16,29.97,Increasing,NORMAL,None
2025-12-04 11:00:00,7.48,57.03,9.86,814.99,30.38,Decreasing,NORMAL,None
2025-12-04 12:00:00,7.245,67.22,8.98,807.28,30.04,Decreasing,NORMAL,None
2025-12-04 13:00:00,7.171,56.47,8.84,792.41,29.81,Decreasing,NORMAL,None
2025-12-04 14:00:00,7.283,108.04,10.14,820.06,29.4,Increasing,NORMAL,None
2025-12-04 15:00:00,7.39,69.6,8.78,825.93,29.79,Decreasing,NORMAL,None
2025-12-04 16:00:00,7.268,70.03,10.66,819.06,29.39,Decreasing,NORMAL,None
2025-12-04 17:00:00,7.234,103.54,15.11,800.2,29.09,Increasing,NORMAL,None
2025-12-04 18:00:00,7.399,110.58,14.05,822.19,28.33,Increasing,NORMAL,None
2025-12-04 19:00:00,7.252,106.0,13.82,825.74,27.03,Increasing,NORMAL,None
2025-12-04 20:00:00,7.396,60.47,12.1,842.68,27.31,Decreasing,NORMAL,None
2025-12-04 21:00:00,7.321,41.79,11.87,822.49,26.93,Decreasing,NORMAL,None
2025-12-04 22:00:00,7.333,94.57,11.01,823.54,27.08,Increasing,NORMAL,None
2025-12-04 23:00:00,7.223,63.53,12.16,800.61,26.8,Decreasing,NORMAL,None
2025-12-05 00:00:00,7.328,153.21,11.19,814.71,26.53,Increasing,NORMAL,None
2025-12-05 01:00:00,7.217,92.73,11.03,818.2,27.21,Decreasing,NORMAL,None
2025-12-05 02:00:00,7.265,85.31,10.64,842.92,26.99,Increasing,NORMAL,None
2025-12-05 03:00:00,7.546,58.61,11.82,824.2,26.47,Increasing,NORMAL,None
2025-12-05 04:00:00,7.209,126.96,11.35,811.64,28.14,Increasing,NORMAL,None
2025-12-05 05:00:00,7.36,70.54,11.17,822.03,27.95,Increasing,NORMAL,None
2025-12-05 06:00:00,7.506,39.83,9.5,825.62,28.23,Decreasing,NORMAL,None
2025-12-05 07:00:00,7.125,91.59,8.86,815.53,28.83,Stable,NORMAL,None
2025-12-05 08:00:00,7.461,84.62,7.28,804.12,29.8,Stable,NORMAL,None
2025-12-05 09:00:00,7.478,73.1,10.16,800.02,29.69,Increasing,NORMAL,None
2025-12-05 10:00:00,7.427,54.9,8.0,798.56,30.34,Decreasing,NORMAL,None
2025-12-05 11:00:00,7.284,85.8,9.78,796.84,30.17,Increasing,NORMAL,None
2025-12-05 12:00:00,7.282,40.46,8.46,792.99,30.38,Stable,NORMAL,None
2025-12-05 13:00:00,7.275,107.78,7.38,809.23,30.2,Increasing,NORMAL,None
2025-12-05 14:00:00,7.416,70.82,5.35,808.45,30.4,Decreasing,NORMAL,None
2025-12-05 15:00:00,7.438,96.61,4.9,816.49,29.53,Increasing,NORMAL,None
2025-12-05 16:00:00,7.341,32.98,4.14,821.68,28.65,Decreasing,NORMAL,None
2025-12-05 17:00:00,7.264,73.7,4.88,809.14,28.87,Decreasing,NORMAL,None
2025-12-05 18:00:00,7.436,64.84,5.47,837.47,28.9,Increasing,NORMAL,None
2025-12-05 19:00:00,7.388,56.58,5.32,839.05,28.55,Decreasing,NORMAL,None
2025-12-05 20:00:00,7.421,40.48,3.98,822.23,27.98,Decreasing,NORMAL,None
2025-12-05 21:00:00,7.211,60.16,2.85,833.5,27.01,Decreasing,NORMAL,None
2025-12-05 22:00:00,7.376,32.46,1.52,835.19,26.73,Stable,NORMAL,None
2025-12-05 23:00:00,7.498,40.61,3.87,810.26,26.59,Decreasing,NORMAL,None
2025-12-06 00:00:00,7.323,53.19,4.29,815.61,27.13,Decreasing,NORMAL,None
2025-12-06 01:00:00,7.436,54.23,5.8,812.8,26.64,Decreasing,NORMAL,None
2025-12-06 02:00:00,7.045,146.92,18.57,828.19,26.78,Increasing,NORMAL,None
2025-12-06 03:00:00,7.478,105.81,16.23,825.33,26.98,Increasing,NORMAL,None
2025-12-06 04:00:00,7.32,133.38,14.66,832.73,27.52,Increasing,NORMAL,None
2025-12-06 05:00:00,7.471,84.26,13.11,838.89,28.5,Increasing,NORMAL,None
2025-12-06 06:00:00,7.292,57.9,12.49,842.52,28.45,Increasing,NORMAL,None
2025-12-06 07:00:00,7.235,105.65,11.33,859.46,28.8,Increasing,NORMAL,None
2025-12-06 08:00:00,7.394,69.18,10.75,842.22,29.37,Decreasing,NORMAL,None
2025-12-06 09:00:00,7.381,39.3,8.15,848.46,30.02,Decreasing,NORMAL,None
2025-12-06 10:00:00,7.273,126.44,7.03,829.62,29.77,Decreasing,NORMAL,None
2025-12-06 11:00:00,7.368,73.26,6.29,839.94,30.19,Decreasing,NORMAL,None
2025-12-06 12:00:00,7.51,38.24,4.44,832.27,30.26,Decreasing,NORMAL,None
2025-12-06 13:00:00,7.44,61.36,4.49,829.83,30.0,Decreasing,NORMAL,None
2025-12-06 14:00:00,7.202,97.34,6.86,798.97,29.63,Increasing,NORMAL,None
2025-12-06 15:00:00,7.394,176.12,33.63,971.79,30.56,Increasing,NORMAL,None
2025-12-06 16:00:00,7.512,306.42,67.7,1188.12,30.48,Increasing,NORMAL,None
2025-12-06 17:00:00,7.8,415.75,101.98,1390.86,30.84,Increasing,NORMAL,None
2025-12-06 18:00:00,7.779,580.76,131.72,1574.68,31.32,Increasing,SPIKE/ABNORMAL,TDS
2025-12-06 19:00:00,7.934,604.65,155.45,1702.83,30.86,Increasing,SPIKE/ABNORMAL,"COD, TDS"
2025-12-06 20:00:00,7.98,673.13,169.9,1811.61,31.09,Increasing,SPIKE/ABNORMAL,"COD, TDS"
2025-12-06 21:00:00,7.931,741.62,181.48,1827.76,30.94,Increasing,SPIKE/ABNORMAL,"COD, TDS"
2025-12-06 22:00:00,7.989,724.08,175.72,1822.29,30.23,Increasing,SPIKE/ABNORMAL,"COD, TDS"
2025-12-06 23:00:00,7.918,676.4,174.15,1735.66,30.27,Increasing,SPIKE/ABNORMAL,"COD, TDS"
2025-12-07 00:00:00,7.72,629.4,148.92,1596.97,29.53,Increasing,SPIKE/ABNORMAL,"COD, TDS"
2025-12-07 01:00:00,7.686,528.51,118.57,1465.8,28.74,Decreasing,NORMAL,None
2025-12-07 02:00:00,7.608,322.46,83.15,1271.64,28.16,Decreasing,NORMAL,None
2025-12-07 03:00:00,7.432,201.35,48.71,1081.91,27.93,Decreasing,NORMAL,None
2025-12-07 04:00:00,7.35,62.76,18.56,899.6,27.39,Decreasing,NORMAL,None
2025-12-07 05:00:00,7.263,157.39,18.0,888.18,28.11,Decreasing,NORMAL,None
2025-12-07 06:00:00,7.205,98.83,16.46,878.8,28.36,Decreasing,NORMAL,None
2025-12-07 07:00:00,7.259,127.34,13.64,877.6,29.35,Decreasing,NORMAL,None
2025-12-07 08:00:00,7.26,83.15,14.33,895.39,29.18,Decreasing,NORMAL,None
2025-12-07 09:00:00,7.332,107.26,12.48,911.77,29.93,Decreasing,NORMAL,None
2025-12-07 10:00:00,7.347,64.25,9.42,905.84,29.74,Stable,NORMAL,None
2025-12-07 11:00:00,7.286,65.21,8.5,902.8,29.99,Decreasing,NORMAL,None
2025-12-07 12:00:00,7.311,88.29,7.77,889.1,30.43,Decreasing,NORMAL,None
2025-12-07 13:00:00,7.412,62.57,7.28,885.33,30.01,Decreasing,NORMAL,None
2025-12-07 14:00:00,7.497,58.22,7.09,880.28,29.85,Decreasing,NORMAL,None
2025-12-07 15:00:00,7.401,86.3,11.59,891.38,29.69,Decreasing,NORMAL,None
2025-12-07 16:00:00,7.285,68.81,11.33,904.55,29.35,Increasing,NORMAL,None
2025-12-07 17:00:00,7.254,119.52,11.9,917.33,28.86,Increasing,NORMAL,None
2025-12-07 18:00:00,7.209,82.6,13.43,911.92,27.55,Decreasing,NORMAL,None
2025-12-07 19:00:00,7.291,66.76,10.61,893.97,28.32,Increasing,NORMAL,None
2025-12-07 20:00:00,7.284,31.74,8.53,869.06,27.27,Decreasing,NORMAL,None
2025-12-07 21:00:00,7.244,79.31,9.33,859.2,27.67,Decreasing,NORMAL,None
2025-12-07 22:00:00,7.388,88.08,8.21,850.41,26.14,Increasing,NORMAL,None
2025-12-07 23:00:00,7.373,106.78,9.09,876.0,26.25,Decreasing,NORMAL,None
2025-12-08 00:00:00,7.327,30.0,8.29,854.46,26.62,Decreasing,NORMAL,None
2025-12-08 01:00:00,7.19,86.7,8.55,864.37,26.69,Increasing,NORMAL,None
2025-12-08 02:00:00,7.433,118.67,9.6,865.97,26.84,Increasing,NORMAL,None
2025-12-08 03:00:00,7.363,87.78,8.9,879.76,26.89,Increasing,NORMAL,None
2025-12-08 04:00:00,7.553,90.78,8.52,890.2,27.6,Increasing,NORMAL,None
2025-12-08 05:00:00,7.488,77.23,7.26,869.96,28.21,Decreasing,NORMAL,None
2025-12-08 06:00:00,7.2,50.91,7.43,877.04,28.39,Increasing,NORMAL,None
2025-12-08 07:00:00,7.447,73.76,5.85,854.11,28.64,Decreasing,NORMAL,None
2025-12-08 08:00:00,7.255,55.29,4.24,859.37,29.47,Decreasing,NORMAL,None
2025-12-08 09:00:00,7.433,52.11,3.82,865.49,29.54,Decreasing,NORMAL,None
2025-12-08 10:00:00,7.485,43.74,8.78,862.89,30.74,Decreasing,NORMAL,None
2025-12-08 11:00:00,7.275,91.04,10.2,862.8,30.48,Increasing,NORMAL,None
2025-12-08 12:00:00,7.178,116.68,10.69,881.07,30.14,Increasing,NORMAL,None
2025-12-08 13:00:00,7.4,69.67,9.45,877.63,29.98,Decreasing,NORMAL,None
2025-12-08 14:00:00,7.3,83.46,8.12,891.01,30.65,Increasing,NORMAL,None
2025-12-08 15:00:00,7.326,65.76,7.41,898.12,29.52,Increasing,NORMAL,None
2025-12-08 16:00:00,7.25,54.22,6.18,876.71,28.76,Increasing,NORMAL,None
2025-12-08 17:00:00,7.382,30.0,4.71,881.2,28.42,Decreasing,NORMAL,None
2025-12-08 18:00:00,7.487,39.09,4.81,873.44,28.68,Decreasing,NORMAL,None
2025-12-08 19:00:00,7.348,68.65,5.76,857.47,28.11,Stable,NORMAL,None
2025-12-08 20:00:00,7.303,69.52,6.59,857.58,27.33,Decreasing,NORMAL,None
2025-12-08 21:00:00,7.154,65.8,6.11,857.71,26.91,Stable,NORMAL,None
2025-12-08 22:00:00,7.298,40.35,4.7,869.35,26.9,Decreasing,NORMAL,None
2025-12-08 23:00:00,7.209,43.98,3.49,858.2,26.88,Increasing,NORMAL,None
2025-12-09 00:00:00,7.332,75.82,7.93,847.87,26.59,Increasing,NORMAL,None
2025-12-09 01:00:00,7.102,138.72,12.65,837.36,26.69,Increasing,NORMAL,None
2025-12-09 02:00:00,7.509,63.97,9.56,838.08,26.59,Decreasing,NORMAL,None
2025-12-09 03:00:00,7.346,55.52,10.09,826.93,26.94,Decreasing,NORMAL,None
2025-12-09 04:00:00,7.386,67.88,11.67,820.95,27.55,Increasing,NORMAL,None
2025-12-09 05:00:00,7.379,71.42,10.11,805.36,27.74,Increasing,NORMAL,None
2025-12-09 06:00:00,7.276,89.27,11.82,806.2,28.53,Increasing,NORMAL,None
2025-12-09 07:00:00,7.359,68.15,10.89,795.17,28.49,Decreasing,NORMAL,None
2025-12-09 08:00:00,7.193,111.09,12.13,808.53,29.21,Increasing,NORMAL,None
2025-12-09 09:00:00,7.274,43.58,11.63,794.76,29.36,Decreasing,NORMAL,None
2025-12-09 10:00:00,7.278,56.09,10.19,812.69,30.09,Decreasing,NORMAL,None
2025-12-09 11:00:00,7.326,90.76,10.32,814.69,30.23,Increasing,NORMAL,None
2025-12-09 12:00:00,7.455,96.2,9.85,849.21,30.19,Increasing,NORMAL,None
2025-12-09 13:00:00,7.367,30.0,8.73,840.27,29.88,Decreasing,NORMAL,None
2025-12-09 14:00:00,7.27,132.72,7.33,855.86,29.84,Increasing,NORMAL,None
2025-12-09 15:00:00,7.393,56.36,6.95,839.28,30.11,Increasing,NORMAL,None
2025-12-09 16:00:00,7.353,72.29,6.68,845.36,29.19,Increasing,NORMAL,None
2025-12-09 17:00:00,7.423,30.0,5.93,842.95,28.71,Decreasing,NORMAL,None
2025-12-09 18:00:00,7.414,30.0,7.65,839.13,28.16,Decreasing,NORMAL,None
2025-12-09 19:00:00,7.574,42.24,5.66,834.54,28.36,Increasing,NORMAL,None
2025-12-09 20:00:00,7.404,34.81,5.05,832.97,27.93,Decreasing,NORMAL,None
2025-12-09 21:00:00,7.193,112.83,4.65,869.49,27.26,Increasing,NORMAL,None
2025-12-09 22:00:00,7.371,36.59,4.08,870.62,26.62,Decreasing,NORMAL,None
2025-12-09 23:00:00,7.337,34.51,4.62,853.2,26.48,Increasing,NORMAL,None
2025-12-10 00:00:00,7.302,49.39,4.67,863.63,26.43,Increasing,NORMAL,None
2025-12-10 01:00:00,7.448,68.6,4.71,856.64,26.6,Increasing,NORMAL,None
2025-12-10 02:00:00,7.328,123.95,2.88,828.88,26.72,Increasing,NORMAL,None
2025-12-10 03:00:00,7.321,57.43,3.09,828.74,27.08,Decreasing,NORMAL,None
2025-12-10 04:00:00,7.289,57.39,3.79,842.42,27.72,Increasing,NORMAL,None
2025-12-10 05:00:00,7.313,49.67,5.54,815.88,27.99,Increasing,NORMAL,None
2025-12-10 06:00:00,7.472,30.0,3.17,808.43,28.79,Decreasing,NORMAL,None
2025-12-10 07:00:00,7.307,57.63,2.99,800.86,29.25,Decreasing,NORMAL,None
2025-12-10 08:00:00,7.319,36.26,3.23,792.72,29.45,Decreasing,NORMAL,None
2025-12-10 09:00:00,7.457,87.44,3.4,806.54,29.37,Increasing,NORMAL,None
2025-12-10 10:00:00,7.406,84.01,3.44,785.77,29.97,Increasing,NORMAL,None
2025-12-10 11:00:00,7.23,73.33,9.54,780.02,30.42,Increasing,NORMAL,None
2025-12-10 12:00:00,7.204,84.48,7.8,782.21,30.48,Increasing,NORMAL,None
2025-12-10 13:00:00,7.491,38.97,6.92,798.17,29.78,Decreasing,NORMAL,None
2025-12-10 14:00:00,7.202,142.26,6.3,786.64,30.06,Increasing,NORMAL,None
2025-12-10 15:00:00,7.452,101.55,5.21,808.56,29.43,Increasing,NORMAL,None
2025-12-10 16:00:00,7.298,46.64,5.3,823.3,29.13,Decreasing,NORMAL,None
2025-12-10 17:00:00,7.348,48.24,6.5,817.92,28.96,Decreasing,NORMAL,None
2025-12-10 18:00:00,7.358,51.21,5.37,844.88,28.24,Decreasing,NORMAL,None
2025-12-10 19:00:00,7.32,30.0,5.59,836.97,27.97,Decreasing,NORMAL,None
2025-12-10 20:00:00,7.3,38.2,5.29,847.63,27.65,Decreasing,NORMAL,None
2025-12-10 21:00:00,7.446,37.55,4.92,835.87,27.37,Decreasing,NORMAL,None
2025-12-10 22:00:00,7.321,51.9,4.8,844.2,27.26,Increasing,NORMAL,None
2025-12-10 23:00:00,7.272,79.07,6.22,807.61,26.81,Increasing,NORMAL,None
2025-12-11 00:00:00,7.639,33.96,5.51,810.24,26.34,Decreasing,NORMAL,None
2025-12-11 01:00:00,7.389,30.0,4.56,792.57,26.2,Stable,NORMAL,None
2025-12-11 02:00:00,7.336,92.89,5.51,776.29,27.01,Increasing,NORMAL,None
2025-12-11 03:00:00,7.237,80.84,6.66,794.34,27.26,Increasing,NORMAL,None
2025-12-11 04:00:00,7.432,91.13,6.82,804.68,27.56,Increasing,NORMAL,None
2025-12-11 05:00:00,7.315,46.35,6.31,798.25,27.85,Decreasing,NORMAL,None
2025-12-11 06:00:00,7.23,73.6,5.92,794.09,28.99,Increasing,NORMAL,None
2025-12-11 07:00:00,7.395,30.0,6.27,778.95,28.77,Stable,NORMAL,None
2025-12-11 08:00:00,7.269,30.0,6.55,773.42,29.25,Decreasing,NORMAL,None
2025-12-11 09:00:00,7.335,59.28,5.81,780.87,29.29,Decreasing,NORMAL,None
2025-12-11 10:00:00,7.519,94.17,6.16,795.58,30.36,Increasing,NORMAL,None
2025-12-11 11:00:00,7.381,51.12,6.48,787.96,30.04,Increasing,NORMAL,None
2025-12-11 12:00:00,7.27,72.34,7.45,779.1,30.79,Stable,NORMAL,None
2025-12-11 13:00:00,7.398,57.23,4.6,776.72,29.96,Increasing,NORMAL,None
2025-12-11 14:00:00,7.348,78.45,4.67,777.28,29.86,Increasing,NORMAL,None
2025-12-11 15:00:00,7.278,112.89,9.86,791.51,29.42,Increasing,NORMAL,None
2025-12-11 16:00:00,7.374,63.81,8.59,786.57,29.56,Decreasing,NORMAL,None
2025-12-11 17:00:00,7.422,54.41,6.63,792.58,28.81,Increasing,NORMAL,None
2025-12-11 18:00:00,7.467,30.0,4.68,793.56,28.51,Decreasing,NORMAL,None
2025-12-11 19:00:00,7.459,84.78,6.77,782.96,28.05,Increasing,NORMAL,None
2025-12-11 20:00:00,7.342,74.88,9.37,778.83,27.82,Decreasing,NORMAL,None
2025-12-11 21:00:00,7.313,39.08,8.95,763.21,27.43,Decreasing,NORMAL,None
2025-12-11 22:00:00,7.242,51.71,10.44,741.25,26.38,Decreasing,NORMAL,None
2025-12-11 23:00:00,7.216,85.05,8.76,766.21,26.76,Increasing,NORMAL,None
2025-12-12 00:00:00,7.388,124.72,8.92,814.04,26.9,Increasing,NORMAL,None
2025-12-12 01:00:00,7.369,42.39,7.66,783.02,27.33,Decreasing,NORMAL,None
2025-12-12 02:00:00,7.438,56.21,7.86,781.92,27.26,Decreasing,NORMAL,None
2025-12-12 03:00:00,7.38,59.01,7.29,779.25,27.55,Increasing,NORMAL,None
2025-12-12 04:00:00,7.381,60.37,6.42,778.39,27.94,Increasing,NORMAL,None
2025-12-12 05:00:00,7.411,63.46,6.59,789.07,28.26,Decreasing,NORMAL,None
2025-12-12 06:00:00,7.432,59.17,6.2,786.3,28.33,Decreasing,NORMAL,None
2025-12-12 07:00:00,7.425,30.0,4.68,783.09,29.13,Decreasing,NORMAL,None
2025-12-12 08:00:00,7.352,60.78,5.22,776.59,29.29,Increasing,NORMAL,None
2025-12-12 09:00:00,7.542,30.0,4.77,778.04,30.09,Decreasing,NORMAL,None
2025-12-12 10:00:00,7.309,141.16,13.51,811.9,30.01,Increasing,NORMAL,None
2025-12-12 11:00:00,7.462,63.28,12.73,805.89,30.22,Stable,NORMAL,None
2025-12-12 12:00:00,7.462,55.79,8.8,812.41,30.48,Decreasing,NORMAL,None
2025-12-12 13:00:00,7.152,72.9,8.52,817.48,30.49,Increasing,NORMAL,None
2025-12-12 14:00:00,7.352,85.0,6.69,817.11,30.06,Increasing,NORMAL,None
2025-12-12 15:00:00,7.372,44.77,6.73,785.84,29.73,Increasing,NORMAL,None
2025-12-12 16:00:00,7.478,59.19,5.57,794.86,29.4,Decreasing,NORMAL,None
2025-12-12 17:00:00,7.344,106.06,6.56,786.74,28.63,Increasing,NORMAL,None
2025-12-12 18:00:00,7.383,34.56,5.47,785.04,28.91,Decreasing,NORMAL,None
2025-12-12 19:00:00,7.322,57.65,6.7,762.53,27.97,Decreasing,NORMAL,None
2025-12-12 20:00:00,7.288,75.85,7.27,773.51,28.28,Decreasing,NORMAL,None
2025-12-12 21:00:00,7.337,53.48,6.1,743.8,26.99,Increasing,NORMAL,None
2025-12-12 22:00:00,7.252,81.99,10.65,756.11,27.33,Increasing,NORMAL,None
2025-12-12 23:00:00,7.302,80.35,16.97,754.2,26.97,Decreasing,NORMAL,None
2025-12-13 00:00:00,7.417,121.02,16.02,757.26,27.35,Increasing,NORMAL,None
2025-12-13 01:00:00,7.23,78.75,12.71,768.89,27.1,Increasing,NORMAL,None
2025-12-13 02:00:00,7.069,92.84,14.48,787.33,27.54,Increasing,NORMAL,None
2025-12-13 03:00:00,7.171,100.03,15.26,798.76,27.22,Increasing,NORMAL,None
2025-12-13 04:00:00,7.324,92.28,14.99,815.13,27.02,Increasing,NORMAL,None
2025-12-13 05:00:00,7.194,135.43,13.44,819.42,28.26,Increasing,NORMAL,None
2025-12-13 06:00:00,7.464,78.64,14.04,813.62,28.17,Decreasing,NORMAL,None
2025-12-13 07:00:00,7.409,51.27,13.2,800.31,28.64,Decreasing,NORMAL,None
2025-12-13 08:00:00,7.261,95.47,12.93,790.22,29.29,Stable,NORMAL,None
2025-12-13 09:00:00,7.509,81.33,12.96,771.83,29.82,Decreasing,NORMAL,None
2025-12-13 10:00:00,7.122,104.14,13.53,752.41,30.64,Increasing,NORMAL,None
2025-12-13 11:00:00,7.283,105.67,14.67,746.82,30.45,Decreasing,NORMAL,None
2025-12-13 12:00:00,7.388,74.29,13.53,763.57,30.06,Decreasing,NORMAL,None
2025-12-13 13:00:00,7.417,84.26,11.74,785.88,30.51,Increasing,NORMAL,None
2025-12-13 14:00:00,7.246,115.72,10.77,788.58,30.05,Increasing,NORMAL,None
2025-12-13 15:00:00,7.537,72.57,8.7,772.0,30.04,Decreasing,NORMAL,None
2025-12-13 16:00:00,7.255,57.51,7.85,759.24,29.12,Decreasing,NORMAL,None
2025-12-13 17:00:00,7.316,47.13,7.49,743.53,28.5,Decreasing,NORMAL,None
2025-12-13 18:00:00,7.375,77.62,7.49,774.39,29.13,Increasing,NORMAL,None
2025-12-13 19:00:00,7.493,30.15,6.49,758.43,28.26,Decreasing,NORMAL,None
2025-12-13 20:00:00,7.389,95.51,7.55,789.59,27.5,Decreasing,NORMAL,None
2025-12-13 21:00:00,7.319,35.68,8.04,788.06,27.4,Decreasing,NORMAL,None
2025-12-13 22:00:00,7.338,45.99,6.21,776.47,27.25,Decreasing,NORMAL,None
2025-12-13 23:00:00,7.428,52.16,5.34,779.7,26.7,Increasing,NORMAL,None
2025-12-14 00:00:00,7.3,85.59,5.33,788.82,26.53,Increasing,NORMAL,None
2025-12-14 01:00:00,7.313,70.44,3.65,805.12,26.96,Increasing,NORMAL,None
2025-12-14 02:00:00,7.387,55.62,3.66,773.37,26.17,Decreasing,NORMAL,None
2025-12-14 03:00:00,7.51,32.18,3.28,765.19,27.17,Decreasing,NORMAL,None
2025-12-14 04:00:00,7.475,52.21,2.32,748.3,27.28,Increasing,NORMAL,None
2025-12-14 05:00:00,7.345,53.28,2.72,745.31,27.79,Stable,NORMAL,None
2025-12-14 06:00:00,7.414,30.0,2.06,717.74,28.59,Decreasing,NORMAL,None
2025-12-14 07:00:00,7.436,54.77,6.09,724.57,28.61,Decreasing,NORMAL,None
2025-12-14 08:00:00,7.271,81.01,6.42,731.29,29.33,Increasing,NORMAL,None
2025-12-14 09:00:00,7.495,57.51,5.85,715.81,30.18,Increasing,NORMAL,None
2025-12-14 10:00:00,7.565,30.0,4.06,711.63,30.12,Decreasing,NORMAL,None
2025-12-14 11:00:00,7.562,43.03,4.27,732.07,30.24,Decreasing,NORMAL,None
2025-12-14 12:00:00,7.478,48.77,6.05,715.51,29.48,Increasing,NORMAL,None
2025-12-14 13:00:00,7.183,62.91,3.96,711.78,30.52,Increasing,NORMAL,None
2025-12-14 14:00:00,7.316,90.54,4.23,715.72,29.63,Increasing,NORMAL,None
2025-12-14 15:00:00,7.527,42.79,4.13,711.48,29.9,Decreasing,NORMAL,None
2025-12-14 16:00:00,7.231,66.06,6.6,728.4,29.6,Increasing,NORMAL,None
2025-12-14 17:00:00,7.414,79.15,6.93,717.28,28.83,Increasing,NORMAL,None
2025-12-14 18:00:00,7.315,36.72,6.38,714.55,28.75,Decreasing,NORMAL,None
2025-12-14 19:00:00,7.304,89.75,6.88,713.14,27.55,Increasing,NORMAL,None
2025-12-14 20:00:00,7.522,65.34,6.72,713.44,27.49,Decreasing,NORMAL,None
2025-12-14 21:00:00,7.259,95.92,6.74,723.38,26.84,Increasing,NORMAL,None
2025-12-14 22:00:00,7.348,82.96,10.06,719.5,27.11,Increasing,NORMAL,None
2025-12-14 23:00:00,7.327,154.17,10.11,751.95,27.13,Increasing,NORMAL,None
2025-12-15 00:00:00,7.225,111.2,9.7,779.51,27.15,Increasing,NORMAL,None
2025-12-15 01:00:00,7.532,90.64,8.94,771.77,27.04,Stable,NORMAL,None
2025-12-15 02:00:00,7.579,90.77,9.42,790.41,27.07,Increasing,NORMAL,None
2025-12-15 03:00:00,7.225,58.28,9.52,799.14,27.25,Decreasing,NORMAL,None
2025-12-15 04:00:00,7.271,106.42,11.98,804.95,27.67,Increasing,NORMAL,None
2025-12-15 05:00:00,6.991,99.88,11.64,836.66,28.13,Decreasing,NORMAL,None
2025-12-15 06:00:00,7.385,103.82,8.59,827.09,28.41,Decreasing,NORMAL,None
2025-12-15 07:00:00,7.386,88.61,8.91,829.32,29.29,Stable,NORMAL,None
2025-12-15 08:00:00,7.397,33.75,7.8,803.41,29.53,Decreasing,NORMAL,None
2025-12-15 09:00:00,7.427,62.5,6.35,799.38,30.24,Increasing,NORMAL,None
2025-12-15 10:00:00,7.525,40.11,6.43,777.63,30.57,Decreasing,NORMAL,None
2025-12-15 11:00:00,7.459,58.9,5.43,799.74,30.32,Decreasing,NORMAL,None
2025-12-15 12:00:00,7.395,49.42,3.49,809.15,30.36,Decreasing,NORMAL,None
2025-12-15 13:00:00,7.308,30.0,4.75,789.97,30.56,Decreasing,NORMAL,None
2025-12-15 14:00:00,7.258,57.71,5.05,796.76,30.43,Increasing,NORMAL,None
2025-12-15 15:00:00,7.491,71.0,3.44,801.04,29.93,Increasing,NORMAL,None
2025-12-15 16:00:00,7.302,56.86,2.14,814.26,29.26,Increasing,NORMAL,None
2025-12-15 17:00:00,7.42,36.99,2.88,822.71,28.35,Decreasing,NORMAL,None
2025-12-15 18:00:00,7.153,48.14,4.89,820.06,28.12,Stable,NORMAL,None
2025-12-15 19:00:00,7.296,48.75,5.2,811.35,28.41,Increasing,NORMAL,None
2025-12-15 20:00:00,7.522,61.24,5.85,790.02,27.72,Increasing,NORMAL,None
2025-12-15 21:00:00,7.444,56.91,7.01,798.88,27.46,Decreasing,NORMAL,None
2025-12-15 22:00:00,7.253,61.69,6.56,817.7,26.96,Increasing,NORMAL,None
2025-12-15 23:00:00,7.479,30.0,5.73,824.11,26.9,Decreasing,NORMAL,None
2025-12-16 00:00:00,7.231,30.0,4.6,818.66,26.62,Decreasing,NORMAL,None
2025-12-16 01:00:00,7.441,43.49,5.54,807.7,26.51,Decreasing,NORMAL,None
2025-12-16 02:00:00,7.567,30.0,4.29,778.79,26.92,Decreasing,NORMAL,None
2025-12-16 03:00:00,7.246,75.91,5.24,782.02,27.29,Increasing,NORMAL,None
2025-12-16 04:00:00,7.415,35.9,5.66,798.03,27.67,Decreasing,NORMAL,None
2025-12-16 05:00:00,7.379,46.53,7.35,784.66,27.94,Increasing,NORMAL,None
2025-12-16 06:00:00,7.305,55.59,7.96,763.34,28.46,Increasing,NORMAL,None
2025-12-16 07:00:00,7.444,40.97,8.29,765.15,29.3,Decreasing,NORMAL,None
2025-12-16 08:00:00,7.219,78.53,6.77,783.16,29.11,Increasing,NORMAL,None
2025-12-16 09:00:00,7.175,36.7,4.93,751.12,29.74,Decreasing,NORMAL,None
2025-12-16 10:00:00,7.397,98.96,3.36,775.56,29.69,Increasing,NORMAL,None
2025-12-16 11:00:00,7.455,44.42,4.19,778.67,30.38,Decreasing,NORMAL,None
2025-12-16 12:00:00,7.468,70.72,7.47,747.78,30.51,Increasing,NORMAL,None
2025-12-16 13:00:00,7.26,61.94,10.13,737.93,29.9,Increasing,NORMAL,None
2025-12-16 14:00:00,7.271,73.44,18.45,762.87,30.27,Decreasing,NORMAL,None
2025-12-16 15:00:00,7.188,53.88,16.88,757.41,30.0,Increasing,NORMAL,None
2025-12-16 16:00:00,7.362,129.99,15.82,768.63,29.8,Increasing,NORMAL,None
2025-12-16 17:00:00,7.321,131.31,13.31,805.15,29.47,Increasing,NORMAL,None
2025-12-16 18:00:00,7.5,92.89,13.44,796.48,28.99,Increasing,NORMAL,None
2025-12-16 19:00:00,7.39,121.24,12.29,816.08,28.04,Increasing,NORMAL,None
2025-12-16 20:00:00,7.357,91.54,10.5,828.9,28.22,Increasing,NORMAL,None
2025-12-16 21:00:00,7.38,79.71,14.31,832.83,27.58,Increasing,NORMAL,None
2025-12-16 22:00:00,7.352,131.24,12.37,862.02,27.25,Stable,NORMAL,None
2025-12-16 23:00:00,7.267,48.68,9.96,841.78,26.63,Decreasing,NORMAL,None
2025-12-17 00:00:00,7.365,60.79,8.64,862.49,27.08,Decreasing,NORMAL,None
2025-12-17 01:00:00,7.236,75.16,8.08,866.15,26.87,Decreasing,NORMAL,None
2025-12-17 02:00:00,7.255,52.45,7.38,827.1,27.34,Decreasing,NORMAL,None
2025-12-17 03:00:00,7.275,60.63,5.54,833.1,27.39,Decreasing,NORMAL,None
2025-12-17 04:00:00,7.375,75.16,6.92,837.53,27.7,Decreasing,NORMAL,None
2025-12-17 05:00:00,7.226,30.0,6.95,841.27,28.06,Decreasing,NORMAL,None
2025-12-17 06:00:00,7.391,50.7,6.93,832.53,28.43,Decreasing,NORMAL,None
2025-12-17 07:00:00,7.446,30.0,7.55,838.26,28.86,Decreasing,NORMAL,None
2025-12-17 08:00:00,7.37,85.74,7.11,824.59,29.61,Increasing,NORMAL,None
2025-12-17 09:00:00,7.281,39.53,6.13,812.17,29.9,Decreasing,NORMAL,None
2025-12-17 10:00:00,7.31,52.54,4.96,788.37,29.73,Decreasing,NORMAL,None
2025-12-17 11:00:00,7.476,42.46,5.07,776.28,30.59,Increasing,NORMAL,None
2025-12-17 12:00:00,7.404,69.57,6.87,773.31,30.11,Increasing,NORMAL,None
2025-12-17 13:00:00,7.322,90.72,5.46,772.82,30.41,Increasing,NORMAL,None
2025-12-17 14:00:00,7.181,43.63,6.32,780.97,29.76,Decreasing,NORMAL,None
2025-12-17 15:00:00,7.456,105.92,6.43,761.85,29.7,Increasing,NORMAL,None
2025-12-17 16:00:00,7.239,106.29,4.98,772.57,29.16,Increasing,NORMAL,None
2025-12-17 17:00:00,7.436,41.23,5.56,770.74,29.2,Stable,NORMAL,None
2025-12-17 18:00:00,7.383,61.77,4.91,782.22,28.42,Decreasing,NORMAL,None
2025-12-17 19:00:00,7.348,34.41,4.01,785.34,28.16,Decreasing,NORMAL,None
2025-12-17 20:00:00,7.358,40.0,3.64,768.72,27.87,Decreasing,NORMAL,None
2025-12-17 21:00:00,7.322,30.0,3.33,775.15,27.78,Decreasing,NORMAL,None
2025-12-17 22:00:00,7.465,52.01,2.47,781.73,26.92,Decreasing,NORMAL,None
2025-12-17 23:00:00,7.448,100.55,2.78,814.6,27.14,Increasing,NORMAL,None
2025-12-18 00:00:00,7.509,65.56,2.41,828.36,26.68,Increasing,NORMAL,None
2025-12-18 01:00:00,7.441,30.0,3.02,822.77,26.78,Decreasing,NORMAL,None
2025-12-18 02:00:00,7.332,63.53,3.84,812.72,27.24,Increasing,NORMAL,None
2025-12-18 03:00:00,7.161,30.0,4.06,798.0,27.38,Stable,NORMAL,None
2025-12-18 04:00:00,7.531,30.0,2.67,782.05,27.8,Decreasing,NORMAL,None
2025-12-18 05:00:00,7.472,59.42,3.97,775.87,28.17,Decreasing,NORMAL,None
2025-12-18 06:00:00,7.196,58.5,5.42,757.01,28.26,Decreasing,NORMAL,None
2025-12-18 07:00:00,7.352,65.63,7.93,774.73,28.89,Increasing,NORMAL,None
2025-12-18 08:00:00,7.476,66.94,7.83,792.77,29.3,Increasing,NORMAL,None
2025-12-18 09:00:00,7.22,84.32,7.29,791.66,30.47,Increasing,NORMAL,None
2025-12-18 10:00:00,7.562,65.85,6.74,789.96,30.21,Increasing,NORMAL,None
2025-12-18 11:00:00,7.374,83.79,12.13,789.43,30.44,Increasing,NORMAL,None
2025-12-18 12:00:00,7.435,47.03,11.6,812.06,30.22,Decreasing,NORMAL,None
2025-12-18 13:00:00,7.33,79.97,9.54,814.16,30.95,Increasing,NORMAL,None
2025-12-18 14:00:00,7.258,75.16,9.83,839.53,30.21,Increasing,NORMAL,None
2025-12-18 15:00:00,7.26,30.0,6.5,845.71,29.96,Decreasing,NORMAL,None
2025-12-18 16:00:00,7.393,33.79,7.3,832.13,29.71,Decreasing,NORMAL,None
2025-12-18 17:00:00,7.032,90.25,6.16,831.27,29.02,Increasing,NORMAL,None
2025-12-18 18:00:00,7.362,85.27,7.25,819.83,29.52,Increasing,NORMAL,None
2025-12-18 19:00:00,7.422,33.46,6.79,815.02,28.25,Decreasing,NORMAL,None
2025-12-18 20:00:00,7.233,36.61,6.11,808.45,27.75,Decreasing,NORMAL,None
2025-12-18 21:00:00,7.19,80.17,6.51,801.62,27.41,Increasing,NORMAL,None
2025-12-18 22:00:00,7.351,50.23,6.4,796.98,26.85,Increasing,NORMAL,None
2025-12-18 23:00:00,7.34,61.53,6.91,811.66,26.6,Decreasing,NORMAL,None
2025-12-19 00:00:00,7.276,30.0,7.63,806.27,27.11,Decreasing,NORMAL,None
2025-12-19 01:00:00,7.197,90.99,13.47,803.67,26.67,Increasing,NORMAL,None
2025-12-19 02:00:00,7.391,98.05,11.18,817.48,26.83,Increasing,NORMAL,None
2025-12-19 03:00:00,7.373,62.84,10.06,819.67,27.42,Decreasing,NORMAL,None
2025-12-19 04:00:00,7.418,80.8,9.43,831.07,28.25,Increasing,NORMAL,None
2025-12-19 05:00:00,7.459,49.3,9.62,819.87,28.26,Decreasing,NORMAL,None
2025-12-19 06:00:00,7.472,32.23,7.9,838.77,28.7,Increasing,NORMAL,None
2025-12-19 07:00:00,7.296,91.19,7.94,833.3,29.36,Stable,NORMAL,None
2025-12-19 08:00:00,7.367,55.99,7.91,826.91,29.91,Decreasing,NORMAL,None
2025-12-19 09:00:00,7.345,84.02,6.01,818.91,29.82,Increasing,NORMAL,None
2025-12-19 10:00:00,7.108,35.57,5.29,814.49,30.48,Decreasing,NORMAL,None
2025-12-19 11:00:00,7.139,87.18,3.52,818.66,30.04,Increasing,NORMAL,None
2025-12-19 12:00:00,7.486,47.72,6.32,795.89,30.19,Increasing,NORMAL,None
2025-12-19 13:00:00,7.355,59.37,7.12,801.21,30.02,Decreasing,NORMAL,None
2025-12-19 14:00:00,7.178,74.22,6.14,793.44,29.94,Increasing,NORMAL,None
2025-12-19 15:00:00,7.085,43.71,6.27,801.97,29.43,Decreasing,NORMAL,None
2025-12-19 16:00:00,7.323,31.4,6.84,803.76,29.82,Decreasing,NORMAL,None
2025-12-19 17:00:00,7.575,62.79,8.48,797.6,29.49,Decreasing,NORMAL,None
2025-12-19 18:00:00,7.399,102.08,8.43,813.13,28.22,Increasing,NORMAL,None
2025-12-19 19:00:00,7.436,75.76,8.37,831.14,28.0,Increasing,NORMAL,None
2025-12-19 20:00:00,7.262,81.8,6.64,836.49,28.11,Increasing,NORMAL,None
2025-12-19 21:00:00,7.512,58.37,6.1,810.47,27.38,Increasing,NORMAL,None
2025-12-19 22:00:00,7.477,30.0,5.86,787.81,26.68,Decreasing,NORMAL,None
2025-12-19 23:00:00,7.217,60.22,7.62,792.33,27.21,Decreasing,NORMAL,None
2025-12-20 00:00:00,7.448,41.63,5.14,782.78,26.87,Decreasing,NORMAL,None
2025-12-20 01:00:00,7.383,40.95,4.74,773.13,26.79,Decreasing,NORMAL,None
2025-12-20 02:00:00,7.41,68.26,6.89,768.5,26.81,Decreasing,NORMAL,None
2025-12-20 03:00:00,7.375,61.83,5.45,736.04,27.16,Increasing,NORMAL,None
2025-12-20 04:00:00,7.325,39.34,5.0,757.19,27.8,Increasing,NORMAL,None
2025-12-20 05:00:00,7.317,109.95,8.24,777.96,28.06,Increasing,NORMAL,None
2025-12-20 06:00:00,7.247,83.7,8.93,798.6,28.92,Increasing,NORMAL,None
2025-12-20 07:00:00,7.43,74.1,7.57,791.68,29.23,Increasing,NORMAL,None
2025-12-20 08:00:00,7.535,60.34,6.73,794.83,29.8,Decreasing,NORMAL,None
2025-12-20 09:00:00,7.424,101.02,6.84,778.21,30.31,Increasing,NORMAL,None
2025-12-20 10:00:00,7.346,49.8,4.66,795.02,29.98,Increasing,NORMAL,None
2025-12-20 11:00:00,7.196,102.1,4.84,802.09,29.93,Decreasing,NORMAL,None
2025-12-20 12:00:00,7.2,95.33,6.34,796.74,30.38,Increasing,NORMAL,None
2025-12-20 13:00:00,7.311,44.32,5.66,789.74,29.9,Decreasing,NORMAL,None
2025-12-20 14:00:00,7.408,30.0,4.58,780.09,30.04,Decreasing,NORMAL,None
2025-12-20 15:00:00,7.326,41.62,4.46,787.33,30.12,Decreasing,NORMAL,None
2025-12-20 16:00:00,7.428,58.1,3.21,794.83,29.53,Increasing,NORMAL,None
2025-12-20 17:00:00,7.223,30.0,4.26,788.42,28.65,Decreasing,NORMAL,None
2025-12-20 18:00:00,7.156,71.73,4.87,774.15,28.89,Decreasing,NORMAL,None
2025-12-20 19:00:00,7.414,58.46,3.44,784.11,28.04,Increasing,NORMAL,None
2025-12-20 20:00:00,7.3,76.96,2.63,786.05,27.47,Increasing,NORMAL,None
2025-12-20 21:00:00,7.464,31.81,1.44,786.14,27.44,Decreasing,NORMAL,None
2025-12-20 22:00:00,7.383,35.24,1.64,777.97,27.36,Decreasing,NORMAL,None
2025-12-20 23:00:00,7.448,37.59,1.52,767.1,27.04,Increasing,NORMAL,None
2025-12-21 00:00:00,7.38,68.1,2.7,782.87,27.31,Decreasing,NORMAL,None
2025-12-21 01:00:00,7.344,47.35,4.49,768.17,27.15,Decreasing,NORMAL,None
2025-12-21 02:00:00,7.377,37.36,6.68,796.61,26.95,Decreasing,NORMAL,None
2025-12-21 03:00:00,7.463,30.0,5.58,793.53,27.11,Decreasing,NORMAL,None
2025-12-21 04:00:00,7.153,59.69,5.14,785.42,27.23,Increasing,NORMAL,None
2025-12-21 05:00:00,7.214,40.3,4.39,802.93,28.4,Increasing,NORMAL,None
2025-12-21 06:00:00,7.306,30.0,3.21,802.11,28.59,Decreasing,NORMAL,None
2025-12-21 07:00:00,7.322,93.56,3.46,800.22,29.43,Increasing,NORMAL,None
2025-12-21 08:00:00,7.255,71.68,4.64,802.49,29.71,Increasing,NORMAL,None
2025-12-21 09:00:00,7.295,30.0,5.35,795.38,30.19,Stable,NORMAL,None
2025-12-21 10:00:00,7.659,30.0,4.53,800.96,30.29,Decreasing,NORMAL,None
2025-12-21 11:00:00,7.438,81.9,3.11,802.39,30.22,Increasing,NORMAL,None
2025-12-21 12:00:00,7.281,84.23,1.64,825.33,30.48,Increasing,NORMAL,None
2025-12-21 13:00:00,7.385,39.24,2.44,843.6,30.69,Decreasing,NORMAL,None
2025-12-21 14:00:00,7.256,65.68,2.29,860.52,29.89,Decreasing,NORMAL,None
2025-12-21 15:00:00,7.331,30.0,1.56,866.02,29.83,Stable,NORMAL,None
2025-12-21 16:00:00,7.404,61.53,2.79,880.46,29.44,Increasing,NORMAL,None
2025-12-21 17:00:00,7.355,30.0,2.31,868.3,28.62,Decreasing,NORMAL,None
2025-12-21 18:00:00,7.429,33.7,1.21,862.42,28.87,Decreasing,NORMAL,None
2025-12-21 19:00:00,7.29,30.0,3.3,835.87,28.07,Decreasing,NORMAL,None
2025-12-21 20:00:00,7.39,34.71,3.07,789.19,28.09,Decreasing,NORMAL,None
2025-12-21 21:00:00,7.513,45.06,3.8,762.79,27.78,Increasing,NORMAL,None
2025-12-21 22:00:00,7.499,36.27,4.3,759.93,26.88,Decreasing,NORMAL,None
2025-12-21 23:00:00,7.49,62.65,6.1,735.31,26.95,Increasing,NORMAL,None
2025-12-22 00:00:00,7.317,77.43,5.81,722.9,27.37,Increasing,NORMAL,None
2025-12-22 01:00:00,7.339,84.65,6.5,737.2,26.7,Increasing,NORMAL,None
2025-12-22 02:00:00,7.435,50.2,8.25,726.51,27.24,Increasing,NORMAL,None
2025-12-22 03:00:00,7.403,85.65,5.28,723.52,26.94,Increasing,NORMAL,None
2025-12-22 04:00:00,7.344,59.46,5.26,707.95,27.28,Increasing,NORMAL,None
2025-12-22 05:00:00,7.483,58.61,5.84,690.64,28.81,Decreasing,NORMAL,None
2025-12-22 06:00:00,7.464,33.96,6.5,676.53,28.61,Decreasing,NORMAL,None
2025-12-22 07:00:00,7.373,65.96,6.12,698.83,29.12,Decreasing,NORMAL,None
2025-12-22 08:00:00,7.286,75.36,6.06,709.78,29.4,Increasing,NORMAL,None
2025-12-22 09:00:00,7.216,41.68,5.93,734.63,29.94,Decreasing,NORMAL,None
2025-12-22 10:00:00,7.11,50.1,5.9,711.98,29.87,Decreasing,NORMAL,None
2025-12-22 11:00:00,7.186,48.41,6.9,726.08,30.1,Decreasing,NORMAL,None
2025-12-22 12:00:00,7.32,63.88,7.96,750.5,30.8,Increasing,NORMAL,None
2025-12-22 13:00:00,7.476,60.14,8.82,750.25,31.11,Decreasing,NORMAL,None
2025-12-22 14:00:00,7.261,68.42,8.32,783.62,30.07,Decreasing,NORMAL,None
2025-12-22 15:00:00,7.462,53.72,9.12,781.68,30.01,Increasing,NORMAL,None
2025-12-22 16:00:00,7.277,70.76,8.4,787.08,30.06,Increasing,NORMAL,None
2025-12-22 17:00:00,7.543,45.23,5.43,792.1,29.81,Decreasing,NORMAL,None
2025-12-22 18:00:00,7.537,78.56,6.71,794.94,28.54,Increasing,NORMAL,None
2025-12-22 19:00:00,7.383,56.63,5.38,804.64,28.49,Decreasing,NORMAL,None
2025-12-22 20:00:00,7.177,88.38,6.09,807.33,27.75,Increasing,NORMAL,None
2025-12-22 21:00:00,7.349,114.13,6.19,818.17,27.44,Increasing,NORMAL,None
2025-12-22 22:00:00,7.196,38.63,7.83,802.51,27.15,Decreasing,NORMAL,None
2025-12-22 23:00:00,7.345,72.63,12.63,793.55,27.07,Increasing,NORMAL,None
2025-12-23 00:00:00,7.288,99.18,11.45,793.77,27.13,Increasing,NORMAL,None
2025-12-23 01:00:00,7.337,103.34,12.17,809.82,26.91,Increasing,NORMAL,None
2025-12-23 02:00:00,7.39,103.5,11.72,837.84,27.19,Increasing,NORMAL,None
2025-12-23 03:00:00,7.187,111.01,11.04,842.76,27.94,Stable,NORMAL,None
2025-12-23 04:00:00,7.187,85.02,10.35,833.61,27.76,Increasing,NORMAL,None
2025-12-23 05:00:00,7.453,48.84,9.59,811.3,28.52,Decreasing,NORMAL,None
2025-12-23 06:00:00,7.35,104.57,7.84,816.75,28.93,Increasing,NORMAL,None
2025-12-23 07:00:00,7.371,68.1,6.06,814.22,29.04,Decreasing,NORMAL,None
2025-12-23 08:00:00,7.439,71.47,7.95,805.38,29.83,Decreasing,NORMAL,None
2025-12-23 09:00:00,7.305,36.98,6.47,816.5,29.92,Decreasing,NORMAL,None
2025-12-23 10:00:00,7.53,78.64,6.66,831.76,30.71,Decreasing,NORMAL,None
2025-12-23 11:00:00,7.35,76.63,6.84,830.08,30.71,Increasing,NORMAL,None
2025-12-23 12:00:00,7.209,64.14,5.34,830.26,30.16,Decreasing,NORMAL,None
2025-12-23 13:00:00,7.363,34.37,5.43,805.5,30.62,Decreasing,NORMAL,None
2025-12-23 14:00:00,7.464,92.53,5.64,811.04,30.79,Increasing,NORMAL,None
2025-12-23 15:00:00,7.276,51.19,6.99,790.1,30.07,Increasing,NORMAL,None
2025-12-23 16:00:00,7.283,75.48,6.79,775.34,29.38,Decreasing,NORMAL,None
2025-12-23 17:00:00,7.44,99.63,7.96,767.84,29.48,Increasing,NORMAL,None
2025-12-23 18:00:00,7.471,51.89,6.9,772.47,28.73,Decreasing,NORMAL,None
2025-12-23 19:00:00,7.372,58.32,7.18,764.64,27.95,Increasing,NORMAL,None
2025-12-23 20:00:00,7.379,75.56,5.86,757.79,27.63,Decreasing,NORMAL,None
2025-12-23 21:00:00,7.465,84.86,5.38,780.26,27.4,Increasing,NORMAL,None
2025-12-23 22:00:00,7.354,91.18,6.49,799.73,27.3,Increasing,NORMAL,None
2025-12-23 23:00:00,7.655,38.5,8.02,788.6,27.22,Decreasing,NORMAL,None
2025-12-24 00:00:00,7.155,77.69,5.68,795.62,27.05,Increasing,NORMAL,None
2025-12-24 01:00:00,7.327,74.58,6.7,766.96,27.36,Increasing,NORMAL,None
2025-12-24 02:00:00,7.471,30.0,5.86,742.4,27.27,Decreasing,NORMAL,None
2025-12-24 03:00:00,7.243,30.0,5.18,737.11,27.54,Decreasing,NORMAL,None
2025-12-24 04:00:00,7.246,56.1,5.58,737.79,27.98,Decreasing,NORMAL,None
2025-12-24 05:00:00,7.342,72.91,6.44,728.6,28.24,Increasing,NORMAL,None
2025-12-24 06:00:00,7.411,106.75,6.18,744.78,29.27,Increasing,NORMAL,None
2025-12-24 07:00:00,7.355,68.36,3.57,767.76,29.34,Decreasing,NORMAL,None
2025-12-24 08:00:00,7.193,73.43,3.5,780.38,29.89,Increasing,NORMAL,None
2025-12-24 09:00:00,7.244,49.39,3.65,802.17,29.82,Increasing,NORMAL,None
2025-12-24 10:00:00,7.374,60.16,3.15,805.31,30.16,Increasing,NORMAL,None
2025-12-24 11:00:00,7.389,79.49,3.3,781.74,30.27,Increasing,NORMAL,None
2025-12-24 12:00:00,7.448,48.42,4.61,770.01,30.78,Decreasing,NORMAL,None
2025-12-24 13:00:00,7.421,44.16,5.75,792.2,30.59,Decreasing,NORMAL,None
2025-12-24 14:00:00,7.537,55.32,4.82,806.61,30.25,Decreasing,NORMAL,None
2025-12-24 15:00:00,7.322,43.5,4.73,802.99,30.09,Decreasing,NORMAL,None
2025-12-24 16:00:00,7.318,30.0,3.77,801.8,29.35,Decreasing,NORMAL,None
2025-12-24 17:00:00,7.338,33.04,8.25,798.76,29.55,Decreasing,NORMAL,None
2025-12-24 18:00:00,7.313,103.73,9.37,792.98,29.17,Increasing,NORMAL,None
2025-12-24 19:00:00,7.549,47.27,9.8,799.62,28.01,Increasing,NORMAL,None
2025-12-24 20:00:00,7.272,60.59,9.82,793.07,28.26,Increasing,NORMAL,None
2025-12-24 21:00:00,7.44,60.6,8.86,763.7,27.62,Increasing,NORMAL,None
2025-12-24 22:00:00,7.298,47.56,7.67,769.26,27.48,Increasing,NORMAL,None
2025-12-24 23:00:00,7.359,30.0,6.18,778.58,26.75,Decreasing,NORMAL,None
2025-12-25 00:00:00,7.372,67.77,4.45,758.96,27.16,Decreasing,NORMAL,None
2025-12-25 01:00:00,7.337,58.03,4.06,766.17,27.24,Increasing,NORMAL,None
2025-12-25 02:00:00,7.254,65.59,4.43,763.93,27.19,Increasing,NORMAL,None
2025-12-25 03:00:00,7.423,73.16,3.44,727.63,27.66,Increasing,NORMAL,None
2025-12-25 04:00:00,7.364,66.64,2.88,707.46,27.93,Increasing,NORMAL,None
2025-12-25 05:00:00,7.35,35.98,4.41,736.32,28.5,Increasing,NORMAL,None
2025-12-25 06:00:00,7.469,71.15,3.98,732.71,28.79,Increasing,NORMAL,None
2025-12-25 07:00:00,7.335,49.14,5.91,734.94,29.59,Decreasing,NORMAL,None
2025-12-25 08:00:00,7.33,103.7,5.49,752.27,29.93,Increasing,NORMAL,None
2025-12-25 09:00:00,7.237,63.99,11.38,771.82,29.89,Decreasing,NORMAL,None
2025-12-25 10:00:00,7.224,93.23,13.99,753.13,30.72,Increasing,NORMAL,None
2025-12-25 11:00:00,7.477,52.39,12.14,725.87,30.23,Increasing,NORMAL,None
2025-12-25 12:00:00,7.45,86.71,11.95,733.85,30.55,Increasing,NORMAL,None
2025-12-25 13:00:00,7.396,99.15,8.73,756.0,30.61,Increasing,NORMAL,None
2025-12-25 14:00:00,7.217,116.26,8.13,757.31,30.82,Increasing,NORMAL,None
2025-12-25 15:00:00,7.445,34.18,7.38,739.53,30.39,Decreasing,NORMAL,None
2025-12-25 16:00:00,7.271,80.02,9.11,758.52,29.87,Decreasing,NORMAL,None
2025-12-25 17:00:00,7.539,79.37,8.43,736.05,29.43,Increasing,NORMAL,None
2025-12-25 18:00:00,7.32,72.67,9.17,729.29,29.16,Decreasing,NORMAL,None
2025-12-25 19:00:00,7.283,107.65,13.4,736.32,27.74,Increasing,NORMAL,None
2025-12-25 20:00:00,7.498,76.17,12.76,737.49,28.15,Decreasing,NORMAL,None
2025-12-25 21:00:00,7.445,49.08,11.13,726.37,26.87,Increasing,NORMAL,None
2025-12-25 22:00:00,7.3,64.5,10.67,760.24,27.27,Decreasing,NORMAL,None
2025-12-25 23:00:00,7.015,126.5,14.38,777.51,27.75,Increasing,NORMAL,None
2025-12-26 00:00:00,7.433,82.96,13.9,775.46,27.61,Increasing,NORMAL,None
2025-12-26 01:00:00,7.348,116.57,12.85,797.38,27.36,Increasing,NORMAL,None
2025-12-26 02:00:00,7.199,102.36,12.14,811.84,27.32,Increasing,NORMAL,None
2025-12-26 03:00:00,7.389,30.0,11.33,804.82,27.63,Decreasing,NORMAL,None
2025-12-26 04:00:00,7.307,55.68,10.31,793.97,27.49,Decreasing,NORMAL,None
2025-12-26 05:00:00,7.308,79.11,8.37,791.07,28.31,Decreasing,NORMAL,None
2025-12-26 06:00:00,7.267,72.28,6.29,816.56,28.91,Decreasing,NORMAL,None
2025-12-26 07:00:00,7.464,89.77,4.86,821.25,28.88,Decreasing,NORMAL,None
2025-12-26 08:00:00,7.226,70.58,6.24,824.43,29.87,Decreasing,NORMAL,None
2025-12-26 09:00:00,7.068,98.74,5.95,825.17,29.75,Increasing,NORMAL,None
2025-12-26 10:00:00,7.439,42.41,4.67,806.66,31.0,Decreasing,NORMAL,None
2025-12-26 11:00:00,7.485,58.79,5.0,803.83,30.83,Decreasing,NORMAL,None
2025-12-26 12:00:00,7.302,78.13,6.21,789.73,30.48,Increasing,NORMAL,None
2025-12-26 13:00:00,7.57,67.13,6.24,785.16,30.6,Decreasing,NORMAL,None
2025-12-26 14:00:00,7.302,74.58,5.91,778.61,30.52,Increasing,NORMAL,None
2025-12-26 15:00:00,7.441,30.68,5.02,783.11,30.0,Decreasing,NORMAL,None
2025-12-26 16:00:00,7.423,55.77,4.04,791.24,29.7,Increasing,NORMAL,None
2025-12-26 17:00:00,7.445,59.67,5.51,771.65,28.97,Stable,NORMAL,None
2025-12-26 18:00:00,7.413,70.02,5.79,817.07,28.81,Decreasing,NORMAL,None
2025-12-26 19:00:00,7.431,38.92,5.51,804.63,27.97,Decreasing,NORMAL,None
2025-12-26 20:00:00,7.392,92.99,5.94,794.66,27.39,Increasing,NORMAL,None
2025-12-26 21:00:00,7.534,73.81,6.19,802.29,28.07,Increasing,NORMAL,None
2025-12-26 22:00:00,7.365,60.99,11.25,794.4,27.75,Increasing,NORMAL,None
2025-12-26 23:00:00,7.264,96.61,9.47,809.64,27.48,Increasing,NORMAL,None
2025-12-27 00:00:00,7.428,67.6,7.39,805.43,26.94,Decreasing,NORMAL,None
2025-12-27 01:00:00,7.248,85.83,7.56,827.81,27.02,Increasing,NORMAL,None
2025-12-27 02:00:00,7.276,83.03,6.02,822.14,27.05,Decreasing,NORMAL,None
2025-12-27 03:00:00,7.3,48.13,8.09,839.59,27.43,Decreasing,NORMAL,None
2025-12-27 04:00:00,7.374,62.23,8.04,837.71,28.14,Stable,NORMAL,None
2025-12-27 05:00:00,7.388,50.42,8.11,838.86,28.34,Decreasing,NORMAL,None
2025-12-27 06:00:00,7.404,100.81,8.08,851.34,29.16,Increasing,NORMAL,None
2025-12-27 07:00:00,7.235,71.38,7.03,862.51,29.4,Decreasing,NORMAL,None
2025-12-27 08:00:00,7.451,76.95,6.64,858.73,29.33,Decreasing,NORMAL,None
2025-12-27 09:00:00,7.413,74.96,5.82,856.73,30.46,Increasing,NORMAL,None
2025-12-27 10:00:00,7.331,51.18,6.35,848.82,30.88,Decreasing,NORMAL,None
2025-12-27 11:00:00,7.301,59.89,6.61,840.54,30.97,Increasing,NORMAL,None
2025-12-27 12:00:00,7.394,96.12,13.65,831.72,30.87,Decreasing,NORMAL,None
2025-12-27 13:00:00,7.165,81.1,12.81,828.28,30.63,Increasing,NORMAL,None
2025-12-27 14:00:00,7.225,74.61,12.38,847.24,30.09,Decreasing,NORMAL,None
2025-12-27 15:00:00,7.361,58.58,8.65,847.93,29.8,Decreasing,NORMAL,None
2025-12-27 16:00:00,7.343,40.57,7.75,845.5,29.31,Decreasing,NORMAL,None
2025-12-27 17:00:00,7.255,42.26,6.25,848.91,28.93,Decreasing,NORMAL,None
2025-12-27 18:00:00,7.432,57.15,5.72,856.71,28.7,Decreasing,NORMAL,None
2025-12-27 19:00:00,7.478,30.0,4.67,826.9,28.48,Decreasing,NORMAL,None
2025-12-27 20:00:00,7.35,70.51,5.81,821.44,28.3,Decreasing,NORMAL,None
2025-12-27 21:00:00,7.324,77.43,5.93,836.13,27.98,Increasing,NORMAL,None
2025-12-27 22:00:00,7.457,38.44,6.51,820.11,27.47,Decreasing,NORMAL,None
2025-12-27 23:00:00,7.357,56.52,5.94,834.67,27.24,Increasing,NORMAL,None
2025-12-28 00:00:00,7.304,70.44,5.67,858.39,27.24,Increasing,NORMAL,None
2025-12-28 01:00:00,7.325,30.0,4.46,847.38,27.43,Stable,NORMAL,None
2025-12-28 02:00:00,7.355,117.28,4.37,863.97,26.89,Increasing,NORMAL,None
2025-12-28 03:00:00,7.427,63.43,3.8,838.78,27.27,Decreasing,NORMAL,None
2025-12-28 04:00:00,7.345,65.93,4.06,841.43,28.25,Increasing,NORMAL,None
2025-12-28 05:00:00,7.267,96.63,5.32,813.57,28.51,Increasing,NORMAL,None
2025-12-28 06:00:00,7.405,101.07,9.25,823.07,29.46,Increasing,NORMAL,None
2025-12-28 07:00:00,7.379,83.31,7.61,809.97,29.14,Increasing,NORMAL,None
2025-12-28 08:00:00,7.328,88.25,7.88,824.63,30.02,Decreasing,NORMAL,None
2025-12-28 09:00:00,7.289,85.71,6.76,823.08,30.05,Increasing,NORMAL,None
2025-12-28 10:00:00,7.436,46.2,5.81,802.03,30.66,Decreasing,NORMAL,None
2025-12-28 11:00:00,7.428,55.85,4.22,801.6,30.87,Decreasing,NORMAL,None
2025-12-28 12:00:00,7.403,33.85,2.96,802.29,30.58,Decreasing,NORMAL,None
2025-12-28 13:00:00,7.334,42.48,3.56,789.71,30.92,Decreasing,NORMAL,None
2025-12-28 14:00:00,7.432,60.15,3.85,773.35,30.68,Decreasing,NORMAL,None
2025-12-28 15:00:00,7.53,30.0,3.45,767.33,29.62,Decreasing,NORMAL,None
2025-12-28 16:00:00,7.177,52.68,3.25,763.9,30.09,Increasing,NORMAL,None
2025-12-28 17:00:00,7.269,64.78,4.31,750.65,29.3,Increasing,NORMAL,None
2025-12-28 18:00:00,7.263,62.14,5.22,765.4,29.05,Increasing,NORMAL,None
2025-12-28 19:00:00,7.241,30.0,5.75,743.98,29.11,Decreasing,NORMAL,None
2025-12-28 20:00:00,7.259,65.43,6.59,746.8,28.29,Increasing,NORMAL,None
2025-12-28 21:00:00,7.306,85.71,5.02,765.55,27.15,Increasing,NORMAL,None
2025-12-28 22:00:00,7.277,84.16,4.44,765.26,27.59,Increasing,NORMAL,None
2025-12-28 23:00:00,7.32,55.38,4.18,739.5,26.95,Decreasing,NORMAL,None
2025-12-29 00:00:00,7.194,30.0,6.01,729.01,26.81,Decreasing,NORMAL,None
2025-12-29 01:00:00,7.463,59.44,5.86,721.56,27.56,Increasing,NORMAL,None
2025-12-29 02:00:00,7.441,30.0,6.09,727.51,27.45,Decreasing,NORMAL,None
2025-12-29 03:00:00,7.333,58.05,4.44,739.44,27.33,Decreasing,NORMAL,None
2025-12-29 04:00:00,7.484,31.01,3.11,731.72,27.89,Decreasing,NORMAL,None
2025-12-29 05:00:00,7.477,51.09,2.8,739.2,28.76,Decreasing,NORMAL,None
2025-12-29 06:00:00,7.196,30.0,1.0,733.23,28.9,Stable,NORMAL,None
2025-12-29 07:00:00,7.391,59.89,3.73,746.43,29.36,Stable,NORMAL,None
2025-12-29 08:00:00,7.221,57.11,5.02,751.51,29.5,Increasing,NORMAL,None
2025-12-29 09:00:00,7.376,30.0,3.76,751.85,30.19,Decreasing,NORMAL,None
2025-12-29 10:00:00,7.349,79.16,3.41,762.72,30.24,Increasing,NORMAL,None
2025-12-29 11:00:00,7.301,30.0,3.51,748.63,30.34,Decreasing,NORMAL,None
2025-12-29 12:00:00,7.401,71.24,3.38,738.07,30.8,Increasing,NORMAL,None
2025-12-29 13:00:00,7.407,30.0,2.4,729.57,30.76,Decreasing,NORMAL,None
2025-12-29 14:00:00,7.483,30.0,1.96,739.03,30.8,Decreasing,NORMAL,None
2025-12-29 15:00:00,7.262,40.87,3.53,735.57,30.53,Increasing,NORMAL,None
2025-12-29 16:00:00,7.389,72.05,3.87,744.56,30.43,Decreasing,NORMAL,None
2025-12-29 17:00:00,7.424,34.24,3.68,749.5,29.07,Increasing,NORMAL,None
2025-12-29 18:00:00,7.292,54.35,1.87,751.55,29.04,Decreasing,NORMAL,None
2025-12-29 19:00:00,7.301,32.08,4.09,755.34,28.34,Increasing,NORMAL,None
2025-12-29 20:00:00,7.294,84.93,8.48,750.51,28.3,Increasing,NORMAL,None
2025-12-29 21:00:00,7.283,108.42,10.16,756.58,27.63,Increasing,NORMAL,None
2025-12-29 22:00:00,7.378,92.29,10.39,743.15,26.8,Increasing,NORMAL,None
2025-12-29 23:00:00,7.227,48.12,9.87,747.34,27.27,Increasing,NORMAL,None
2025-12-30 00:00:00,7.363,65.57,8.81,739.4,27.21,Increasing,NORMAL,None
2025-12-30 01:00:00,7.265,64.5,7.3,741.34,27.67,Increasing,NORMAL,None
2025-12-30 02:00:00,7.438,35.15,6.49,729.22,27.43,Decreasing,NORMAL,None
2025-12-30 03:00:00,7.292,30.0,4.86,688.38,27.69,Decreasing,NORMAL,None
2025-12-30 04:00:00,7.486,51.64,5.03,681.06,28.37,Decreasing,NORMAL,None
2025-12-30 05:00:00,7.273,52.13,5.66,698.21,27.95,Increasing,NORMAL,None
2025-12-30 06:00:00,7.245,49.17,4.98,680.11,28.85,Decreasing,NORMAL,None
2025-12-30 07:00:00,7.259,92.92,6.67,707.25,29.48,Increasing,NORMAL,None
2025-12-30 08:00:00,7.409,87.14,6.47,705.51,29.57,Increasing,NORMAL,None
2025-12-30 09:00:00,7.268,93.12,5.69,702.79,30.51,Increasing,NORMAL,None
2025-12-30 10:00:00,7.411,75.61,4.71,714.44,30.51,Increasing,NORMAL,None
2025-12-30 11:00:00,7.39,30.0,4.82,716.54,31.17,Decreasing,NORMAL,None
2025-12-30 12:00:00,7.562,30.0,5.48,712.9,30.77,Decreasing,NORMAL,None
2025-12-30 13:00:00,7.249,50.79,4.27,719.57,30.62,Decreasing,NORMAL,None
2025-12-30 14:00:00,7.216,83.27,4.7,732.47,30.14,Decreasing,NORMAL,None
2025-12-30 15:00:00,7.168,74.28,5.13,735.91,29.92,Decreasing,NORMAL,None
2025-12-30 16:00:00,7.452,49.87,4.66,745.11,30.32,Decreasing,NORMAL,None
2025-12-30 17:00:00,7.378,58.94,2.68,728.81,29.53,Increasing,NORMAL,None
2025-12-30 18:00:00,7.255,34.72,4.71,752.99,28.88,Increasing,NORMAL,None
2025-12-30 19:00:00,7.457,68.81,4.87,750.95,28.26,Increasing,NORMAL,None
2025-12-30 20:00:00,7.492,86.68,4.79,785.17,28.48,Increasing,NORMAL,None
2025-12-30 21:00:00,7.196,72.55,5.1,782.45,27.83,Stable,NORMAL,None
2025-12-30 22:00:00,7.131,82.83,7.35,773.74,27.8,Increasing,NORMAL,None
2025-12-30 23:00:00,7.48,49.62,6.95,794.35,27.2,Decreasing,NORMAL,None
2025-12-31 00:00:00,7.169,87.5,10.6,811.34,27.35,Increasing,NORMAL,None
2025-12-31 01:00:00,7.382,66.07,8.82,794.99,26.98,Decreasing,NORMAL,None
2025-12-31 02:00:00,7.496,76.16,10.16,804.23,27.73,Decreasing,NORMAL,None
2025-12-31 03:00:00,7.486,60.68,7.3,783.55,27.76,Decreasing,NORMAL,None
2025-12-31 04:00:00,7.327,67.23,6.86,795.5,28.31,Decreasing,NORMAL,None
2025-12-31 05:00:00,7.259,61.02,5.97,814.62,28.78,Increasing,NORMAL,None
2025-12-31 06:00:00,7.439,38.51,5.15,805.35,29.29,Decreasing,NORMAL,None
2025-12-31 07:00:00,7.338,43.86,5.82,803.99,29.77,Decreasing,NORMAL,None
2025-12-31 08:00:00,7.354,74.78,7.64,810.21,29.81,Stable,NORMAL,None
2025-12-31 09:00:00,7.387,84.71,6.87,798.04,30.07,Increasing,NORMAL,None
2025-12-31 10:00:00,7.438,84.71,6.67,785.52,30.8,Increasing,NORMAL,None
2025-12-31 11:00:00,7.193,101.54,5.88,805.69,31.07,Increasing,NORMAL,None
2025-12-31 12:00:00,7.394,30.0,6.09,804.45,30.68,Decreasing,NORMAL,None
2025-12-31 13:00:00,7.362,76.94,5.68,808.58,30.76,Increasing,NORMAL,None
2025-12-31 14:00:00,7.218,54.52,5.09,794.15,30.59,Decreasing,NORMAL,None
2025-12-31 15:00:00,7.247,34.28,3.02,771.31,30.25,Decreasing,NORMAL,None
2025-12-31 16:00:00,7.329,107.7,8.63,774.25,30.24,Increasing,NORMAL,None
2025-12-31 17:00:00,7.376,57.04,8.52,769.49,29.77,Decreasing,NORMAL,None
2025-12-31 18:00:00,7.394,57.76,6.31,758.33,28.83,Increasing,NORMAL,None
2025-12-31 19:00:00,7.34,77.14,5.87,764.7,28.93,Stable,NORMAL,None
2025-12-31 20:00:00,7.503,52.94,3.6,780.24,28.39,Stable,NORMAL,None
2025-12-31 21:00:00,7.538,36.53,4.8,774.83,27.74,Increasing,NORMAL,None
2025-12-31 22:00:00,7.364,44.18,5.42,766.72,27.94,Decreasing,NORMAL,None
2025-12-31 23:00:00,7.306,91.03,4.38,762.44,27.82,Increasing,NORMAL,None
2026-01-01 00:00:00,7.333,30.0,3.22,745.14,27.08,Decreasing,NORMAL,None
2026-01-01 01:00:00,7.353,97.6,3.82,751.25,27.36,Increasing,NORMAL,None
2026-01-01 02:00:00,7.289,38.82,3.75,743.17,28.08,Decreasing,NORMAL,None
2026-01-01 03:00:00,7.299,97.67,4.65,752.61,27.61,Increasing,NORMAL,None
2026-01-01 04:00:00,7.227,69.67,4.86,769.77,27.57,Increasing,NORMAL,None
2026-01-01 05:00:00,7.437,98.15,5.83,774.78,28.08,Increasing,NORMAL,None
2026-01-01 06:00:00,7.22,114.83,5.68,783.86,28.96,Increasing,NORMAL,None
2026-01-01 07:00:00,7.309,33.1,5.22,802.68,29.59,Decreasing,NORMAL,None
2026-01-01 08:00:00,7.334,30.0,3.94,791.06,29.75,Decreasing,NORMAL,None
2026-01-01 09:00:00,7.628,42.57,3.36,796.41,30.28,Decreasing,NORMAL,None
2026-01-01 10:00:00,7.328,49.48,7.25,785.54,30.52,Decreasing,NORMAL,None
2026-01-01 11:00:00,7.317,73.33,7.2,811.24,30.68,Decreasing,NORMAL,None
2026-01-01 12:00:00,7.333,47.0,6.96,804.28,30.85,Decreasing,NORMAL,None
2026-01-01 13:00:00,7.293,117.31,6.68,814.36,31.29,Increasing,NORMAL,None
2026-01-01 14:00:00,7.28,69.99,6.73,803.09,30.41,Increasing,NORMAL,None
2026-01-01 15:00:00,7.337,74.88,5.06,798.29,30.4,Increasing,NORMAL,None
2026-01-01 16:00:00,7.292,118.73,4.92,841.44,30.11,Increasing,NORMAL,None
2026-01-01 17:00:00,7.405,73.09,5.22,845.17,29.81,Stable,NORMAL,None
2026-01-01 18:00:00,7.234,42.31,4.43,837.97,28.86,Decreasing,NORMAL,None
2026-01-01 19:00:00,7.493,30.0,6.12,813.11,28.29,Decreasing,NORMAL,None
2026-01-01 20:00:00,7.306,66.82,5.41,816.4,27.88,Decreasing,NORMAL,None
2026-01-01 21:00:00,7.408,30.0,6.03,794.69,28.22,Decreasing,NORMAL,None
2026-01-01 22:00:00,7.299,45.95,5.76,803.63,27.88,Decreasing,NORMAL,None
2026-01-01 23:00:00,7.287,58.05,5.77,789.79,27.46,Decreasing,NORMAL,None
2026-01-02 00:00:00,7.281,52.91,6.67,782.16,27.33,Increasing,NORMAL,None
2026-01-02 01:00:00,7.304,85.69,6.98,809.12,26.59,Increasing,NORMAL,None
2026-01-02 02:00:00,7.371,67.13,7.44,810.98,26.98,Stable,NORMAL,None
2026-01-02 03:00:00,7.393,58.61,6.83,805.05,28.26,Increasing,NORMAL,None
2026-01-02 04:00:00,7.256,30.0,10.94,794.8,28.03,Decreasing,NORMAL,None
2026-01-02 05:00:00,7.466,74.89,8.97,797.88,28.63,Increasing,NORMAL,None
2026-01-02 06:00:00,7.278,41.44,8.64,795.6,28.91,Decreasing,NORMAL,None
2026-01-02 07:00:00,7.313,90.43,8.13,812.25,29.27,Increasing,NORMAL,None
2026-01-02 08:00:00,7.368,79.85,7.24,803.88,30.18,Increasing,NORMAL,None
2026-01-02 09:00:00,7.279,67.46,8.47,757.24,29.82,Increasing,NORMAL,None
2026-01-02 10:00:00,7.345,98.33,7.93,770.32,30.71,Increasing,NORMAL,None
2026-01-02 11:00:00,7.289,85.81,7.48,747.92,31.11,Increasing,NORMAL,None
2026-01-02 12:00:00,7.27,82.09,6.95,767.32,30.73,Increasing,NORMAL,None
2026-01-02 13:00:00,7.31,52.37,6.95,737.51,30.53,Decreasing,NORMAL,None
2026-01-02 14:00:00,7.244,97.73,6.35,737.56,30.64,Increasing,NORMAL,None
2026-01-02 15:00:00,7.41,61.77,5.32,754.65,29.9,Decreasing,NORMAL,None
2026-01-02 16:00:00,7.177,50.99,5.93,757.89,30.33,Decreasing,NORMAL,None
2026-01-02 17:00:00,7.207,32.87,6.65,755.08,28.9,Decreasing,NORMAL,None
2026-01-02 18:00:00,7.208,30.0,5.62,743.74,29.24,Decreasing,NORMAL,None
2026-01-02 19:00:00,7.326,33.09,4.78,730.42,28.73,Decreasing,NORMAL,None
2026-01-02 20:00:00,7.455,42.86,4.5,708.25,27.52,Decreasing,NORMAL,None
2026-01-02 21:00:00,7.262,58.76,4.01,712.19,27.92,Decreasing,NORMAL,None
2026-01-02 22:00:00,7.333,66.67,6.32,714.05,27.6,Increasing,NORMAL,None
2026-01-02 23:00:00,7.276,32.51,4.73,720.94,27.76,Stable,NORMAL,None
2026-01-03 00:00:00,7.414,60.37,3.27,702.8,26.87,Increasing,NORMAL,None
2026-01-03 01:00:00,7.397,75.4,4.98,734.03,27.44,Increasing,NORMAL,None
2026-01-03 02:00:00,7.406,30.0,4.88,724.55,27.73,Decreasing,NORMAL,None
2026-01-03 03:00:00,7.03,57.54,4.19,734.5,27.38,Stable,NORMAL,None
2026-01-03 04:00:00,7.346,31.64,3.26,701.53,28.45,Decreasing,NORMAL,None
2026-01-03 05:00:00,7.348,41.24,3.9,700.85,27.76,Increasing,NORMAL,None
2026-01-03 06:00:00,7.502,30.0,4.15,690.24,28.53,Decreasing,NORMAL,None
2026-01-03 07:00:00,7.321,30.0,5.81,706.34,29.92,Decreasing,NORMAL,None
2026-01-03 08:00:00,7.508,30.0,5.6,709.92,29.89,Stable,NORMAL,None
2026-01-03 09:00:00,7.239,77.15,4.64,707.72,29.93,Increasing,NORMAL,None
2026-01-03 10:00:00,7.316,30.0,4.94,694.51,30.05,Decreasing,NORMAL,None
2026-01-03 11:00:00,7.474,58.1,4.56,701.92,30.9,Increasing,NORMAL,None
2026-01-03 12:00:00,7.157,69.91,3.04,713.96,30.85,Increasing,NORMAL,None
2026-01-03 13:00:00,7.349,89.04,5.54,724.6,30.41,Increasing,NORMAL,None
2026-01-03 14:00:00,7.423,58.55,5.51,742.17,30.03,Increasing,NORMAL,None
2026-01-03 15:00:00,7.443,33.56,3.3,732.61,30.31,Decreasing,NORMAL,None
2026-01-03 16:00:00,7.248,160.01,6.42,744.06,30.4,Increasing,NORMAL,None
2026-01-03 17:00:00,7.213,60.45,5.52,726.29,29.07,Increasing,NORMAL,None
2026-01-03 18:00:00,7.424,30.0,6.4,708.5,29.53,Decreasing,NORMAL,None
2026-01-03 19:00:00,7.275,102.35,5.68,726.36,28.32,Increasing,NORMAL,None
2026-01-03 20:00:00,7.204,62.28,5.56,725.85,27.89,Increasing,NORMAL,None
2026-01-03 21:00:00,7.36,30.0,5.79,728.49,27.59,Decreasing,NORMAL,None
2026-01-03 22:00:00,7.433,30.0,6.14,737.84,27.73,Decreasing,NORMAL,None
2026-01-03 23:00:00,7.333,53.57,7.08,735.12,26.89,Decreasing,NORMAL,None
2026-01-04 00:00:00,7.406,135.13,9.63,744.34,26.87,Increasing,NORMAL,None
2026-01-04 01:00:00,7.239,94.38,10.84,746.01,27.07,Decreasing,NORMAL,None
2026-01-04 02:00:00,7.337,48.64,10.33,769.44,27.15,Decreasing,NORMAL,None
2026-01-04 03:00:00,7.283,32.85,8.43,782.45,28.03,Increasing,NORMAL,None
2026-01-04 04:00:00,7.328,87.6,8.32,785.21,28.08,Increasing,NORMAL,None
2026-01-04 05:00:00,7.459,30.0,8.17,767.62,28.48,Decreasing,NORMAL,None
2026-01-04 06:00:00,7.615,79.9,9.72,779.07,29.0,Decreasing,NORMAL,None
2026-01-04 07:00:00,7.267,64.15,9.23,795.9,29.22,Decreasing,NORMAL,None
2026-01-04 08:00:00,7.428,72.38,8.47,798.46,29.8,Increasing,NORMAL,None
2026-01-04 09:00:00,7.501,89.1,6.24,824.89,30.54,Increasing,NORMAL,None
2026-01-04 10:00:00,7.115,84.99,9.9,809.37,30.85,Stable,NORMAL,None
2026-01-04 11:00:00,7.544,55.5,8.06,767.33,30.96,Increasing,NORMAL,None
2026-01-04 12:00:00,7.389,52.87,6.81,751.21,30.61,Decreasing,NORMAL,None
2026-01-04 13:00:00,7.371,36.39,8.24,750.65,30.89,Decreasing,NORMAL,None
2026-01-04 14:00:00,7.182,102.94,8.78,755.89,30.69,Increasing,NORMAL,None
2026-01-04 15:00:00,7.358,81.74,8.15,773.66,30.45,Decreasing,NORMAL,None
2026-01-04 16:00:00,7.418,107.35,8.03,773.55,29.71,Increasing,NORMAL,None
2026-01-04 17:00:00,7.234,30.0,7.0,772.04,29.42,Decreasing,NORMAL,None
2026-01-04 18:00:00,7.245,63.23,5.49,795.71,29.17,Increasing,NORMAL,None
2026-01-04 19:00:00,7.344,52.62,10.79,790.19,28.18,Increasing,NORMAL,None
2026-01-04 20:00:00,7.258,49.6,11.03,793.74,28.37,Decreasing,NORMAL,None
2026-01-04 21:00:00,7.317,75.16,9.87,785.31,28.33,Decreasing,NORMAL,None
2026-01-04 22:00:00,7.389,64.8,8.31,777.78,28.1,Decreasing,NORMAL,None
2026-01-04 23:00:00,7.223,81.28,8.95,768.39,27.16,Increasing,NORMAL,None
2026-01-05 00:00:00,7.239,69.86,6.48,768.56,27.53,Increasing,NORMAL,None
2026-01-05 01:00:00,7.333,95.91,6.29,776.94,27.44,Increasing,NORMAL,None
2026-01-05 02:00:00,7.454,68.11,5.55,785.92,27.81,Increasing,NORMAL,None
2026-01-05 03:00:00,7.323,97.47,5.75,790.79,27.48,Increasing,NORMAL,None
2026-01-05 04:00:00,7.332,71.46,5.45,772.34,28.06,Increasing,NORMAL,None
2026-01-05 05:00:00,7.299,51.77,5.25,771.26,28.75,Decreasing,NORMAL,None
2026-01-05 06:00:00,7.256,76.43,5.18,766.68,29.14,Increasing,NORMAL,None
2026-01-05 07:00:00,7.375,30.0,3.89,764.57,29.37,Decreasing,NORMAL,None
2026-01-05 08:00:00,7.249,30.0,2.52,753.55,30.94,Decreasing,NORMAL,None
2026-01-05 09:00:00,7.387,30.0,5.07,743.55,30.36,Decreasing,NORMAL,None
2026-01-05 10:00:00,7.293,30.0,2.71,758.61,30.76,Decreasing,NORMAL,None
2026-01-05 11:00:00,7.15,38.21,2.21,721.47,30.89,Decreasing,NORMAL,None
2026-01-05 12:00:00,7.223,60.73,1.82,724.3,31.32,Decreasing,NORMAL,None
2026-01-05 13:00:00,7.39,37.38,2.76,738.02,30.79,Increasing,NORMAL,None
2026-01-05 14:00:00,7.461,63.93,6.65,737.35,30.81,Increasing,NORMAL,None
2026-01-05 15:00:00,7.338,60.65,6.05,738.01,30.21,Increasing,NORMAL,None
2026-01-05 16:00:00,7.382,87.19,4.89,758.28,30.18,Increasing,NORMAL,None
2026-01-05 17:00:00,7.384,58.8,8.49,769.41,30.0,Increasing,NORMAL,None
2026-01-05 18:00:00,7.344,73.94,6.94,779.52,29.36,Increasing,NORMAL,None
2026-01-05 19:00:00,7.319,51.34,7.27,782.25,28.61,Increasing,NORMAL,None
2026-01-05 20:00:00,7.39,51.03,6.64,797.19,28.62,Decreasing,NORMAL,None
2026-01-05 21:00:00,7.395,47.76,6.87,787.32,27.55,Decreasing,NORMAL,None
2026-01-05 22:00:00,7.216,98.77,6.9,805.45,27.66,Increasing,NORMAL,None
2026-01-05 23:00:00,7.369,30.0,6.68,792.86,27.64,Decreasing,NORMAL,None
2026-01-06 00:00:00,7.339,71.05,7.71,804.39,27.22,Decreasing,NORMAL,None
2026-01-06 01:00:00,7.41,110.41,7.73,802.75,28.17,Increasing,NORMAL,None
2026-01-06 02:00:00,7.172,67.77,8.98,809.82,27.41,Increasing,NORMAL,None
2026-01-06 03:00:00,7.289,131.91,9.01,816.38,28.0,Increasing,NORMAL,None
2026-01-06 04:00:00,7.271,64.71,8.34,821.62,27.9,Decreasing,NORMAL,None
2026-01-06 05:00:00,7.332,54.0,8.48,800.28,28.71,Increasing,NORMAL,None
2026-01-06 06:00:00,7.348,30.0,7.7,790.28,29.5,Decreasing,NORMAL,None
2026-01-06 07:00:00,7.256,60.34,8.38,796.64,29.28,Decreasing,NORMAL,None
2026-01-06 08:00:00,7.461,94.3,9.34,802.86,30.2,Increasing,NORMAL,None
2026-01-06 09:00:00,7.132,136.98,8.78,811.39,30.16,Increasing,NORMAL,None
2026-01-06 10:00:00,7.397,59.5,8.32,801.54,30.44,Decreasing,NORMAL,None
2026-01-06 11:00:00,7.372,45.91,7.91,807.88,31.06,Decreasing,NORMAL,None
2026-01-06 12:00:00,7.347,71.42,7.08,800.47,31.03,Increasing,NORMAL,None
2026-01-06 13:00:00,7.473,74.48,7.97,758.88,30.72,Increasing,NORMAL,None
2026-01-06 14:00:00,7.333,64.47,7.98,766.99,30.62,Decreasing,NORMAL,None
2026-01-06 15:00:00,7.329,74.92,5.99,765.82,30.25,Decreasing,NORMAL,None
2026-01-06 16:00:00,7.363,66.78,4.98,765.27,29.67,Increasing,NORMAL,None
2026-01-06 17:00:00,7.262,30.0,5.67,766.52,29.36,Decreasing,NORMAL,None
2026-01-06 18:00:00,7.309,92.29,5.13,796.49,29.6,Increasing,NORMAL,None
2026-01-06 19:00:00,7.3,66.93,5.69,804.89,28.94,Decreasing,NORMAL,None
2026-01-06 20:00:00,7.3,49.95,3.68,803.28,28.3,Decreasing,NORMAL,None
2026-01-06 21:00:00,7.259,36.3,3.32,798.42,28.49,Decreasing,NORMAL,None
2026-01-06 22:00:00,7.505,30.68,3.58,806.9,26.88,Decreasing,NORMAL,None
2026-01-06 23:00:00,7.542,30.0,3.02,817.19,27.13,Stable,NORMAL,None
2026-01-07 00:00:00,7.176,76.96,4.07,842.35,27.09,Decreasing,NORMAL,None
2026-01-07 01:00:00,7.462,30.0,3.22,817.52,27.38,Decreasing,NORMAL,None
2026-01-07 02:00:00,7.436,75.5,3.9,808.79,27.49,Increasing,NORMAL,None
2026-01-07 03:00:00,7.44,41.51,2.03,810.58,27.64,Increasing,NORMAL,None
2026-01-07 04:00:00,7.373,30.0,1.0,784.02,27.91,Stable,NORMAL,None
2026-01-07 05:00:00,7.429,56.22,1.57,780.15,28.22,Increasing,NORMAL,None
2026-01-07 06:00:00,7.276,30.0,1.97,791.71,29.3,Decreasing,NORMAL,None
2026-01-07 07:00:00,7.277,77.12,3.46,798.94,29.39,Increasing,NORMAL,None
2026-01-07 08:00:00,7.393,94.74,4.4,809.68,29.92,Increasing,NORMAL,None
2026-01-07 09:00:00,7.217,90.21,5.88,797.65,30.12,Increasing,NORMAL,None
2026-01-07 10:00:00,7.394,53.49,6.15,816.11,30.97,Increasing,NORMAL,None
2026-01-07 11:00:00,7.372,33.91,6.07,795.27,31.35,Decreasing,NORMAL,None
2026-01-07 12:00:00,7.52,45.7,7.04,804.6,31.01,Increasing,NORMAL,None
2026-01-07 13:00:00,7.399,30.0,6.6,769.46,30.57,Decreasing,NORMAL,None
2026-01-07 14:00:00,7.175,56.86,5.1,794.35,30.17,Decreasing,NORMAL,None
2026-01-07 15:00:00,7.212,30.0,4.66,772.07,30.58,Decreasing,NORMAL,None
2026-01-07 16:00:00,7.529,45.39,5.53,774.53,30.2,Decreasing,NORMAL,None
2026-01-07 17:00:00,7.383,69.43,5.8,768.84,30.07,Increasing,NORMAL,None
2026-01-07 18:00:00,7.395,30.0,4.96,797.79,28.78,Decreasing,NORMAL,None
2026-01-07 19:00:00,7.167,30.0,5.41,777.67,28.73,Stable,NORMAL,None
2026-01-07 20:00:00,7.437,85.09,6.01,742.42,28.23,Increasing,NORMAL,None
2026-01-07 21:00:00,7.386,38.17,6.49,748.86,27.97,Increasing,NORMAL,None
2026-01-07 22:00:00,7.405,77.27,6.63,733.5,27.29,Increasing,NORMAL,None
2026-01-07 23:00:00,7.414,53.41,6.26,730.45,28.0,Decreasing,NORMAL,None
2026-01-08 00:00:00,7.398,49.93,7.09,713.08,27.88,Increasing,NORMAL,None
2026-01-08 01:00:00,7.36,43.38,8.11,743.67,27.03,Increasing,NORMAL,None
2026-01-08 02:00:00,7.181,80.68,8.09,739.41,27.87,Decreasing,NORMAL,None
2026-01-08 03:00:00,7.206,84.85,6.53,757.56,27.94,Increasing,NORMAL,None
2026-01-08 04:00:00,7.327,49.64,5.81,763.64,28.11,Decreasing,NORMAL,None
2026-01-08 05:00:00,7.212,34.16,5.29,753.41,28.34,Decreasing,NORMAL,None
2026-01-08 06:00:00,7.413,71.43,4.73,759.06,29.27,Increasing,NORMAL,None
2026-01-08 07:00:00,7.329,52.9,5.39,755.05,29.81,Increasing,NORMAL,None
2026-01-08 08:00:00,7.339,43.41,6.17,773.62,29.92,Decreasing,NORMAL,None
2026-01-08 09:00:00,7.119,77.5,5.14,768.28,30.17,Decreasing,NORMAL,None
2026-01-08 10:00:00,7.405,52.29,4.15,763.07,30.7,Increasing,NORMAL,None
2026-01-08 11:00:00,7.299,66.38,4.17,755.05,30.8,Increasing,NORMAL,None
2026-01-08 12:00:00,7.38,55.02,4.74,745.22,30.74,Decreasing,NORMAL,None
2026-01-08 13:00:00,7.319,70.54,2.92,751.6,30.53,Increasing,NORMAL,None
2026-01-08 14:00:00,7.476,51.91,4.25,740.7,31.05,Increasing,NORMAL,None
2026-01-08 15:00:00,7.396,58.11,4.11,737.4,30.38,Decreasing,NORMAL,None
2026-01-08 16:00:00,7.339,48.06,3.99,759.01,30.34,Decreasing,NORMAL,None
2026-01-08 17:00:00,7.217,95.82,4.14,770.96,29.12,Increasing,NORMAL,None
2026-01-08 18:00:00,7.511,59.8,4.72,752.33,29.39,Increasing,NORMAL,None
2026-01-08 19:00:00,7.413,44.4,3.71,771.62,29.33,Decreasing,NORMAL,None
2026-01-08 20:00:00,7.265,62.69,3.53,774.92,28.27,Increasing,NORMAL,None
2026-01-08 21:00:00,7.309,30.0,5.55,780.36,28.59,Decreasing,NORMAL,None
2026-01-08 22:00:00,7.358,62.16,6.51,761.26,27.49,Increasing,NORMAL,None
2026-01-08 23:00:00,7.487,71.56,4.51,753.29,27.35,Decreasing,NORMAL,None
2026-01-09 00:00:00,7.296,71.98,5.44,753.53,27.19,Increasing,NORMAL,None
2026-01-09 01:00:00,7.237,73.95,4.98,747.67,27.42,Increasing,NORMAL,None
2026-01-09 02:00:00,7.376,101.47,7.09,746.77,27.71,Increasing,NORMAL,None
2026-01-09 03:00:00,7.244,41.16,7.66,740.62,28.12,Increasing,NORMAL,None
2026-01-09 04:00:00,7.405,81.6,6.83,740.11,28.08,Increasing,NORMAL,None
2026-01-09 05:00:00,7.142,119.16,5.16,735.9,29.2,Increasing,NORMAL,None
2026-01-09 06:00:00,7.332,66.72,8.17,755.34,28.93,Decreasing,NORMAL,None
2026-01-09 07:00:00,7.144,51.9,8.46,737.07,30.16,Decreasing,NORMAL,None
2026-01-09 08:00:00,7.373,86.87,9.96,724.43,30.38,Decreasing,NORMAL,None
2026-01-09 09:00:00,7.331,136.84,11.25,745.48,30.26,Increasing,NORMAL,None
2026-01-09 10:00:00,7.381,30.0,11.57,750.03,30.91,Decreasing,NORMAL,None
2026-01-09 11:00:00,7.209,107.04,11.68,746.89,30.87,Decreasing,NORMAL,None
2026-01-09 12:00:00,7.276,44.7,11.22,766.78,31.03,Decreasing,NORMAL,None
2026-01-09 13:00:00,7.403,67.89,11.48,767.75,31.18,Increasing,NORMAL,None
2026-01-09 14:00:00,7.154,77.63,10.79,763.9,31.04,Decreasing,NORMAL,None
2026-01-09 15:00:00,7.371,46.59,9.97,763.45,30.73,Decreasing,NORMAL,None
2026-01-09 16:00:00,7.352,88.38,9.97,754.98,30.19,Increasing,NORMAL,None
2026-01-09 17:00:00,7.349,42.83,9.93,761.76,29.74,Decreasing,NORMAL,None
2026-01-09 18:00:00,7.289,43.25,8.54,744.49,29.45,Decreasing,NORMAL,None
2026-01-09 19:00:00,7.293,91.39,8.1,749.59,28.66,Increasing,NORMAL,None
2026-01-09 20:00:00,7.371,105.21,7.62,736.45,28.55,Increasing,NORMAL,None
2026-01-09 21:00:00,7.386,83.99,6.09,753.93,27.6,Increasing,NORMAL,None
2026-01-09 22:00:00,7.162,72.79,6.28,748.05,27.22,Decreasing,NORMAL,None
2026-01-09 23:00:00,7.317,66.1,6.65,746.9,27.71,Increasing,NORMAL,None
2026-01-10 00:00:00,7.362,71.61,5.52,759.37,27.01,Increasing,NORMAL,None
2026-01-10 01:00:00,7.185,53.72,3.96,775.75,27.75,Decreasing,NORMAL,None
2026-01-10 02:00:00,7.313,88.42,11.03,778.12,27.93,Decreasing,NORMAL,None
2026-01-10 03:00:00,7.319,94.32,8.79,777.17,28.21,Increasing,NORMAL,None
2026-01-10 04:00:00,7.249,99.25,8.2,769.65,28.19,Increasing,NORMAL,None
2026-01-10 05:00:00,7.263,32.39,7.55,771.95,28.94,Decreasing,NORMAL,None
2026-01-10 06:00:00,7.279,43.07,8.6,778.78,29.77,Decreasing,NORMAL,None
2026-01-10 07:00:00,7.362,30.0,10.0,766.74,29.83,Decreasing,NORMAL,None
2026-01-10 08:00:00,7.277,90.34,6.73,774.87,29.79,Stable,NORMAL,None
2026-01-10 09:00:00,7.248,56.94,5.12,781.12,30.44,Decreasing,NORMAL,None
2026-01-10 10:00:00,7.378,39.58,3.74,767.87,30.1,Decreasing,NORMAL,None
2026-01-10 11:00:00,7.32,45.77,4.93,765.94,30.95,Increasing,NORMAL,None
2026-01-10 12:00:00,7.548,52.9,5.93,792.07,31.07,Increasing,NORMAL,None
2026-01-10 13:00:00,7.413,84.29,7.06,813.12,31.07,Increasing,NORMAL,None
2026-01-10 14:00:00,7.433,56.16,6.69,801.15,30.98,Decreasing,NORMAL,None
2026-01-10 15:00:00,7.412,100.61,4.58,809.23,30.36,Increasing,NORMAL,None
2026-01-10 16:00:00,7.38,91.49,4.3,808.11,29.74,Increasing,NORMAL,None
2026-01-10 17:00:00,7.559,65.81,3.37,795.88,30.12,Increasing,NORMAL,None
2026-01-10 18:00:00,7.443,34.91,3.34,805.91,29.12,Decreasing,NORMAL,None
2026-01-10 19:00:00,7.461,63.54,6.4,818.28,29.11,Decreasing,NORMAL,None
2026-01-10 20:00:00,7.437,67.95,5.19,828.86,28.39,Increasing,NORMAL,None
2026-01-10 21:00:00,7.47,78.57,6.53,835.55,27.93,Decreasing,NORMAL,None
2026-01-10 22:00:00,7.234,69.25,5.47,847.78,27.6,Decreasing,NORMAL,None
2026-01-10 23:00:00,7.215,70.63,6.35,855.08,27.3,Increasing,NORMAL,None
2026-01-11 00:00:00,7.358,71.58,6.01,863.4,27.95,Increasing,NORMAL,None
2026-01-11 01:00:00,7.49,88.24,5.95,857.19,27.56,Increasing,NORMAL,None
2026-01-11 02:00:00,7.348,55.01,6.19,835.95,28.21,Decreasing,NORMAL,None
2026-01-11 03:00:00,7.347,53.22,7.12,809.95,28.19,Decreasing,NORMAL,None
2026-01-11 04:00:00,7.444,80.67,9.09,827.46,28.69,Increasing,NORMAL,None
2026-01-11 05:00:00,7.316,66.67,10.12,811.2,28.53,Decreasing,NORMAL,None
2026-01-11 06:00:00,7.455,63.22,9.85,793.66,29.52,Decreasing,NORMAL,None
2026-01-11 07:00:00,7.485,76.69,10.79,791.12,29.72,Decreasing,NORMAL,None
2026-01-11 08:00:00,7.212,59.87,7.87,790.64,30.29,Increasing,NORMAL,None
2026-01-11 09:00:00,7.521,71.85,7.19,790.26,30.26,Increasing,NORMAL,None
2026-01-11 10:00:00,7.206,85.35,10.02,777.5,30.88,Increasing,NORMAL,None
2026-01-11 11:00:00,7.412,69.3,7.45,743.61,30.98,Increasing,NORMAL,None
2026-01-11 12:00:00,7.319,70.12,6.95,759.41,31.25,Increasing,NORMAL,None
2026-01-11 13:00:00,7.373,65.71,6.36,763.44,30.65,Decreasing,NORMAL,None
2026-01-11 14:00:00,7.034,151.23,26.85,768.26,31.14,Increasing,NORMAL,None
2026-01-11 15:00:00,7.396,129.01,24.34,766.82,30.26,Increasing,NORMAL,None
2026-01-11 16:00:00,7.399,107.03,19.99,762.04,30.1,Increasing,NORMAL,None
2026-01-11 17:00:00,7.219,95.83,19.16,777.4,30.05,Increasing,NORMAL,None
2026-01-11 18:00:00,7.37,96.73,16.87,768.63,29.77,Increasing,NORMAL,None
2026-01-11 19:00:00,7.223,103.91,14.82,766.83,29.2,Increasing,NORMAL,None
2026-01-11 20:00:00,7.437,89.8,13.93,787.74,28.69,Decreasing,NORMAL,None
2026-01-11 21:00:00,7.381,81.49,12.39,776.07,27.75,Decreasing,NORMAL,None
2026-01-11 22:00:00,7.497,67.62,10.11,791.47,27.73,Decreasing,NORMAL,None
2026-01-11 23:00:00,7.442,62.34,8.35,790.85,27.31,Decreasing,NORMAL,None
2026-01-12 00:00:00,7.284,63.77,7.31,776.16,27.99,Decreasing,NORMAL,None
2026-01-12 01:00:00,7.683,55.55,7.37,782.96,27.76,Decreasing,NORMAL,None
2026-01-12 02:00:00,7.514,30.89,6.69,793.99,28.25,Decreasing,NORMAL,None
2026-01-12 03:00:00,7.278,30.12,5.28,760.64,28.17,Decreasing,NORMAL,None
2026-01-12 04:00:00,7.374,30.0,3.14,774.32,28.34,Decreasing,NORMAL,None
2026-01-12 05:00:00,7.375,66.46,1.96,764.33,29.28,Increasing,NORMAL,None
2026-01-12 06:00:00,7.279,76.38,2.92,764.46,29.29,Increasing,NORMAL,None
2026-01-12 07:00:00,7.327,47.28,5.2,763.7,30.33,Decreasing,NORMAL,None
2026-01-12 08:00:00,7.424,30.0,5.68,771.32,29.96,Stable,NORMAL,None
2026-01-12 09:00:00,7.173,63.63,7.31,783.09,30.36,Increasing,NORMAL,None
2026-01-12 10:00:00,7.461,38.68,6.87,793.88,30.63,Increasing,NORMAL,None
2026-01-12 11:00:00,7.385,30.0,5.22,786.17,31.28,Decreasing,NORMAL,None
2026-01-12 12:00:00,7.361,52.62,15.01,799.46,30.76,Decreasing,NORMAL,None
2026-01-12 13:00:00,7.29,108.52,13.81,811.68,30.74,Increasing,NORMAL,None
2026-01-12 14:00:00,7.401,78.24,12.53,814.41,30.95,Increasing,NORMAL,None
2026-01-12 15:00:00,7.335,86.62,12.23,789.01,30.68,Increasing,NORMAL,None
2026-01-12 16:00:00,7.401,116.59,9.77,776.65,30.39,Increasing,NORMAL,None
2026-01-12 17:00:00,7.452,41.4,10.69,786.07,29.5,Increasing,NORMAL,None
2026-01-12 18:00:00,7.393,57.86,8.96,768.42,29.19,Increasing,NORMAL,None
2026-01-12 19:00:00,7.358,81.93,8.49,759.42,28.67,Decreasing,NORMAL,None
2026-01-12 20:00:00,7.502,87.7,9.14,767.2,28.12,Increasing,NORMAL,None
2026-01-12 21:00:00,7.229,91.43,9.03,785.49,27.7,Increasing,NORMAL,None
2026-01-12 22:00:00,7.5,38.96,8.62,786.41,27.31,Decreasing,NORMAL,None
2026-01-12 23:00:00,7.421,106.97,6.95,793.13,27.45,Increasing,NORMAL,None
2026-01-13 00:00:00,7.428,30.0,6.71,783.53,27.21,Decreasing,NORMAL,None
2026-01-13 01:00:00,7.319,66.54,6.83,788.61,28.12,Decreasing,NORMAL,None
2026-01-13 02:00:00,7.36,74.35,7.79,788.91,27.74,Decreasing,NORMAL,None
2026-01-13 03:00:00,7.473,126.21,5.64,813.42,27.85,Increasing,NORMAL,None
2026-01-13 04:00:00,7.293,46.04,4.08,796.28,28.68,Increasing,NORMAL,None
2026-01-13 05:00:00,7.358,71.63,3.0,803.31,29.14,Decreasing,NORMAL,None
2026-01-13 06:00:00,7.477,61.67,1.0,811.87,30.06,Increasing,NORMAL,None
2026-01-13 07:00:00,7.535,37.11,1.0,794.96,30.17,Decreasing,NORMAL,None
2026-01-13 08:00:00,7.32,48.04,1.89,795.39,30.28,Decreasing,NORMAL,None
2026-01-13 09:00:00,7.364,30.0,1.39,768.65,30.68,Decreasing,NORMAL,None
2026-01-13 10:00:00,7.319,56.59,2.57,796.38,30.66,Increasing,NORMAL,None
2026-01-13 11:00:00,7.389,35.83,1.46,810.25,30.99,Decreasing,NORMAL,None
2026-01-13 12:00:00,7.277,30.0,1.95,787.3,31.13,Decreasing,NORMAL,None
2026-01-13 13:00:00,7.161,59.49,2.08,766.66,30.78,Increasing,NORMAL,None
2026-01-13 14:00:00,7.309,35.74,2.5,771.69,31.07,Decreasing,NORMAL,None
2026-01-13 15:00:00,7.286,30.0,2.82,754.11,30.5,Stable,NORMAL,None
2026-01-13 16:00:00,7.383,38.65,11.21,758.04,30.3,Decreasing,NORMAL,None
2026-01-13 17:00:00,7.351,54.05,9.1,736.54,29.96,Increasing,NORMAL,None
2026-01-13 18:00:00,7.41,113.07,7.81,768.78,29.03,Increasing,NORMAL,None
2026-01-13 19:00:00,7.524,85.48,7.19,786.51,29.09,Increasing,NORMAL,None
2026-01-13 20:00:00,7.243,34.66,5.73,781.73,28.76,Decreasing,NORMAL,None
2026-01-13 21:00:00,7.31,44.76,4.91,772.82,27.98,Increasing,NORMAL,None
2026-01-13 22:00:00,7.294,84.78,6.14,772.39,27.5,Increasing,NORMAL,None
2026-01-13 23:00:00,7.231,78.21,12.94,754.95,27.49,Increasing,NORMAL,None
2026-01-14 00:00:00,7.356,122.36,12.21,755.33,27.63,Increasing,NORMAL,None
2026-01-14 01:00:00,7.278,132.87,14.33,767.07,27.3,Increasing,NORMAL,None
2026-01-14 02:00:00,7.525,31.65,11.84,762.29,27.62,Decreasing,NORMAL,None
2026-01-14 03:00:00,7.378,91.63,11.33,773.04,27.93,Increasing,NORMAL,None
2026-01-14 04:00:00,7.421,63.24,9.22,788.76,28.85,Decreasing,NORMAL,None
2026-01-14 05:00:00,7.394,79.86,9.1,756.86,29.18,Stable,NORMAL,None
2026-01-14 06:00:00,7.246,46.94,9.44,746.06,29.77,Decreasing,NORMAL,None
2026-01-14 07:00:00,7.281,94.05,9.2,754.59,29.05,Decreasing,NORMAL,None
2026-01-14 08:00:00,7.428,46.51,7.48,773.66,30.23,Increasing,NORMAL,None
2026-01-14 09:00:00,7.464,75.77,6.35,784.22,30.73,Decreasing,NORMAL,None
2026-01-14 10:00:00,7.339,73.03,5.14,778.4,30.82,Increasing,NORMAL,None
2026-01-14 11:00:00,7.33,70.99,6.37,776.84,31.29,Decreasing,NORMAL,None
2026-01-14 12:00:00,7.348,101.33,8.36,817.69,31.54,Increasing,NORMAL,None
2026-01-14 13:00:00,7.26,63.15,9.18,838.0,31.73,Decreasing,NORMAL,None
2026-01-14 14:00:00,7.465,115.6,9.19,834.37,30.96,Increasing,NORMAL,None
2026-01-14 15:00:00,7.166,39.78,8.27,816.99,30.89,Decreasing,NORMAL,None
2026-01-14 16:00:00,7.144,79.07,14.74,833.2,30.59,Increasing,NORMAL,None
2026-01-14 17:00:00,7.229,139.07,15.31,825.47,29.51,Increasing,NORMAL,None
2026-01-14 18:00:00,7.36,114.6,13.78,849.56,29.58,Increasing,NORMAL,None
2026-01-14 19:00:00,7.38,68.27,14.01,835.03,29.56,Increasing,NORMAL,None
2026-01-14 20:00:00,7.227,88.21,11.48,816.31,28.39,Decreasing,NORMAL,None
2026-01-14 21:00:00,7.352,92.84,10.98,821.29,27.77,Increasing,NORMAL,None
2026-01-14 22:00:00,7.171,95.78,11.5,822.77,27.62,Increasing,NORMAL,None
2026-01-14 23:00:00,7.427,40.06,10.72,788.18,27.69,Decreasing,NORMAL,None
2026-01-15 00:00:00,7.441,53.38,10.62,780.63,27.75,Decreasing,NORMAL,None
2026-01-15 01:00:00,7.173,80.13,11.08,776.12,27.76,Increasing,NORMAL,None
2026-01-15 02:00:00,7.272,85.23,9.44,768.11,27.87,Decreasing,NORMAL,None
2026-01-15 03:00:00,7.449,67.28,8.83,763.19,27.55,Decreasing,NORMAL,None
2026-01-15 04:00:00,7.448,73.57,8.04,759.9,27.91,Decreasing,NORMAL,None
2026-01-15 05:00:00,7.254,65.35,9.17,759.81,28.79,Increasing,NORMAL,None
2026-01-15 06:00:00,7.357,81.3,8.29,786.43,29.79,Increasing,NORMAL,None
2026-01-15 07:00:00,7.474,35.0,7.45,762.84,29.61,Decreasing,NORMAL,None
2026-01-15 08:00:00,7.524,70.64,7.18,762.53,30.35,Decreasing,NORMAL,None
2026-01-15 09:00:00,7.403,71.96,5.72,789.8,30.75,Increasing,NORMAL,None
2026-01-15 10:00:00,7.31,79.87,6.44,800.91,31.0,Increasing,NORMAL,None
2026-01-15 11:00:00,7.412,64.49,6.9,822.94,30.94,Stable,NORMAL,None
2026-01-15 12:00:00,7.458,55.62,6.75,808.08,31.04,Decreasing,NORMAL,None
2026-01-15 13:00:00,7.556,30.0,4.52,796.71,31.07,Decreasing,NORMAL,None
2026-01-15 14:00:00,7.273,80.42,4.07,797.76,30.94,Increasing,NORMAL,None
2026-01-15 15:00:00,7.315,64.99,3.13,801.22,30.39,Decreasing,NORMAL,None
2026-01-15 16:00:00,7.477,30.0,3.05,797.27,30.6,Decreasing,NORMAL,None
2026-01-15 17:00:00,7.162,67.55,3.82,807.04,30.01,Increasing,NORMAL,None
2026-01-15 18:00:00,7.201,65.73,3.12,790.3,29.48,Increasing,NORMAL,None
2026-01-15 19:00:00,7.335,30.0,1.17,783.22,29.75,Stable,NORMAL,None
2026-01-15 20:00:00,7.19,30.0,2.63,798.93,28.89,Decreasing,NORMAL,None
2026-01-15 21:00:00,7.33,36.23,2.33,774.85,28.5,Decreasing,NORMAL,None
2026-01-15 22:00:00,7.19,69.31,2.24,782.26,27.83,Increasing,NORMAL,None
2026-01-15 23:00:00,7.123,92.67,1.47,820.22,27.2,Increasing,NORMAL,None
2026-01-16 00:00:00,7.426,73.22,1.0,807.65,27.68,Increasing,NORMAL,None
2026-01-16 01:00:00,7.283,51.62,1.0,787.73,27.28,Increasing,NORMAL,None
2026-01-16 02:00:00,7.485,33.78,1.0,771.54,28.22,Increasing,NORMAL,None
2026-01-16 03:00:00,7.333,30.0,1.0,742.09,28.05,Decreasing,NORMAL,None
2026-01-16 04:00:00,7.437,30.0,1.0,735.54,28.64,Decreasing,NORMAL,None
2026-01-16 05:00:00,7.441,30.0,1.0,774.29,29.68,Decreasing,NORMAL,None
2026-01-16 06:00:00,7.315,30.0,1.0,773.1,29.24,Decreasing,NORMAL,None
2026-01-16 07:00:00,7.443,63.99,1.0,762.68,30.05,Increasing,NORMAL,None
2026-01-16 08:00:00,7.316,71.83,1.0,760.45,29.92,Increasing,NORMAL,None
2026-01-16 09:00:00,7.433,66.88,1.0,763.48,30.87,Increasing,NORMAL,None
2026-01-16 10:00:00,7.203,90.42,1.0,763.6,31.44,Increasing,NORMAL,None
2026-01-16 11:00:00,7.283,50.08,1.0,760.95,31.25,Increasing,NORMAL,None
2026-01-16 12:00:00,7.267,93.75,2.31,773.21,31.04,Increasing,NORMAL,None
2026-01-16 13:00:00,7.299,70.9,4.36,775.03,31.21,Increasing,NORMAL,None
2026-01-16 14:00:00,7.431,79.38,7.28,780.92,31.23,Increasing,NORMAL,None
2026-01-16 15:00:00,7.265,64.29,8.2,757.71,30.51,Decreasing,NORMAL,None
2026-01-16 16:00:00,7.499,71.45,6.7,758.7,30.13,Decreasing,NORMAL,None
2026-01-16 17:00:00,7.425,35.92,5.63,759.99,29.98,Decreasing,NORMAL,None
2026-01-16 18:00:00,7.283,60.57,6.03,774.31,29.28,Decreasing,NORMAL,None
2026-01-16 19:00:00,7.462,51.56,6.07,764.1,28.57,Decreasing,NORMAL,None
2026-01-16 20:00:00,7.415,70.77,6.29,779.36,28.09,Decreasing,NORMAL,None
2026-01-16 21:00:00,7.267,79.27,6.45,782.42,28.08,Increasing,NORMAL,None
2026-01-16 22:00:00,7.403,78.2,6.91,775.48,28.46,Increasing,NORMAL,None
2026-01-16 23:00:00,7.285,65.81,5.01,763.35,27.29,Increasing,NORMAL,None
2026-01-17 00:00:00,7.411,56.03,6.3,763.89,27.67,Decreasing,NORMAL,None
2026-01-17 01:00:00,7.511,30.0,6.86,769.25,27.55,Decreasing,NORMAL,None
2026-01-17 02:00:00,7.367,87.52,5.3,776.0,27.71,Increasing,NORMAL,None
2026-01-17 03:00:00,7.212,30.0,4.3,766.49,28.23,Decreasing,NORMAL,None
2026-01-17 04:00:00,7.268,70.4,4.08,775.41,28.57,Decreasing,NORMAL,None
2026-01-17 05:00:00,7.366,57.91,3.75,772.1,29.03,Decreasing,NORMAL,None
2026-01-17 06:00:00,7.451,56.53,3.04,780.57,29.5,Stable,NORMAL,None
2026-01-17 07:00:00,7.267,52.04,2.7,778.98,29.88,Increasing,NORMAL,None
2026-01-17 08:00:00,7.48,67.43,3.56,769.3,30.11,Decreasing,NORMAL,None
2026-01-17 09:00:00,7.334,72.56,3.32,771.72,30.65,Increasing,NORMAL,None
2026-01-17 10:00:00,7.238,90.01,3.37,783.92,31.14,Increasing,NORMAL,None
2026-01-17 11:00:00,7.332,30.0,1.75,758.03,31.72,Decreasing,NORMAL,None
2026-01-17 12:00:00,7.428,70.65,3.87,796.95,31.03,Increasing,NORMAL,None
2026-01-17 13:00:00,7.312,30.0,3.48,781.74,30.79,Decreasing,NORMAL,None
2026-01-17 14:00:00,7.334,107.07,8.79,778.71,31.33,Increasing,NORMAL,None
2026-01-17 15:00:00,7.418,95.32,7.85,789.8,30.68,Increasing,NORMAL,None
2026-01-17 16:00:00,7.41,30.0,6.89,764.24,30.32,Decreasing,NORMAL,None
2026-01-17 17:00:00,7.179,93.81,6.66,762.79,29.78,Increasing,NORMAL,None
2026-01-17 18:00:00,7.368,71.65,5.2,758.46,28.99,Stable,NORMAL,None
2026-01-17 19:00:00,7.418,30.0,6.35,755.03,29.2,Stable,NORMAL,None
2026-01-17 20:00:00,7.412,36.87,5.68,734.16,28.86,Decreasing,NORMAL,None
2026-01-17 21:00:00,7.49,49.1,6.88,743.5,27.98,Decreasing,NORMAL,None
2026-01-17 22:00:00,7.29,123.37,6.22,759.07,27.4,Increasing,NORMAL,None
2026-01-17 23:00:00,7.315,41.54,7.99,742.39,27.72,Decreasing,NORMAL,None
2026-01-18 00:00:00,7.285,30.0,8.51,753.63,27.59,Decreasing,NORMAL,None
2026-01-18 01:00:00,7.257,80.09,8.97,773.07,27.69,Increasing,NORMAL,None
2026-01-18 02:00:00,7.432,58.27,18.79,771.82,28.17,Increasing,NORMAL,None
2026-01-18 03:00:00,7.369,89.22,17.98,773.58,28.27,Increasing,NORMAL,None
2026-01-18 04:00:00,7.485,101.61,17.45,768.35,28.75,Decreasing,NORMAL,None
2026-01-18 05:00:00,7.177,115.58,16.92,769.29,28.47,Increasing,NORMAL,None
2026-01-18 06:00:00,7.365,82.63,14.58,802.35,30.07,Increasing,NORMAL,None
2026-01-18 07:00:00,7.309,106.33,14.1,783.96,29.43,Increasing,NORMAL,None
2026-01-18 08:00:00,7.321,45.63,13.86,756.86,29.89,Decreasing,NORMAL,None
2026-01-18 09:00:00,7.189,102.45,14.72,767.49,30.56,Increasing,NORMAL,None
2026-01-18 10:00:00,7.364,130.14,13.84,794.41,30.98,Increasing,NORMAL,None
2026-01-18 11:00:00,7.229,68.7,11.13,784.58,31.47,Decreasing,NORMAL,None
2026-01-18 12:00:00,7.25,135.55,9.48,821.61,31.38,Increasing,NORMAL,None
2026-01-18 13:00:00,7.147,88.57,9.89,840.29,31.55,Decreasing,NORMAL,None
2026-01-18 14:00:00,7.232,42.53,7.95,814.77,31.19,Decreasing,NORMAL,None
2026-01-18 15:00:00,7.369,53.47,6.53,802.71,30.91,Decreasing,NORMAL,None
2026-01-18 16:00:00,7.442,30.0,6.55,807.42,30.34,Decreasing,NORMAL,None
2026-01-18 17:00:00,7.435,83.08,7.82,820.01,29.92,Increasing,NORMAL,None
2026-01-18 18:00:00,7.452,49.87,7.51,816.98,29.77,Decreasing,NORMAL,None
2026-01-18 19:00:00,7.249,40.03,7.1,813.92,29.3,Decreasing,NORMAL,None
2026-01-18 20:00:00,7.426,65.51,5.82,831.4,28.36,Increasing,NORMAL,None
2026-01-18 21:00:00,7.245,98.24,7.05,834.41,27.96,Increasing,NORMAL,None
2026-01-18 22:00:00,7.432,95.73,5.17,849.92,28.07,Increasing,NORMAL,None
2026-01-18 23:00:00,7.504,30.0,3.88,832.79,27.65,Decreasing,NORMAL,None
2026-01-19 00:00:00,7.259,73.85,5.13,837.54,27.84,Increasing,NORMAL,None
2026-01-19 01:00:00,7.395,80.81,4.62,851.55,27.79,Increasing,NORMAL,None
2026-01-19 02:00:00,7.411,108.79,5.04,843.02,28.49,Increasing,NORMAL,None
2026-01-19 03:00:00,7.282,97.33,5.79,846.52,27.83,Stable,NORMAL,None
2026-01-19 04:00:00,7.295,82.55,6.37,871.35,28.33,Decreasing,NORMAL,None
2026-01-19 05:00:00,7.414,55.61,6.05,857.7,29.03,Increasing,NORMAL,None
2026-01-19 06:00:00,7.425,71.58,7.86,881.48,29.62,Decreasing,NORMAL,None
2026-01-19 07:00:00,7.447,60.36,6.25,868.68,30.12,Decreasing,NORMAL,None
2026-01-19 08:00:00,7.206,31.11,5.26,849.62,30.1,Decreasing,NORMAL,None
2026-01-19 09:00:00,7.241,45.83,4.34,860.76,30.97,Decreasing,NORMAL,None
2026-01-19 10:00:00,7.427,39.76,5.02,867.29,30.96,Decreasing,NORMAL,None
2026-01-19 11:00:00,7.565,53.25,5.08,853.27,31.06,Decreasing,NORMAL,None
2026-01-19 12:00:00,7.258,55.05,5.0,836.15,30.71,Decreasing,NORMAL,None
2026-01-19 13:00:00,7.477,75.68,6.95,832.94,31.15,Increasing,NORMAL,None
2026-01-19 14:00:00,7.18,72.18,4.79,837.99,31.13,Increasing,NORMAL,None
2026-01-19 15:00:00,7.214,30.0,4.54,847.56,30.49,Decreasing,NORMAL,None
2026-01-19 16:00:00,7.359,71.44,5.29,845.41,30.34,Increasing,NORMAL,None
2026-01-19 17:00:00,7.483,49.55,4.45,838.03,29.34,Decreasing,NORMAL,None
2026-01-19 18:00:00,7.352,41.25,2.79,798.4,29.36,Decreasing,NORMAL,None
2026-01-19 19:00:00,7.47,33.7,2.03,757.66,29.12,Decreasing,NORMAL,None
2026-01-19 20:00:00,7.198,30.66,2.64,782.14,28.62,Decreasing,NORMAL,None
2026-01-19 21:00:00,7.379,30.0,3.49,759.52,28.16,Stable,NORMAL,None
2026-01-19 22:00:00,7.398,43.93,1.9,767.29,28.11,Decreasing,NORMAL,None
2026-01-19 23:00:00,7.415,30.0,2.61,760.56,27.64,Decreasing,NORMAL,None
2026-01-20 00:00:00,7.516,64.12,2.86,784.43,27.3,Increasing,NORMAL,None
2026-01-20 01:00:00,7.466,30.0,3.15,770.92,27.54,Decreasing,NORMAL,None
2026-01-20 02:00:00,7.4,80.61,5.27,782.66,27.75,Increasing,NORMAL,None
2026-01-20 03:00:00,7.508,30.62,4.03,766.15,28.12,Stable,NORMAL,None
2026-01-20 04:00:00,7.333,42.73,3.3,743.3,29.19,Stable,NORMAL,None
2026-01-20 05:00:00,7.206,30.0,2.81,756.31,29.41,Stable,NORMAL,None
2026-01-20 06:00:00,7.279,32.39,2.34,752.72,29.35,Decreasing,NORMAL,None
2026-01-20 07:00:00,7.332,57.92,1.0,738.19,29.97,Increasing,NORMAL,None
2026-01-20 08:00:00,7.131,43.84,2.44,739.02,30.42,Decreasing,NORMAL,None
2026-01-20 09:00:00,7.515,52.43,3.89,728.01,30.24,Increasing,NORMAL,None
2026-01-20 10:00:00,7.391,42.43,2.84,720.51,30.71,Stable,NORMAL,None
2026-01-20 11:00:00,7.353,30.0,3.24,727.94,31.66,Stable,NORMAL,None
2026-01-20 12:00:00,7.197,76.33,3.19,731.94,31.78,Increasing,NORMAL,None
2026-01-20 13:00:00,7.309,39.47,4.24,714.86,31.48,Decreasing,NORMAL,None
2026-01-20 14:00:00,7.283,49.22,5.12,705.59,31.02,Increasing,NORMAL,None
2026-01-20 15:00:00,7.38,70.05,5.33,724.22,30.96,Increasing,NORMAL,None
2026-01-20 16:00:00,7.04,98.23,7.8,742.06,30.34,Increasing,NORMAL,None
2026-01-20 17:00:00,7.138,139.04,7.16,757.53,30.19,Increasing,NORMAL,None
2026-01-20 18:00:00,7.401,74.43,6.08,769.46,29.4,Stable,NORMAL,None
2026-01-20 19:00:00,7.447,89.17,4.45,782.53,28.9,Increasing,NORMAL,None
2026-01-20 20:00:00,7.272,94.04,3.9,788.09,28.51,Increasing,NORMAL,None
2026-01-20 21:00:00,7.483,70.64,3.73,773.14,28.23,Stable,NORMAL,None
2026-01-20 22:00:00,7.269,128.88,8.28,775.28,28.11,Increasing,NORMAL,None
2026-01-20 23:00:00,7.297,71.05,8.68,798.31,28.23,Decreasing,NORMAL,None
2026-01-21 00:00:00,7.326,49.92,8.94,791.93,27.59,Decreasing,NORMAL,None
2026-01-21 01:00:00,7.351,103.16,17.79,797.3,27.45,Increasing,NORMAL,None
2026-01-21 02:00:00,7.35,79.84,16.9,798.31,28.54,Decreasing,NORMAL,None
2026-01-21 03:00:00,7.459,102.98,14.2,806.71,27.95,Increasing,NORMAL,None
2026-01-21 04:00:00,7.292,89.32,13.33,811.44,29.08,Decreasing,NORMAL,None
2026-01-21 05:00:00,7.321,51.82,12.42,804.07,28.91,Decreasing,NORMAL,None
2026-01-21 06:00:00,7.313,50.33,10.46,802.88,29.78,Stable,NORMAL,None
2026-01-21 07:00:00,7.383,46.36,10.43,780.83,29.72,Decreasing,NORMAL,None
2026-01-21 08:00:00,7.33,94.23,18.21,811.5,30.33,Increasing,NORMAL,None
2026-01-21 09:00:00,7.111,125.05,17.95,839.02,30.53,Increasing,NORMAL,None
2026-01-21 10:00:00,7.196,88.17,17.26,817.42,31.04,Stable,NORMAL,None
2026-01-21 11:00:00,7.431,157.65,37.9,958.96,32.14,Increasing,NORMAL,None
2026-01-21 12:00:00,7.512,299.86,65.71,1137.87,32.63,Increasing,NORMAL,None
2026-01-21 13:00:00,7.54,402.73,96.65,1340.97,33.24,Increasing,NORMAL,None
2026-01-21 14:00:00,7.796,535.87,127.46,1536.09,33.83,Increasing,SPIKE/ABNORMAL,TDS
2026-01-21 15:00:00,7.934,562.11,156.54,1711.03,33.6,Increasing,SPIKE/ABNORMAL,TDS
2026-01-21 16:00:00,8.201,696.78,180.61,1874.26,34.47,Increasing,SPIKE/ABNORMAL,"COD, TDS"
2026-01-21 17:00:00,8.356,787.75,200.51,2000.6,34.64,Increasing,SPIKE/ABNORMAL,"BOD, COD, TDS"
2026-01-21 18:00:00,8.123,840.09,217.63,2109.13,34.18,Increasing,SPIKE/ABNORMAL,"BOD, COD, TDS"
2026-01-21 19:00:00,8.395,874.05,226.96,2173.56,34.29,Increasing,SPIKE/ABNORMAL,"BOD, COD, TDS"
2026-01-21 20:00:00,8.157,892.28,233.07,2207.64,33.67,Increasing,SPIKE/ABNORMAL,"BOD, COD, TDS"
2026-01-21 21:00:00,8.431,921.47,231.73,2206.88,33.36,Increasing,SPIKE/ABNORMAL,"BOD, COD, TDS"
2026-01-21 22:00:00,8.249,908.28,224.93,2175.47,33.22,Increasing,SPIKE/ABNORMAL,"BOD, COD, TDS"
2026-01-21 23:00:00,8.074,884.13,212.96,2112.57,32.52,Increasing,SPIKE/ABNORMAL,"BOD, COD, TDS"
2026-01-22 00:00:00,8.259,744.37,196.76,2012.93,31.63,Decreasing,SPIKE/ABNORMAL,"COD, TDS"
2026-01-22 01:00:00,8.103,686.61,175.89,1875.93,31.36,Decreasing,SPIKE/ABNORMAL,"COD, TDS"
2026-01-22 02:00:00,8.018,647.96,149.19,1718.24,30.81,Decreasing,SPIKE/ABNORMAL,"COD, TDS"
2026-01-22 03:00:00,7.861,495.44,120.58,1551.24,30.9,Decreasing,SPIKE/ABNORMAL,TDS
2026-01-22 04:00:00,7.616,399.45,88.84,1359.49,30.48,Decreasing,NORMAL,None
2026-01-22 05:00:00,7.619,251.77,57.39,1151.66,29.95,Decreasing,NORMAL,None
2026-01-22 06:00:00,7.46,186.81,29.28,988.93,30.37,Decreasing,NORMAL,None
2026-01-22 07:00:00,7.435,81.4,5.42,847.27,30.29,Decreasing,NORMAL,None
2026-01-22 08:00:00,7.265,99.85,6.09,841.1,30.38,Decreasing,NORMAL,None
2026-01-22 09:00:00,7.471,48.44,8.06,821.96,30.93,Decreasing,NORMAL,None
2026-01-22 10:00:00,7.32,74.93,7.41,837.93,30.72,Decreasing,NORMAL,None
2026-01-22 11:00:00,7.482,77.6,6.72,825.22,31.12,Decreasing,NORMAL,None
2026-01-22 12:00:00,7.428,61.52,6.93,843.01,31.69,Decreasing,NORMAL,None
2026-01-22 13:00:00,7.276,38.75,4.64,837.84,31.25,Decreasing,NORMAL,None
2026-01-22 14:00:00,7.337,68.6,5.98,819.56,31.08,Decreasing,NORMAL,None
2026-01-22 15:00:00,7.388,45.45,6.34,824.41,30.76,Decreasing,NORMAL,None
2026-01-22 16:00:00,7.556,30.0,7.47,802.12,30.55,Decreasing,NORMAL,None
2026-01-22 17:00:00,7.182,84.72,5.88,805.72,29.84,Increasing,NORMAL,None
2026-01-22 18:00:00,7.301,30.95,5.53,803.97,30.03,Decreasing,NORMAL,None
2026-01-22 19:00:00,7.384,76.39,5.67,785.01,28.56,Increasing,NORMAL,None
2026-01-22 20:00:00,7.35,93.52,5.96,791.39,29.25,Increasing,NORMAL,None
2026-01-22 21:00:00,7.264,80.84,4.92,792.77,28.25,Increasing,NORMAL,None
2026-01-22 22:00:00,7.42,30.0,2.72,800.1,27.56,Stable,NORMAL,None
2026-01-22 23:00:00,7.318,35.32,4.11,796.66,27.92,Decreasing,NORMAL,None
2026-01-23 00:00:00,7.348,62.24,4.89,801.13,27.77,Increasing,NORMAL,None
2026-01-23 01:00:00,7.228,101.91,7.99,789.74,27.76,Increasing,NORMAL,None
2026-01-23 02:00:00,7.431,31.13,9.95,806.0,28.39,Decreasing,NORMAL,None
2026-01-23 03:00:00,7.322,71.6,12.22,811.24,28.15,Decreasing,NORMAL,None
2026-01-23 04:00:00,7.467,72.99,11.93,843.04,28.25,Increasing,NORMAL,None
2026-01-23 05:00:00,7.348,81.01,9.02,833.57,29.32,Increasing,NORMAL,None
2026-01-23 06:00:00,7.374,49.9,9.52,838.41,29.44,Decreasing,NORMAL,None
2026-01-23 07:00:00,7.463,30.0,6.98,837.3,29.48,Decreasing,NORMAL,None
2026-01-23 08:00:00,7.394,76.9,5.78,833.88,30.65,Increasing,NORMAL,None
2026-01-23 09:00:00,7.318,81.72,3.89,844.61,30.97,Increasing,NORMAL,None
2026-01-23 10:00:00,7.382,73.68,3.93,819.77,31.28,Stable,NORMAL,None
2026-01-23 11:00:00,7.414,46.97,4.14,822.73,31.77,Decreasing,NORMAL,None
2026-01-23 12:00:00,7.328,117.8,2.64,825.29,31.11,Increasing,NORMAL,None
2026-01-23 13:00:00,7.303,70.9,3.14,834.32,31.58,Increasing,NORMAL,None
2026-01-23 14:00:00,7.4,45.69,1.49,839.5,30.76,Decreasing,NORMAL,None
2026-01-23 15:00:00,7.133,63.29,1.39,830.85,30.67,Decreasing,NORMAL,None
2026-01-23 16:00:00,7.429,30.0,2.99,823.58,30.74,Decreasing,NORMAL,None
2026-01-23 17:00:00,7.373,30.0,2.75,816.56,29.72,Decreasing,NORMAL,None
2026-01-23 18:00:00,7.373,61.65,3.36,837.38,29.2,Decreasing,NORMAL,None
2026-01-23 19:00:00,7.34,31.29,3.64,837.02,29.3,Decreasing,NORMAL,None
2026-01-23 20:00:00,7.262,68.11,5.13,818.35,28.26,Increasing,NORMAL,None
2026-01-23 21:00:00,7.299,60.66,6.01,805.6,28.17,Decreasing,NORMAL,None
2026-01-23 22:00:00,7.58,83.41,6.28,801.41,28.34,Increasing,NORMAL,None
2026-01-23 23:00:00,7.403,45.66,5.43,835.16,27.4,Increasing,NORMAL,None
2026-01-24 00:00:00,7.325,68.64,3.31,839.55,27.54,Increasing,NORMAL,None
2026-01-24 01:00:00,7.438,30.0,2.25,842.24,27.7,Decreasing,NORMAL,None
2026-01-24 02:00:00,7.302,63.67,2.36,847.64,27.52,Decreasing,NORMAL,None
2026-01-24 03:00:00,7.517,31.37,3.69,842.34,27.97,Decreasing,NORMAL,None
2026-01-24 04:00:00,7.523,42.35,3.0,836.84,28.85,Decreasing,NORMAL,None
2026-01-24 05:00:00,7.151,86.56,2.77,806.64,28.93,Increasing,NORMAL,None
2026-01-24 06:00:00,7.585,30.0,4.16,805.46,29.02,Decreasing,NORMAL,None
2026-01-24 07:00:00,7.368,103.78,5.08,824.3,30.58,Increasing,NORMAL,None
2026-01-24 08:00:00,7.211,72.24,4.88,832.19,30.59,Increasing,NORMAL,None
2026-01-24 09:00:00,7.449,46.93,3.13,834.58,31.07,Increasing,NORMAL,None
2026-01-24 10:00:00,7.294,48.97,1.68,827.59,31.11,Increasing,NORMAL,None
2026-01-24 11:00:00,7.445,33.85,1.0,827.49,31.59,Decreasing,NORMAL,None
2026-01-24 12:00:00,7.465,64.13,2.12,802.08,31.24,Increasing,NORMAL,None
2026-01-24 13:00:00,7.304,31.8,2.27,784.79,31.72,Decreasing,NORMAL,None
2026-01-24 14:00:00,7.253,30.0,2.77,775.15,31.21,Decreasing,NORMAL,None
2026-01-24 15:00:00,7.471,66.48,4.12,763.07,31.21,Increasing,NORMAL,None
2026-01-24 16:00:00,7.31,85.11,5.05,765.22,30.22,Increasing,NORMAL,None
2026-01-24 17:00:00,7.415,47.4,6.12,756.92,30.91,Increasing,NORMAL,None
2026-01-24 18:00:00,7.21,104.01,7.31,749.85,29.74,Increasing,NORMAL,None
2026-01-24 19:00:00,7.368,74.65,6.75,745.19,28.92,Increasing,NORMAL,None
2026-01-24 20:00:00,7.078,33.69,6.8,762.52,28.72,Increasing,NORMAL,None
2026-01-24 21:00:00,7.27,103.41,7.02,759.87,27.65,Increasing,NORMAL,None
2026-01-24 22:00:00,7.396,63.61,7.77,766.43,28.24,Decreasing,NORMAL,None
2026-01-24 23:00:00,7.257,161.63,28.94,793.3,27.64,Increasing,NORMAL,None
2026-01-25 00:00:00,7.263,108.17,24.97,806.89,27.59,Increasing,NORMAL,None
2026-01-25 01:00:00,7.364,129.45,24.53,804.02,27.61,Increasing,NORMAL,None
2026-01-25 02:00:00,7.367,140.87,22.48,798.22,27.81,Increasing,NORMAL,None
2026-01-25 03:00:00,7.163,122.41,18.79,828.49,28.3,Increasing,NORMAL,None
2026-01-25 04:00:00,7.245,99.58,15.28,827.7,28.55,Increasing,NORMAL,None
2026-01-25 05:00:00,7.312,96.54,14.28,822.78,29.45,Decreasing,NORMAL,None
2026-01-25 06:00:00,7.2,91.71,13.57,808.64,29.27,Decreasing,NORMAL,None
2026-01-25 07:00:00,7.255,84.06,11.23,788.64,30.37,Decreasing,NORMAL,None
2026-01-25 08:00:00,7.306,79.12,10.97,795.53,30.36,Decreasing,NORMAL,None
2026-01-25 09:00:00,7.289,86.8,10.97,823.3,30.83,Decreasing,NORMAL,None
2026-01-25 10:00:00,7.394,72.14,9.32,808.59,30.56,Decreasing,NORMAL,None
2026-01-25 11:00:00,7.338,50.7,7.79,796.65,31.52,Decreasing,NORMAL,None
2026-01-25 12:00:00,7.185,74.39,7.5,802.41,31.68,Decreasing,NORMAL,None
2026-01-25 13:00:00,7.269,59.6,7.07,809.51,31.18,Decreasing,NORMAL,None
2026-01-25 14:00:00,7.181,38.58,5.77,787.0,30.7,Decreasing,NORMAL,None
2026-01-25 15:00:00,7.297,106.23,9.63,794.37,30.84,Increasing,NORMAL,None
2026-01-25 16:00:00,7.265,56.05,8.36,794.1,30.47,Decreasing,NORMAL,None
2026-01-25 17:00:00,7.359,54.45,5.61,788.26,29.51,Increasing,NORMAL,None
2026-01-25 18:00:00,7.375,55.56,6.48,779.15,29.98,Decreasing,NORMAL,None
2026-01-25 19:00:00,7.444,67.43,9.52,768.76,28.6,Increasing,NORMAL,None
2026-01-25 20:00:00,7.168,85.37,10.3,768.85,29.23,Increasing,NORMAL,None
2026-01-25 21:00:00,7.218,97.26,9.93,785.7,28.66,Decreasing,NORMAL,None
2026-01-25 22:00:00,7.267,63.62,8.46,778.03,28.48,Increasing,NORMAL,None
2026-01-25 23:00:00,7.423,40.18,5.47,800.1,28.17,Decreasing,NORMAL,None
2026-01-26 00:00:00,7.533,35.83,4.66,790.66,27.97,Decreasing,NORMAL,None
2026-01-26 01:00:00,7.381,34.83,4.66,781.64,28.19,Decreasing,NORMAL,None
2026-01-26 02:00:00,7.4,30.0,2.99,781.55,28.39,Decreasing,NORMAL,None
2026-01-26 03:00:00,7.45,79.41,1.72,801.12,28.42,Decreasing,NORMAL,None
2026-01-26 04:00:00,7.273,53.72,3.17,812.74,28.69,Decreasing,NORMAL,None
2026-01-26 05:00:00,7.125,30.0,3.04,785.85,29.14,Decreasing,NORMAL,None
2026-01-26 06:00:00,7.343,72.7,3.91,830.11,29.73,Increasing,NORMAL,None
2026-01-26 07:00:00,7.332,53.46,4.08,831.82,30.22,Increasing,NORMAL,None
2026-01-26 08:00:00,7.196,82.74,4.3,850.26,30.12,Increasing,NORMAL,None
2026-01-26 09:00:00,7.24,75.28,5.38,835.75,30.56,Decreasing,NORMAL,None
2026-01-26 10:00:00,7.238,65.51,5.85,828.12,31.34,Increasing,NORMAL,None
2026-01-26 11:00:00,7.284,49.24,7.54,833.36,31.65,Increasing,NORMAL,None
2026-01-26 12:00:00,7.327,97.59,6.87,851.71,31.79,Increasing,NORMAL,None
2026-01-26 13:00:00,7.357,55.57,6.14,842.81,31.25,Increasing,NORMAL,None
2026-01-26 14:00:00,7.57,49.18,6.79,822.72,31.41,Decreasing,NORMAL,None
2026-01-26 15:00:00,7.392,41.38,11.4,831.58,30.78,Decreasing,NORMAL,None
2026-01-26 16:00:00,7.25,73.95,11.53,829.41,30.66,Increasing,NORMAL,None
2026-01-26 17:00:00,7.276,61.04,11.06,805.9,30.36,Increasing,NORMAL,None
2026-01-26 18:00:00,7.389,82.28,10.06,792.62,29.84,Decreasing,NORMAL,None
2026-01-26 19:00:00,7.283,37.95,8.86,791.88,29.85,Decreasing,NORMAL,None
2026-01-26 20:00:00,7.34,77.65,6.77,792.6,28.64,Increasing,NORMAL,None
2026-01-26 21:00:00,7.226,62.85,6.39,779.43,27.86,Increasing,NORMAL,None
2026-01-26 22:00:00,7.397,30.0,3.36,780.28,28.16,Decreasing,NORMAL,None
2026-01-26 23:00:00,7.363,47.39,2.79,769.92,28.02,Decreasing,NORMAL,None
2026-01-27 00:00:00,7.162,30.0,1.0,765.83,28.02,Decreasing,NORMAL,None
2026-01-27 01:00:00,7.465,39.52,1.11,750.28,28.45,Increasing,NORMAL,None
2026-01-27 02:00:00,7.401,30.0,1.0,757.66,28.18,Decreasing,NORMAL,None
2026-01-27 03:00:00,7.271,63.18,1.0,748.18,28.35,Stable,NORMAL,None
2026-01-27 04:00:00,7.578,55.82,9.75,738.57,28.77,Increasing,NORMAL,None
2026-01-27 05:00:00,7.306,113.36,15.53,773.33,29.28,Increasing,NORMAL,None
2026-01-27 06:00:00,7.236,50.53,12.4,760.75,29.42,Increasing,NORMAL,None
2026-01-27 07:00:00,7.361,56.95,12.15,765.18,30.31,Increasing,NORMAL,None
2026-01-27 08:00:00,7.371,30.0,10.0,767.53,30.68,Stable,NORMAL,None
2026-01-27 09:00:00,7.494,92.53,7.71,751.03,31.14,Increasing,NORMAL,None
2026-01-27 10:00:00,7.375,61.35,9.32,766.14,31.53,Increasing,NORMAL,None
2026-01-27 11:00:00,7.601,60.61,7.88,763.13,31.62,Decreasing,NORMAL,None
2026-01-27 12:00:00,7.344,55.73,8.45,758.06,31.04,Increasing,NORMAL,None
2026-01-27 13:00:00,7.374,57.9,8.41,783.11,31.69,Stable,NORMAL,None
2026-01-27 14:00:00,7.299,52.88,6.17,772.39,31.35,Increasing,NORMAL,None
2026-01-27 15:00:00,7.187,75.73,5.76,776.73,30.74,Decreasing,NORMAL,None
2026-01-27 16:00:00,7.439,53.03,5.72,782.01,31.15,Decreasing,NORMAL,None
2026-01-27 17:00:00,7.391,70.96,3.36,793.97,30.29,Increasing,NORMAL,None
2026-01-27 18:00:00,7.446,57.28,2.3,773.44,29.91,Stable,NORMAL,None
2026-01-27 19:00:00,7.404,66.62,3.92,760.08,29.12,Increasing,NORMAL,None
2026-01-27 20:00:00,7.284,51.49,3.16,751.94,28.48,Stable,NORMAL,None
2026-01-27 21:00:00,7.331,30.0,2.54,752.58,28.6,Decreasing,NORMAL,None
2026-01-27 22:00:00,7.348,59.17,2.46,743.91,28.56,Increasing,NORMAL,None
2026-01-27 23:00:00,7.308,41.73,3.15,738.8,28.3,Decreasing,NORMAL,None
2026-01-28 00:00:00,7.427,51.2,7.17,727.81,27.65,Decreasing,NORMAL,None
2026-01-28 01:00:00,7.406,71.85,5.27,773.64,27.84,Increasing,NORMAL,None
2026-01-28 02:00:00,7.289,73.77,5.77,786.13,26.89,Increasing,NORMAL,None
2026-01-28 03:00:00,7.409,83.08,3.99,778.61,28.75,Increasing,NORMAL,None
2026-01-28 04:00:00,7.302,35.08,3.63,779.98,28.07,Decreasing,NORMAL,None
2026-01-28 05:00:00,7.533,52.74,3.93,758.41,28.83,Increasing,NORMAL,None
2026-01-28 06:00:00,7.358,42.75,3.1,748.78,29.46,Decreasing,NORMAL,None
2026-01-28 07:00:00,7.547,30.0,1.0,733.84,30.25,Decreasing,NORMAL,None
2026-01-28 08:00:00,7.416,63.38,1.0,726.81,30.93,Decreasing,NORMAL,None
2026-01-28 09:00:00,7.574,32.13,1.0,732.31,30.7,Decreasing,NORMAL,None
2026-01-28 10:00:00,7.224,58.24,1.0,739.41,31.43,Increasing,NORMAL,None
2026-01-28 11:00:00,7.5,32.38,2.38,721.99,31.22,Decreasing,NORMAL,None
2026-01-28 12:00:00,7.231,87.92,2.92,704.61,31.37,Increasing,NORMAL,None
2026-01-28 13:00:00,7.231,47.43,4.24,690.82,31.83,Increasing,NORMAL,None
2026-01-28 14:00:00,7.412,71.57,6.94,700.79,31.37,Increasing,NORMAL,None
2026-01-28 15:00:00,7.3,30.0,5.6,700.15,30.94,Decreasing,NORMAL,None
2026-01-28 16:00:00,7.349,77.1,5.58,685.28,30.17,Increasing,NORMAL,None
2026-01-28 17:00:00,7.405,66.91,4.73,696.49,30.42,Increasing,NORMAL,None
2026-01-28 18:00:00,7.435,41.56,5.57,693.66,30.44,Decreasing,NORMAL,None
2026-01-28 19:00:00,7.253,45.09,5.41,710.18,29.63,Decreasing,NORMAL,None
2026-01-28 20:00:00,7.325,65.72,4.36,719.03,28.76,Decreasing,NORMAL,None
2026-01-28 21:00:00,7.329,30.0,4.07,738.69,28.43,Stable,NORMAL,None
2026-01-28 22:00:00,7.526,48.34,4.82,735.82,28.17,Decreasing,NORMAL,None
2026-01-28 23:00:00,7.314,68.9,2.09,755.51,27.91,Stable,NORMAL,None
2026-01-29 00:00:00,7.395,32.31,3.43,754.46,27.36,Decreasing,NORMAL,None
2026-01-29 01:00:00,7.308,30.0,4.44,739.92,28.03,Decreasing,NORMAL,None
2026-01-29 02:00:00,7.254,62.73,3.92,756.32,28.45,Decreasing,NORMAL,None
2026-01-29 03:00:00,7.594,72.38,5.9,779.09,28.42,Increasing,NORMAL,None
2026-01-29 04:00:00,7.42,67.37,7.04,799.93,28.92,Increasing,NORMAL,None
2026-01-29 05:00:00,7.107,77.93,6.41,789.64,29.28,Increasing,NORMAL,None
2026-01-29 06:00:00,7.315,57.73,7.46,789.53,29.73,Increasing,NORMAL,None
2026-01-29 07:00:00,7.469,113.79,11.77,786.49,30.28,Increasing,NORMAL,None
2026-01-29 08:00:00,7.268,125.93,11.5,793.55,30.41,Increasing,NORMAL,None
2026-01-29 09:00:00,7.394,105.54,11.48,787.82,30.91,Increasing,NORMAL,None
2026-01-29 10:00:00,7.326,67.25,10.68,804.16,31.5,Stable,NORMAL,None
2026-01-29 11:00:00,7.314,96.72,9.55,809.15,31.73,Increasing,NORMAL,None
2026-01-29 12:00:00,7.388,45.66,7.55,805.72,31.25,Decreasing,NORMAL,None
2026-01-29 13:00:00,7.353,70.67,9.19,793.21,31.6,Decreasing,NORMAL,None
2026-01-29 14:00:00,7.258,76.62,8.29,807.28,31.63,Decreasing,NORMAL,None
2026-01-29 15:00:00,7.306,83.95,8.8,811.48,31.1,Decreasing,NORMAL,None
2026-01-29 16:00:00,7.29,100.49,9.1,813.9,30.44,Increasing,NORMAL,None
2026-01-29 17:00:00,7.375,69.09,10.17,797.82,30.29,Decreasing,NORMAL,None
2026-01-29 18:00:00,7.422,86.34,11.03,790.53,29.61,Increasing,NORMAL,None
2026-01-29 19:00:00,7.311,82.69,9.69,804.09,29.05,Increasing,NORMAL,None
2026-01-29 20:00:00,7.085,112.91,13.46,839.94,28.83,Increasing,NORMAL,None
2026-01-29 21:00:00,7.311,63.9,13.94,822.11,28.32,Decreasing,NORMAL,None
2026-01-29 22:00:00,7.083,61.66,14.15,821.67,28.11,Decreasing,NORMAL,None
2026-01-29 23:00:00,7.291,109.31,12.07,822.78,28.22,Increasing,NORMAL,None
2026-01-30 00:00:00,7.272,84.84,12.03,825.66,28.08,Stable,NORMAL,None
2026-01-30 01:00:00,7.298,79.83,11.65,813.49,28.48,Decreasing,NORMAL,None
2026-01-30 02:00:00,7.247,67.47,9.76,820.07,28.3,Decreasing,NORMAL,None
2026-01-30 03:00:00,7.289,88.96,8.53,840.52,28.25,Increasing,NORMAL,None
2026-01-30 04:00:00,7.229,54.23,6.67,836.56,28.71,Decreasing,NORMAL,None
2026-01-30 05:00:00,7.265,91.91,7.2,824.82,29.59,Decreasing,NORMAL,None
2026-01-30 06:00:00,7.264,70.04,6.58,818.23,29.47,Decreasing,NORMAL,None
2026-01-30 07:00:00,7.536,46.53,6.82,806.63,30.27,Decreasing,NORMAL,None
2026-01-30 08:00:00,7.238,68.65,6.83,783.24,30.17,Stable,NORMAL,None
2026-01-30 09:00:00,7.201,79.93,6.29,784.34,30.68,Decreasing,NORMAL,None
2026-01-30 10:00:00,7.24,57.19,5.36,776.89,30.98,Increasing,NORMAL,None
2026-01-30 11:00:00,7.243,38.05,3.43,786.12,31.52,Decreasing,NORMAL,None
2026-01-30 12:00:00,7.144,85.84,5.44,801.74,31.11,Increasing,NORMAL,None
2026-01-30 13:00:00,7.403,77.98,3.44,807.61,31.06,Increasing,NORMAL,None
2026-01-30 14:00:00,7.179,30.0,2.41,777.9,31.11,Decreasing,NORMAL,None
2026-01-30 15:00:00,7.403,30.0,2.81,780.47,30.74,Decreasing,NORMAL,None
2026-01-30 16:00:00,7.189,64.42,3.16,777.28,30.45,Increasing,NORMAL,None
2026-01-30 17:00:00,7.201,79.37,4.56,782.07,29.94,Increasing,NORMAL,None
2026-01-30 18:00:00,7.368,30.0,5.46,750.04,29.72,Decreasing,NORMAL,None
2026-01-30 19:00:00,7.499,31.79,5.98,734.49,29.39,Decreasing,NORMAL,None
2026-01-30 20:00:00,7.549,57.78,6.61,751.52,28.72,Increasing,NORMAL,None
2026-01-30 21:00:00,7.424,43.62,5.36,744.74,29.05,Increasing,NORMAL,None
2026-01-30 22:00:00,7.342,68.44,7.06,723.08,28.24,Increasing,NORMAL,None
2026-01-30 23:00:00,7.363,82.09,8.02,733.17,27.72,Increasing,NORMAL,None
2026-01-31 00:00:00,7.217,42.89,7.95,731.58,27.79,Increasing,NORMAL,None
2026-01-31 01:00:00,7.386,31.9,7.29,731.89,27.64,Stable,NORMAL,None
2026-01-31 02:00:00,7.473,53.25,6.17,747.25,28.19,Decreasing,NORMAL,None
2026-01-31 03:00:00,7.233,30.0,5.41,728.39,28.71,Decreasing,NORMAL,None
2026-01-31 04:00:00,7.43,78.67,5.53,725.18,28.89,Increasing,NORMAL,None
2026-01-31 05:00:00,7.346,71.73,6.13,728.9,29.67,Decreasing,NORMAL,None
2026-01-31 06:00:00,7.383,73.12,7.79,762.51,29.5,Increasing,NORMAL,None
2026-01-31 07:00:00,7.251,67.89,7.39,774.6,30.34,Increasing,NORMAL,None
2026-01-31 08:00:00,7.348,73.45,7.42,764.65,30.38,Increasing,NORMAL,None
2026-01-31 09:00:00,7.36,66.4,6.82,762.42,31.14,Increasing,NORMAL,None
2026-01-31 10:00:00,7.206,37.06,8.59,784.26,30.75,Decreasing,NORMAL,None
2026-01-31 11:00:00,7.398,58.56,8.96,783.17,32.24,Decreasing,NORMAL,None
2026-01-31 12:00:00,7.351,92.29,7.56,801.48,31.53,Increasing,NORMAL,None
2026-01-31 13:00:00,7.388,100.15,6.23,797.78,31.6,Increasing,NORMAL,None
2026-01-31 14:00:00,7.397,83.71,11.63,793.85,31.32,Increasing,NORMAL,None
2026-01-31 15:00:00,7.383,103.02,11.93,792.51,31.24,Increasing,NORMAL,None
2026-01-31 16:00:00,7.239,118.23,10.72,793.91,30.97,Increasing,NORMAL,None
2026-01-31 17:00:00,7.377,82.93,9.65,793.13,30.56,Increasing,NORMAL,None
2026-01-31 18:00:00,7.29,102.64,9.83,815.99,29.52,Increasing,NORMAL,None
2026-01-31 19:00:00,7.31,72.16,9.85,832.11,29.32,Decreasing,NORMAL,None
2026-01-31 20:00:00,7.314,76.01,8.64,841.19,28.82,Decreasing,NORMAL,None
2026-01-31 21:00:00,7.556,30.0,6.6,840.66,28.8,Decreasing,NORMAL,None
2026-01-31 22:00:00,7.331,87.04,8.51,857.07,27.88,Decreasing,NORMAL,None
2026-01-31 23:00:00,7.439,51.07,9.03,869.84,28.05,Decreasing,NORMAL,None
2026-02-01 00:00:00,7.423,93.57,8.95,858.15,28.1,Decreasing,NORMAL,None
2026-02-01 01:00:00,7.4,75.71,8.63,846.6,28.03,Increasing,NORMAL,None
2026-02-01 02:00:00,7.417,73.68,7.66,849.52,28.39,Decreasing,NORMAL,None
2026-02-01 03:00:00,7.486,101.2,6.65,848.28,28.32,Increasing,NORMAL,None
2026-02-01 04:00:00,7.237,30.0,8.84,882.49,28.75,Decreasing,NORMAL,None
2026-02-01 05:00:00,7.535,79.58,7.36,890.85,29.22,Increasing,NORMAL,None
2026-02-01 06:00:00,7.28,72.22,7.76,888.64,29.65,Decreasing,NORMAL,None
2026-02-01 07:00:00,7.338,91.49,7.33,895.34,30.25,Increasing,NORMAL,None
2026-02-01 08:00:00,7.2,62.43,8.8,889.13,30.48,Decreasing,NORMAL,None
2026-02-01 09:00:00,7.217,54.87,6.13,871.17,31.05,Decreasing,NORMAL,None
2026-02-01 10:00:00,7.517,53.69,6.5,862.36,31.51,Increasing,NORMAL,None
2026-02-01 11:00:00,7.342,77.4,4.62,856.77,31.91,Stable,NORMAL,None
2026-02-01 12:00:00,7.348,74.18,4.55,847.9,32.09,Stable,NORMAL,None
2026-02-01 13:00:00,7.5,51.81,4.74,844.08,31.49,Decreasing,NORMAL,None
2026-02-01 14:00:00,7.413,57.26,4.7,819.87,32.0,Decreasing,NORMAL,None
2026-02-01 15:00:00,7.248,83.58,4.19,813.65,31.11,Increasing,NORMAL,None
2026-02-01 16:00:00,7.343,94.65,2.86,808.64,30.32,Increasing,NORMAL,None
2026-02-01 17:00:00,7.452,30.0,1.26,774.41,30.2,Decreasing,NORMAL,None
2026-02-01 18:00:00,7.464,30.0,2.18,802.67,29.83,Decreasing,NORMAL,None
2026-02-01 19:00:00,7.548,30.0,2.98,800.16,29.65,Decreasing,NORMAL,None
2026-02-01 20:00:00,7.363,61.23,1.74,836.83,28.85,Increasing,NORMAL,None
2026-02-01 21:00:00,7.56,30.0,2.98,820.31,28.26,Decreasing,NORMAL,None
2026-02-01 22:00:00,7.254,30.0,4.13,824.41,28.2,Decreasing,NORMAL,None
2026-02-01 23:00:00,7.408,53.75,5.32,821.55,27.9,Increasing,NORMAL,None
2026-02-02 00:00:00,7.4,65.81,5.16,808.63,27.87,Increasing,NORMAL,None
2026-02-02 01:00:00,7.385,69.52,5.46,814.2,27.79,Increasing,NORMAL,None
2026-02-02 02:00:00,7.395,111.11,8.98,789.93,28.05,Increasing,NORMAL,None
2026-02-02 03:00:00,7.418,107.6,10.4,808.29,28.55,Increasing,NORMAL,None
2026-02-02 04:00:00,7.4,63.35,8.04,812.98,28.83,Increasing,NORMAL,None
2026-02-02 05:00:00,7.352,93.69,5.37,829.28,28.93,Increasing,NORMAL,None
2026-02-02 06:00:00,7.436,38.45,6.65,827.59,30.3,Decreasing,NORMAL,None
2026-02-02 07:00:00,7.423,30.0,5.93,841.63,29.66,Decreasing,NORMAL,None
2026-02-02 08:00:00,7.39,39.39,6.5,835.24,30.45,Decreasing,NORMAL,None
2026-02-02 09:00:00,7.31,75.51,5.02,847.08,30.73,Decreasing,NORMAL,None
2026-02-02 10:00:00,7.314,68.48,4.55,845.41,31.28,Increasing,NORMAL,None
2026-02-02 11:00:00,7.297,59.84,5.04,832.11,31.88,Decreasing,NORMAL,None
2026-02-02 12:00:00,7.16,126.65,4.99,836.18,31.5,Increasing,NORMAL,None
2026-02-02 13:00:00,7.316,73.71,7.13,823.29,31.36,Increasing,NORMAL,None
2026-02-02 14:00:00,7.448,48.32,7.72,841.51,31.52,Increasing,NORMAL,None
2026-02-02 15:00:00,7.477,97.11,6.27,830.56,31.06,Increasing,NORMAL,None
2026-02-02 16:00:00,7.266,62.53,6.48,844.34,30.71,Decreasing,NORMAL,None
2026-02-02 17:00:00,7.074,42.55,7.27,871.48,30.37,Decreasing,NORMAL,None
2026-02-02 18:00:00,7.308,52.92,6.91,860.33,29.18,Decreasing,NORMAL,None
2026-02-02 19:00:00,7.473,67.99,7.06,870.52,29.45,Decreasing,NORMAL,None
2026-02-02 20:00:00,7.303,78.04,8.27,871.62,28.99,Increasing,NORMAL,None
2026-02-02 21:00:00,7.442,64.39,9.87,869.73,28.6,Decreasing,NORMAL,None
2026-02-02 22:00:00,7.473,79.34,11.42,862.7,28.17,Increasing,NORMAL,None
2026-02-02 23:00:00,7.394,40.3,11.02,855.2,28.37,Decreasing,NORMAL,None
2026-02-03 00:00:00,7.126,42.15,10.98,842.75,28.23,Decreasing,NORMAL,None
2026-02-03 01:00:00,7.322,101.09,11.04,837.7,28.23,Increasing,NORMAL,None
2026-02-03 02:00:00,7.464,55.5,9.58,823.47,27.94,Decreasing,NORMAL,None
2026-02-03 03:00:00,7.362,93.96,9.73,800.2,28.89,Increasing,NORMAL,None
2026-02-03 04:00:00,7.474,82.27,9.69,805.96,29.02,Increasing,NORMAL,None
2026-02-03 05:00:00,7.176,65.85,10.99,792.5,29.28,Increasing,NORMAL,None
2026-02-03 06:00:00,7.262,66.29,9.9,785.03,29.55,Increasing,NORMAL,None
2026-02-03 07:00:00,7.325,55.9,14.53,775.66,30.45,Decreasing,NORMAL,None
2026-02-03 08:00:00,7.183,147.02,20.95,810.04,30.81,Increasing,NORMAL,None
2026-02-03 09:00:00,7.264,114.32,17.64,833.17,30.47,Increasing,NORMAL,None
2026-02-03 10:00:00,7.26,102.22,16.47,831.56,31.55,Increasing,NORMAL,None
2026-02-03 11:00:00,7.407,78.78,16.5,842.16,31.44,Increasing,NORMAL,None
2026-02-03 12:00:00,7.302,104.15,15.64,848.55,31.87,Increasing,NORMAL,None
2026-02-03 13:00:00,7.338,125.02,15.41,835.49,31.8,Increasing,NORMAL,None
2026-02-03 14:00:00,7.408,107.33,13.91,840.67,31.75,Decreasing,NORMAL,None
2026-02-03 15:00:00,7.239,110.43,11.52,860.4,30.95,Decreasing,NORMAL,None
2026-02-03 16:00:00,7.349,97.78,11.27,850.36,31.22,Decreasing,NORMAL,None
2026-02-03 17:00:00,7.306,83.32,10.88,850.62,30.79,Increasing,NORMAL,None
2026-02-03 18:00:00,7.372,62.75,7.93,836.9,29.76,Decreasing,NORMAL,None
2026-02-03 19:00:00,7.332,33.77,8.85,826.21,29.78,Decreasing,NORMAL,None
2026-02-03 20:00:00,7.552,41.48,6.87,788.19,29.09,Decreasing,NORMAL,None
2026-02-03 21:00:00,7.28,78.11,6.87,813.17,28.47,Decreasing,NORMAL,None
2026-02-03 22:00:00,7.33,77.72,5.51,825.07,28.31,Decreasing,NORMAL,None
2026-02-03 23:00:00,7.263,40.63,4.44,841.33,28.11,Decreasing,NORMAL,None
2026-02-04 00:00:00,7.392,42.45,3.29,832.53,27.8,Decreasing,NORMAL,None
2026-02-04 01:00:00,7.364,54.35,2.47,830.55,27.69,Increasing,NORMAL,None
2026-02-04 02:00:00,7.294,48.53,2.02,837.55,28.11,Increasing,NORMAL,None
2026-02-04 03:00:00,7.438,36.85,2.51,836.11,29.0,Decreasing,NORMAL,None
2026-02-04 04:00:00,7.337,45.1,4.26,815.05,28.94,Decreasing,NORMAL,None
2026-02-04 05:00:00,7.348,69.14,4.85,828.31,29.67,Increasing,NORMAL,None
2026-02-04 06:00:00,7.34,68.4,5.28,811.48,30.4,Increasing,NORMAL,None
2026-02-04 07:00:00,7.167,47.7,3.56,800.74,29.98,Decreasing,NORMAL,None
2026-02-04 08:00:00,7.518,72.32,2.4,793.43,30.79,Increasing,NORMAL,None
2026-02-04 09:00:00,7.284,30.0,2.23,805.94,30.5,Decreasing,NORMAL,None
2026-02-04 10:00:00,7.308,78.42,3.55,833.43,31.42,Increasing,NORMAL,None
2026-02-04 11:00:00,7.358,30.0,3.57,803.93,31.48,Decreasing,NORMAL,None
2026-02-04 12:00:00,7.319,44.15,3.27,805.82,31.02,Decreasing,NORMAL,None
2026-02-04 13:00:00,7.401,33.36,2.47,790.21,31.59,Decreasing,NORMAL,None
2026-02-04 14:00:00,7.271,41.59,3.29,800.62,31.06,Decreasing,NORMAL,None
2026-02-04 15:00:00,7.463,30.0,1.0,789.8,31.33,Stable,NORMAL,None
2026-02-04 16:00:00,7.325,30.0,1.0,778.76,30.39,Decreasing,NORMAL,None
2026-02-04 17:00:00,7.356,30.0,1.0,786.94,30.22,Stable,NORMAL,None
2026-02-04 18:00:00,7.232,157.71,24.51,798.6,29.63,Increasing,NORMAL,None
2026-02-04 19:00:00,7.348,90.56,21.84,774.53,28.98,Increasing,NORMAL,None
2026-02-04 20:00:00,7.351,133.51,19.07,793.3,29.05,Increasing,NORMAL,None
2026-02-04 21:00:00,7.342,87.77,16.45,783.39,28.59,Increasing,NORMAL,None
2026-02-04 22:00:00,7.215,91.55,14.41,787.63,28.52,Increasing,NORMAL,None
2026-02-04 23:00:00,7.378,110.02,12.69,808.89,28.21,Increasing,NORMAL,None
2026-02-05 00:00:00,7.312,146.54,16.88,831.1,28.28,Decreasing,NORMAL,None
2026-02-05 01:00:00,7.25,82.58,14.57,836.64,28.33,Decreasing,NORMAL,None
2026-02-05 02:00:00,7.347,47.73,15.05,819.8,28.3,Decreasing,NORMAL,None
2026-02-05 03:00:00,7.422,115.8,13.83,831.01,28.42,Increasing,NORMAL,None
2026-02-05 04:00:00,7.282,73.4,12.21,817.51,28.7,Decreasing,NORMAL,None
2026-02-05 05:00:00,7.163,116.01,12.68,842.43,29.6,Increasing,NORMAL,None
2026-02-05 06:00:00,7.439,111.08,11.48,816.77,30.02,Decreasing,NORMAL,None
2026-02-05 07:00:00,7.352,99.77,10.38,811.6,30.39,Increasing,NORMAL,None
2026-02-05 08:00:00,7.194,79.42,7.64,812.82,30.61,Increasing,NORMAL,None
2026-02-05 09:00:00,7.392,46.79,5.64,796.84,30.98,Decreasing,NORMAL,None
2026-02-05 10:00:00,7.314,50.55,5.79,807.47,31.22,Decreasing,NORMAL,None
2026-02-05 11:00:00,7.297,65.63,5.32,811.42,31.92,Decreasing,NORMAL,None
2026-02-05 12:00:00,7.506,30.0,4.89,797.86,32.24,Decreasing,NORMAL,None
2026-02-05 13:00:00,7.376,71.9,3.54,802.54,31.53,Decreasing,NORMAL,None
2026-02-05 14:00:00,7.448,32.44,2.93,796.8,31.07,Decreasing,NORMAL,None
2026-02-05 15:00:00,7.286,75.35,5.53,804.26,31.11,Increasing,NORMAL,None
2026-02-05 16:00:00,7.292,30.0,4.03,789.37,30.83,Decreasing,NORMAL,None
2026-02-05 17:00:00,7.313,30.0,3.15,777.65,30.52,Decreasing,NORMAL,None
2026-02-05 18:00:00,7.31,30.0,1.21,773.36,29.78,Stable,NORMAL,None
2026-02-05 19:00:00,7.445,37.67,2.04,766.89,29.63,Decreasing,NORMAL,None
2026-02-05 20:00:00,7.246,78.51,1.89,774.6,28.88,Increasing,NORMAL,None
2026-02-05 21:00:00,7.4,30.0,2.1,792.43,28.89,Decreasing,NORMAL,None
2026-02-05 22:00:00,7.451,87.2,1.49,802.57,28.33,Increasing,NORMAL,None
2026-02-05 23:00:00,7.243,104.7,3.44,800.17,28.08,Increasing,NORMAL,None
2026-02-06 00:00:00,7.605,30.0,1.97,795.68,27.92,Stable,NORMAL,None
2026-02-06 01:00:00,7.043,55.61,1.21,817.99,28.01,Increasing,NORMAL,None
2026-02-06 02:00:00,7.514,30.0,1.72,817.46,27.93,Decreasing,NORMAL,None
2026-02-06 03:00:00,7.337,39.4,2.62,810.04,28.97,Increasing,NORMAL,None
2026-02-06 04:00:00,7.504,30.0,2.17,817.77,28.47,Decreasing,NORMAL,None
2026-02-06 05:00:00,7.476,53.61,3.12,805.2,29.16,Decreasing,NORMAL,None
2026-02-06 06:00:00,7.458,60.83,3.85,822.9,30.22,Increasing,NORMAL,None
2026-02-06 07:00:00,7.298,56.92,3.88,805.77,30.17,Stable,NORMAL,None
2026-02-06 08:00:00,7.496,67.14,4.55,809.98,30.85,Increasing,NORMAL,None
2026-02-06 09:00:00,7.338,50.15,6.55,793.62,30.58,Increasing,NORMAL,None
2026-02-06 10:00:00,7.335,30.0,5.19,781.72,31.5,Stable,NORMAL,None
2026-02-06 11:00:00,7.414,69.84,5.2,769.38,31.69,Increasing,NORMAL,None
2026-02-06 12:00:00,7.347,30.0,4.76,771.37,31.99,Decreasing,NORMAL,None
2026-02-06 13:00:00,7.374,61.38,6.7,760.08,31.55,Increasing,NORMAL,None
2026-02-06 14:00:00,7.242,91.74,7.49,768.76,31.48,Increasing,NORMAL,None
2026-02-06 15:00:00,7.292,91.18,7.15,772.85,31.67,Increasing,NORMAL,None
2026-02-06 16:00:00,7.53,74.91,5.75,782.36,31.01,Increasing,NORMAL,None
2026-02-06 17:00:00,7.202,87.11,6.79,789.86,30.68,Increasing,NORMAL,None
2026-02-06 18:00:00,7.405,30.0,5.51,768.4,30.15,Stable,NORMAL,None
2026-02-06 19:00:00,7.43,76.19,6.21,797.65,29.44,Increasing,NORMAL,None
2026-02-06 20:00:00,7.339,89.57,11.94,803.28,29.9,Stable,NORMAL,None
2026-02-06 21:00:00,7.16,93.59,11.36,832.28,28.98,Stable,NORMAL,None
2026-02-06 22:00:00,7.221,65.43,10.76,846.68,28.58,Decreasing,NORMAL,None
2026-02-06 23:00:00,7.301,88.21,11.98,836.72,28.4,Stable,NORMAL,None
2026-02-07 00:00:00,7.088,52.14,9.21,824.01,27.79,Increasing,NORMAL,None
2026-02-07 01:00:00,7.255,39.06,6.53,801.4,27.65,Decreasing,NORMAL,None
2026-02-07 02:00:00,7.404,30.0,6.31,760.47,28.0,Decreasing,NORMAL,None
2026-02-07 03:00:00,7.467,39.08,4.71,792.44,28.13,Decreasing,NORMAL,None
2026-02-07 04:00:00,7.512,30.0,4.33,766.39,28.68,Decreasing,NORMAL,None
2026-02-07 05:00:00,7.497,30.0,3.44,767.05,29.25,Decreasing,NORMAL,None
2026-02-07 06:00:00,7.493,64.93,2.45,775.41,29.46,Increasing,NORMAL,None
2026-02-07 07:00:00,7.306,62.98,3.75,786.45,30.45,Increasing,NORMAL,None
2026-02-07 08:00:00,7.395,30.0,3.02,758.7,30.68,Stable,NORMAL,None
2026-02-07 09:00:00,7.426,53.25,2.36,769.25,31.14,Increasing,NORMAL,None
2026-02-07 10:00:00,7.513,32.3,3.65,779.08,31.45,Increasing,NORMAL,None
2026-02-07 11:00:00,7.427,44.51,2.8,743.24,31.31,Increasing,NORMAL,None
2026-02-07 12:00:00,7.336,53.06,2.41,764.36,31.45,Decreasing,NORMAL,None
2026-02-07 13:00:00,7.163,52.34,3.22,740.36,30.83,Decreasing,NORMAL,None
2026-02-07 14:00:00,7.362,33.58,4.61,744.62,30.96,Increasing,NORMAL,None
2026-02-07 15:00:00,7.375,75.59,4.66,741.95,30.75,Increasing,NORMAL,None
2026-02-07 16:00:00,7.49,50.17,4.02,760.67,30.77,Increasing,NORMAL,None
2026-02-07 17:00:00,7.285,40.27,4.31,783.75,30.37,Decreasing,NORMAL,None
2026-02-07 18:00:00,7.428,30.0,3.94,805.37,29.89,Decreasing,NORMAL,None
2026-02-07 19:00:00,7.275,34.78,4.8,794.96,29.64,Decreasing,NORMAL,None
2026-02-07 20:00:00,7.229,74.41,6.0,802.04,28.62,Increasing,NORMAL,None
2026-02-07 21:00:00,6.976,77.38,7.73,799.5,28.77,Stable,NORMAL,None
2026-02-07 22:00:00,7.31,91.5,7.88,774.19,28.45,Increasing,NORMAL,None
2026-02-07 23:00:00,7.492,36.27,7.39,787.9,28.6,Decreasing,NORMAL,None
2026-02-08 00:00:00,7.252,60.45,6.09,756.65,27.8,Increasing,NORMAL,None
2026-02-08 01:00:00,7.347,80.32,5.76,756.59,28.34,Increasing,NORMAL,None
2026-02-08 02:00:00,7.416,43.78,5.03,747.31,28.12,Decreasing,NORMAL,None
2026-02-08 03:00:00,7.319,62.37,4.92,726.23,28.51,Decreasing,NORMAL,None
2026-02-08 04:00:00,7.276,49.52,10.61,753.58,29.46,Decreasing,NORMAL,None
2026-02-08 05:00:00,7.429,55.69,8.01,751.67,29.45,Increasing,NORMAL,None
2026-02-08 06:00:00,7.378,91.16,9.98,785.63,29.56,Increasing,NORMAL,None
2026-02-08 07:00:00,7.246,86.35,8.89,786.6,30.28,Increasing,NORMAL,None
2026-02-08 08:00:00,7.265,95.46,9.72,797.58,30.77,Increasing,NORMAL,None
2026-02-08 09:00:00,7.293,134.98,10.51,811.51,31.69,Increasing,NORMAL,None
2026-02-08 10:00:00,7.364,70.26,8.61,802.37,31.49,Increasing,NORMAL,None
2026-02-08 11:00:00,7.399,72.03,9.85,792.04,31.78,Increasing,NORMAL,None
2026-02-08 12:00:00,7.231,130.71,8.67,792.61,31.44,Increasing,NORMAL,None
2026-02-08 13:00:00,7.384,83.26,7.56,778.4,31.86,Decreasing,NORMAL,None
2026-02-08 14:00:00,7.494,56.85,8.26,804.94,31.41,Decreasing,NORMAL,None
2026-02-08 15:00:00,7.31,73.57,6.68,784.72,31.06,Decreasing,NORMAL,None
2026-02-08 16:00:00,7.404,60.14,4.53,811.08,30.65,Decreasing,NORMAL,None
2026-02-08 17:00:00,7.222,66.15,4.16,794.12,30.67,Decreasing,NORMAL,None
2026-02-08 18:00:00,7.495,56.32,3.56,778.25,29.77,Decreasing,NORMAL,None
2026-02-08 19:00:00,7.344,58.73,4.71,784.58,29.35,Decreasing,NORMAL,None
2026-02-08 20:00:00,7.344,67.1,3.91,795.28,29.49,Increasing,NORMAL,None
2026-02-08 21:00:00,7.397,80.56,6.02,806.2,28.51,Increasing,NORMAL,None
2026-02-08 22:00:00,7.406,43.2,4.38,813.35,28.31,Decreasing,NORMAL,None
2026-02-08 23:00:00,7.587,35.61,5.05,804.58,28.73,Decreasing,NORMAL,None
2026-02-09 00:00:00,7.513,88.21,5.39,827.52,28.11,Increasing,NORMAL,None
2026-02-09 01:00:00,7.544,35.41,6.22,846.93,28.07,Decreasing,NORMAL,None
2026-02-09 02:00:00,7.418,72.62,5.16,841.3,28.8,Increasing,NORMAL,None
2026-02-09 03:00:00,7.407,49.65,4.55,820.63,28.01,Decreasing,NORMAL,None
2026-02-09 04:00:00,7.568,79.56,4.93,824.92,28.97,Increasing,NORMAL,None
2026-02-09 05:00:00,7.315,79.11,6.82,829.65,29.94,Increasing,NORMAL,None
2026-02-09 06:00:00,7.372,53.17,5.43,826.07,29.35,Decreasing,NORMAL,None
2026-02-09 07:00:00,7.377,56.18,6.01,814.4,30.0,Increasing,NORMAL,None
2026-02-09 08:00:00,7.347,30.0,7.08,806.82,30.41,Decreasing,NORMAL,None
2026-02-09 09:00:00,7.363,106.46,6.56,800.23,31.12,Increasing,NORMAL,None
2026-02-09 10:00:00,7.257,79.24,6.65,818.54,31.55,Stable,NORMAL,None
2026-02-09 11:00:00,7.452,36.35,5.68,814.68,31.13,Decreasing,NORMAL,None
2026-02-09 12:00:00,7.397,86.19,5.26,822.81,31.33,Increasing,NORMAL,None
2026-02-09 13:00:00,7.39,73.58,6.37,813.25,31.55,Increasing,NORMAL,None
2026-02-09 14:00:00,7.311,77.42,5.74,822.28,31.89,Increasing,NORMAL,None
2026-02-09 15:00:00,7.296,89.86,5.17,826.51,30.82,Decreasing,NORMAL,None
2026-02-09 16:00:00,7.433,126.07,6.36,844.02,30.73,Increasing,NORMAL,None
2026-02-09 17:00:00,7.282,59.41,6.12,855.78,29.78,Increasing,NORMAL,None
2026-02-09 18:00:00,7.5,52.14,5.97,834.46,30.31,Decreasing,NORMAL,None
2026-02-09 19:00:00,7.412,32.23,5.17,804.48,29.44,Decreasing,NORMAL,None
2026-02-09 20:00:00,7.347,102.42,3.95,796.67,28.44,Increasing,NORMAL,None
2026-02-09 21:00:00,7.301,30.0,3.36,811.47,28.61,Decreasing,NORMAL,None
2026-02-09 22:00:00,7.298,61.12,2.44,809.22,28.36,Decreasing,NORMAL,None
2026-02-09 23:00:00,7.339,30.0,2.08,789.0,27.91,Decreasing,NORMAL,None
2026-02-10 00:00:00,7.302,30.0,1.0,778.82,28.85,Decreasing,NORMAL,None
2026-02-10 01:00:00,7.746,60.05,1.0,782.07,28.46,Increasing,NORMAL,None
2026-02-10 02:00:00,7.485,30.0,1.0,753.8,28.44,Decreasing,NORMAL,None
2026-02-10 03:00:00,7.268,71.02,1.87,764.02,28.26,Increasing,NORMAL,None
2026-02-10 04:00:00,7.382,30.0,2.19,763.77,28.95,Decreasing,NORMAL,None
2026-02-10 05:00:00,7.379,73.44,1.0,759.51,29.3,Increasing,NORMAL,None
2026-02-10 06:00:00,7.305,55.9,1.0,778.93,29.43,Increasing,NORMAL,None
2026-02-10 07:00:00,7.486,79.74,1.0,775.35,30.6,Increasing,NORMAL,None
2026-02-10 08:00:00,7.42,30.0,1.0,787.85,31.04,Stable,NORMAL,None
2026-02-10 09:00:00,7.418,30.0,1.37,779.16,31.04,Decreasing,NORMAL,None
2026-02-10 10:00:00,7.392,30.0,1.81,767.88,31.64,Stable,NORMAL,None
2026-02-10 11:00:00,7.247,44.17,1.47,751.62,31.66,Decreasing,NORMAL,None
2026-02-10 12:00:00,7.406,30.0,1.0,766.33,31.67,Decreasing,NORMAL,None
2026-02-10 13:00:00,7.287,40.45,1.0,760.31,32.0,Decreasing,NORMAL,None
2026-02-10 14:00:00,7.343,43.74,1.0,778.55,31.68,Increasing,NORMAL,None
2026-02-10 15:00:00,7.287,30.0,1.0,756.69,31.33,Stable,NORMAL,None
2026-02-10 16:00:00,7.511,30.0,1.11,739.19,30.92,Stable,NORMAL,None
2026-02-10 17:00:00,7.393,30.0,1.89,716.14,30.2,Decreasing,NORMAL,None
2026-02-10 18:00:00,7.565,30.0,3.0,727.81,30.49,Stable,NORMAL,None
2026-02-10 19:00:00,7.307,30.0,3.66,724.14,29.2,Decreasing,NORMAL,None
2026-02-10 20:00:00,7.337,110.24,4.08,741.96,28.81,Increasing,NORMAL,None
2026-02-10 21:00:00,7.192,37.2,2.62,718.03,28.66,Increasing,NORMAL,None
2026-02-10 22:00:00,7.394,30.0,2.45,726.04,28.3,Stable,NORMAL,None
2026-02-10 23:00:00,7.559,30.0,4.54,722.42,28.35,Stable,NORMAL,None
2026-02-11 00:00:00,7.207,35.95,4.62,716.69,28.42,Increasing,NORMAL,None
2026-02-11 01:00:00,7.254,72.77,4.82,720.71,28.45,Increasing,NORMAL,None
2026-02-11 02:00:00,7.324,34.15,3.55,734.02,28.4,Decreasing,NORMAL,None
2026-02-11 03:00:00,7.396,30.0,4.91,731.94,28.36,Decreasing,NORMAL,None
2026-02-11 04:00:00,7.43,69.87,4.73,727.49,29.0,Increasing,NORMAL,None
2026-02-11 05:00:00,7.291,60.04,4.53,754.15,29.2,Increasing,NORMAL,None
2026-02-11 06:00:00,7.436,30.0,3.42,748.33,29.9,Decreasing,NORMAL,None
2026-02-11 07:00:00,7.442,30.0,3.11,709.43,30.15,Decreasing,NORMAL,None
2026-02-11 08:00:00,7.474,74.54,2.46,721.57,30.97,Increasing,NORMAL,None
2026-02-11 09:00:00,7.345,30.0,2.71,699.75,31.55,Stable,NORMAL,None
2026-02-11 10:00:00,7.392,80.79,1.72,706.88,31.44,Increasing,NORMAL,None
2026-02-11 11:00:00,7.341,51.75,1.05,720.77,32.04,Decreasing,NORMAL,None
2026-02-11 12:00:00,7.481,30.0,2.28,699.29,31.57,Stable,NORMAL,None
2026-02-11 13:00:00,7.418,49.57,1.73,690.94,31.84,Increasing,NORMAL,None
2026-02-11 14:00:00,7.526,43.95,3.62,713.16,31.35,Decreasing,NORMAL,None
2026-02-11 15:00:00,7.409,53.84,3.63,750.05,31.78,Increasing,NORMAL,None
2026-02-11 16:00:00,7.498,76.03,3.84,748.26,30.49,Decreasing,NORMAL,None
2026-02-11 17:00:00,7.475,62.46,4.84,773.85,30.39,Increasing,NORMAL,None
2026-02-11 18:00:00,7.221,55.45,6.91,769.78,30.08,Increasing,NORMAL,None
2026-02-11 19:00:00,7.276,52.98,7.43,745.55,29.45,Increasing,NORMAL,None
2026-02-11 20:00:00,7.381,110.75,6.15,761.74,29.32,Increasing,NORMAL,None
2026-02-11 21:00:00,7.287,56.93,6.69,753.04,29.18,Increasing,NORMAL,None
2026-02-11 22:00:00,7.367,30.0,6.83,752.86,28.09,Decreasing,NORMAL,None
2026-02-11 23:00:00,7.377,71.42,5.78,769.14,28.41,Increasing,NORMAL,None
2026-02-12 00:00:00,7.105,76.37,10.94,755.65,28.32,Increasing,NORMAL,None
2026-02-12 01:00:00,7.323,61.86,11.41,737.82,28.1,Increasing,NORMAL,None
2026-02-12 02:00:00,7.338,71.63,11.42,750.42,28.3,Decreasing,NORMAL,None
2026-02-12 03:00:00,7.314,35.86,11.22,764.83,28.4,Decreasing,NORMAL,None
2026-02-12 04:00:00,7.297,86.52,10.63,758.71,29.63,Increasing,NORMAL,None
2026-02-12 05:00:00,7.386,109.38,13.96,784.79,29.83,Increasing,NORMAL,None
2026-02-12 06:00:00,7.435,47.58,12.12,800.96,29.95,Decreasing,NORMAL,None
2026-02-12 07:00:00,7.407,95.36,11.04,805.81,30.59,Increasing,NORMAL,None
2026-02-12 08:00:00,7.376,105.2,9.42,781.04,31.44,Increasing,NORMAL,None
2026-02-12 09:00:00,7.541,48.02,7.88,767.9,31.13,Increasing,NORMAL,None
2026-02-12 10:00:00,7.173,66.31,6.43,767.49,31.12,Decreasing,NORMAL,None
2026-02-12 11:00:00,7.365,110.33,9.41,772.05,31.54,Stable,NORMAL,None
2026-02-12 12:00:00,7.451,80.45,8.67,760.76,31.73,Increasing,NORMAL,None
2026-02-12 13:00:00,7.287,105.68,7.23,775.24,31.62,Increasing,NORMAL,None
2026-02-12 14:00:00,7.314,48.41,7.53,778.52,31.59,Decreasing,NORMAL,None
2026-02-12 15:00:00,7.375,79.37,7.91,777.13,31.9,Increasing,NORMAL,None
2026-02-12 16:00:00,7.091,97.02,6.24,788.94,31.05,Increasing,NORMAL,None
2026-02-12 17:00:00,7.462,96.83,8.17,796.7,30.42,Decreasing,NORMAL,None
2026-02-12 18:00:00,7.303,57.67,8.21,815.33,30.45,Decreasing,NORMAL,None
2026-02-12 19:00:00,7.464,98.81,9.14,822.91,29.3,Decreasing,NORMAL,None
2026-02-12 20:00:00,7.474,63.17,9.51,812.67,29.38,Increasing,NORMAL,None
2026-02-12 21:00:00,7.25,94.4,9.42,823.77,28.42,Increasing,NORMAL,None
2026-02-12 22:00:00,7.368,56.28,7.91,807.71,28.2,Decreasing,NORMAL,None
2026-02-12 23:00:00,7.36,89.89,6.19,805.05,28.09,Decreasing,NORMAL,None
2026-02-13 00:00:00,7.3,41.89,5.1,815.08,28.4,Decreasing,NORMAL,None
2026-02-13 01:00:00,7.202,92.11,6.41,831.2,28.39,Decreasing,NORMAL,None
2026-02-13 02:00:00,7.388,56.98,5.65,818.69,28.18,Decreasing,NORMAL,None
2026-02-13 03:00:00,7.345,85.81,5.73,820.01,28.98,Decreasing,NORMAL,None
2026-02-13 04:00:00,7.518,35.92,4.52,817.5,29.85,Decreasing,NORMAL,None
2026-02-13 05:00:00,7.401,84.65,6.77,810.66,29.91,Decreasing,NORMAL,None
2026-02-13 06:00:00,7.332,71.97,7.06,803.82,29.97,Increasing,NORMAL,None
2026-02-13 07:00:00,7.316,30.0,8.17,799.79,30.25,Decreasing,NORMAL,None
2026-02-13 08:00:00,7.406,31.01,9.58,790.1,31.41,Decreasing,NORMAL,None
2026-02-13 09:00:00,7.341,84.75,8.32,788.74,31.12,Stable,NORMAL,None
2026-02-13 10:00:00,7.5,57.51,10.04,797.95,31.23,Increasing,NORMAL,None
2026-02-13 11:00:00,7.372,73.54,7.62,788.16,31.6,Decreasing,NORMAL,None
2026-02-13 12:00:00,7.307,64.33,8.2,798.49,31.87,Decreasing,NORMAL,None
2026-02-13 13:00:00,7.409,41.66,8.52,787.88,31.61,Increasing,NORMAL,None
2026-02-13 14:00:00,7.201,125.02,8.09,809.96,31.43,Increasing,NORMAL,None
2026-02-13 15:00:00,7.102,78.02,5.27,814.79,31.22,Decreasing,NORMAL,None
2026-02-13 16:00:00,7.573,66.49,5.05,791.61,30.91,Increasing,NORMAL,None
2026-02-13 17:00:00,7.357,30.0,4.53,770.0,30.91,Decreasing,NORMAL,None
2026-02-13 18:00:00,7.351,88.75,3.79,767.73,29.98,Increasing,NORMAL,None
2026-02-13 19:00:00,7.496,84.25,5.1,770.12,29.55,Increasing,NORMAL,None
2026-02-13 20:00:00,7.275,76.83,6.3,782.17,28.98,Decreasing,NORMAL,None
2026-02-13 21:00:00,7.325,73.35,5.3,784.15,28.34,Decreasing,NORMAL,None
2026-02-13 22:00:00,7.396,82.63,4.8,780.61,28.57,Increasing,NORMAL,None
2026-02-13 23:00:00,7.331,30.0,4.5,766.62,28.62,Stable,NORMAL,None
2026-02-14 00:00:00,7.45,73.1,4.35,749.04,28.2,Decreasing,NORMAL,None
2026-02-14 01:00:00,7.425,36.94,4.95,763.83,28.06,Decreasing,NORMAL,None
2026-02-14 02:00:00,7.417,38.95,4.66,763.95,28.04,Decreasing,NORMAL,None
2026-02-14 03:00:00,7.37,76.05,4.79,764.4,28.47,Increasing,NORMAL,None
2026-02-14 04:00:00,7.375,56.38,5.31,759.66,28.94,Decreasing,NORMAL,None
2026-02-14 05:00:00,7.334,81.32,7.91,761.86,29.75,Increasing,NORMAL,None
2026-02-14 06:00:00,7.326,50.78,8.56,762.21,29.51,Decreasing,NORMAL,None
2026-02-14 07:00:00,7.405,51.8,7.6,745.91,30.44,Increasing,NORMAL,None
2026-02-14 08:00:00,7.304,79.09,7.8,755.52,30.73,Increasing,NORMAL,None
2026-02-14 09:00:00,7.205,86.98,12.09,777.78,30.98,Increasing,NORMAL,None
2026-02-14 10:00:00,7.312,67.83,11.28,781.48,31.99,Increasing,NORMAL,None
2026-02-14 11:00:00,7.382,93.99,10.1,796.75,32.14,Increasing,NORMAL,None
2026-02-14 12:00:00,7.43,41.24,8.99,786.74,31.61,Decreasing,NORMAL,None
2026-02-14 13:00:00,7.185,139.78,7.85,794.84,32.08,Increasing,NORMAL,None
2026-02-14 14:00:00,7.27,81.98,7.9,789.98,31.72,Increasing,NORMAL,None
2026-02-14 15:00:00,7.299,30.0,8.04,779.69,32.13,Decreasing,NORMAL,None
2026-02-14 16:00:00,7.343,79.77,6.21,791.05,30.44,Increasing,NORMAL,None
2026-02-14 17:00:00,7.421,58.82,5.37,802.69,30.49,Decreasing,NORMAL,None
2026-02-14 18:00:00,7.484,30.0,5.61,803.22,29.93,Decreasing,NORMAL,None
2026-02-14 19:00:00,7.456,34.23,5.3,799.88,29.8,Decreasing,NORMAL,None
2026-02-14 20:00:00,7.259,54.63,4.47,780.38,28.78,Decreasing,NORMAL,None
2026-02-14 21:00:00,7.386,76.9,6.73,787.29,28.84,Increasing,NORMAL,None
2026-02-14 22:00:00,7.348,73.64,4.81,765.76,28.56,Decreasing,NORMAL,None
2026-02-14 23:00:00,7.324,74.88,3.91,782.86,28.57,Increasing,NORMAL,None
2026-02-15 00:00:00,7.278,76.6,6.17,787.17,28.27,Increasing,NORMAL,None
2026-02-15 01:00:00,7.36,59.99,5.5,799.5,28.0,Increasing,NORMAL,None
2026-02-15 02:00:00,7.441,62.59,4.96,798.31,28.4,Increasing,NORMAL,None
2026-02-15 03:00:00,7.391,30.0,5.58,760.79,29.01,Decreasing,NORMAL,None
2026-02-15 04:00:00,7.345,55.37,4.77,760.77,28.68,Decreasing,NORMAL,None
2026-02-15 05:00:00,7.355,30.0,4.43,758.31,29.62,Decreasing,NORMAL,None
2026-02-15 06:00:00,7.438,30.0,3.49,776.67,29.86,Decreasing,NORMAL,None
2026-02-15 07:00:00,7.431,79.48,4.13,806.21,30.66,Increasing,NORMAL,None
2026-02-15 08:00:00,7.576,59.01,3.88,799.54,31.83,Decreasing,NORMAL,None
2026-02-15 09:00:00,7.085,47.37,4.42,785.13,31.54,Increasing,NORMAL,None
2026-02-15 10:00:00,7.363,48.1,5.16,790.63,31.63,Decreasing,NORMAL,None
2026-02-15 11:00:00,7.168,292.41,50.43,825.82,31.94,Increasing,NORMAL,None
2026-02-15 12:00:00,7.252,255.71,43.9,843.11,32.13,Increasing,NORMAL,None
2026-02-15 13:00:00,7.168,201.64,38.27,854.63,31.99,Increasing,NORMAL,None
2026-02-15 14:00:00,7.098,229.51,34.68,887.45,31.55,Increasing,NORMAL,None
2026-02-15 15:00:00,7.441,122.54,30.46,890.56,31.39,Increasing,NORMAL,None
2026-02-15 16:00:00,7.161,140.2,28.48,904.92,31.16,Increasing,NORMAL,None
2026-02-15 17:00:00,7.339,182.41,30.68,910.32,31.2,Decreasing,NORMAL,None
2026-02-15 18:00:00,7.208,114.26,28.55,905.5,30.18,Decreasing,NORMAL,None
2026-02-15 19:00:00,7.312,126.2,25.13,913.19,29.38,Decreasing,NORMAL,None
2026-02-15 20:00:00,7.401,113.6,22.94,905.72,28.99,Decreasing,NORMAL,None
2026-02-15 21:00:00,7.288,132.54,21.96,904.98,28.56,Increasing,NORMAL,None
2026-02-15 22:00:00,7.288,124.58,17.96,907.66,28.72,Decreasing,NORMAL,None
2026-02-15 23:00:00,7.274,105.16,17.45,884.72,28.11,Decreasing,NORMAL,None
2026-02-16 00:00:00,7.355,105.44,15.5,870.64,28.38,Decreasing,NORMAL,None
2026-02-16 01:00:00,7.298,89.99,13.38,876.59,29.16,Decreasing,NORMAL,None
2026-02-16 02:00:00,7.338,82.88,10.91,874.52,28.15,Decreasing,NORMAL,None
2026-02-16 03:00:00,7.282,50.8,9.52,834.23,29.07,Decreasing,NORMAL,None
2026-02-16 04:00:00,7.545,44.49,7.58,831.21,29.3,Decreasing,NORMAL,None
2026-02-16 05:00:00,7.347,30.0,5.96,827.95,29.33,Decreasing,NORMAL,None
2026-02-16 06:00:00,7.333,73.43,6.55,828.96,30.28,Decreasing,NORMAL,None
2026-02-16 07:00:00,7.367,30.0,5.49,839.14,30.14,Decreasing,NORMAL,None
2026-02-16 08:00:00,7.312,68.64,5.18,842.9,30.88,Decreasing,NORMAL,None
2026-02-16 09:00:00,7.305,51.19,4.95,820.87,31.49,Stable,NORMAL,None
2026-02-16 10:00:00,7.193,47.92,6.13,837.99,31.57,Increasing,NORMAL,None
2026-02-16 11:00:00,7.552,35.94,5.79,813.11,31.33,Increasing,NORMAL,None
2026-02-16 12:00:00,7.371,32.31,6.51,802.64,32.22,Decreasing,NORMAL,None
2026-02-16 13:00:00,7.527,64.02,5.43,810.79,31.8,Increasing,NORMAL,None
2026-02-16 14:00:00,7.377,30.0,4.68,798.42,31.72,Decreasing,NORMAL,None
2026-02-16 15:00:00,7.395,30.0,4.21,773.5,30.58,Decreasing,NORMAL,None
2026-02-16 16:00:00,7.378,97.82,4.01,774.33,30.86,Increasing,NORMAL,None
2026-02-16 17:00:00,7.411,68.81,3.12,762.46,30.85,Increasing,NORMAL,None
2026-02-16 18:00:00,7.607,30.0,1.77,758.67,30.56,Decreasing,NORMAL,None
2026-02-16 19:00:00,7.241,53.67,2.33,782.34,29.91,Decreasing,NORMAL,None
2026-02-16 20:00:00,7.407,64.88,2.22,779.87,29.05,Increasing,NORMAL,None
2026-02-16 21:00:00,7.162,45.66,3.93,760.8,28.76,Increasing,NORMAL,None
2026-02-16 22:00:00,7.426,62.16,6.81,746.0,27.99,Decreasing,NORMAL,None
2026-02-16 23:00:00,7.377,64.65,6.99,762.36,28.23,Decreasing,NORMAL,None
2026-02-17 00:00:00,7.291,41.44,6.6,766.95,28.32,Increasing,NORMAL,None
2026-02-17 01:00:00,7.353,80.84,11.63,797.84,28.27,Increasing,NORMAL,None
2026-02-17 02:00:00,7.56,66.14,10.07,801.47,28.31,Stable,NORMAL,None
2026-02-17 03:00:00,7.328,37.79,8.71,831.44,28.77,Decreasing,NORMAL,None
2026-02-17 04:00:00,7.458,30.0,8.48,811.9,29.18,Decreasing,NORMAL,None
2026-02-17 05:00:00,7.317,61.81,7.72,820.93,29.6,Decreasing,NORMAL,None
2026-02-17 06:00:00,7.414,75.4,7.58,810.57,29.98,Increasing,NORMAL,None
2026-02-17 07:00:00,7.414,30.0,7.61,802.41,30.84,Decreasing,NORMAL,None
2026-02-17 08:00:00,7.214,65.42,7.61,803.9,31.0,Stable,NORMAL,None
2026-02-17 09:00:00,7.267,98.72,5.13,803.47,31.54,Increasing,NORMAL,None
2026-02-17 10:00:00,7.178,82.88,4.53,784.49,31.91,Increasing,NORMAL,None
2026-02-17 11:00:00,7.39,30.0,5.28,768.05,31.44,Decreasing,NORMAL,None
2026-02-17 12:00:00,7.268,42.77,3.82,774.46,32.12,Decreasing,NORMAL,None
2026-02-17 13:00:00,7.379,63.22,2.6,809.05,32.34,Increasing,NORMAL,None
2026-02-17 14:00:00,7.324,51.62,2.45,811.03,31.89,Decreasing,NORMAL,None
2026-02-17 15:00:00,7.239,40.06,1.15,816.36,31.53,Decreasing,NORMAL,None
2026-02-17 16:00:00,7.327,31.61,1.0,807.81,30.66,Decreasing,NORMAL,None
2026-02-17 17:00:00,7.573,30.0,1.0,812.23,30.8,Stable,NORMAL,None
2026-02-17 18:00:00,7.306,42.85,1.0,804.33,30.23,Stable,NORMAL,None
2026-02-17 19:00:00,7.314,45.67,1.0,816.12,30.12,Decreasing,NORMAL,None
2026-02-17 20:00:00,7.396,78.63,10.25,811.71,29.35,Increasing,NORMAL,None
2026-02-17 21:00:00,7.441,52.3,7.69,773.4,29.01,Increasing,NORMAL,None
2026-02-17 22:00:00,7.126,120.47,7.0,798.07,28.83,Increasing,NORMAL,None
2026-02-17 23:00:00,7.459,81.55,4.99,807.43,28.29,Increasing,NORMAL,None
2026-02-18 00:00:00,7.407,67.65,12.55,840.0,28.58,Increasing,NORMAL,None
2026-02-18 01:00:00,7.471,93.87,10.42,832.58,28.58,Increasing,NORMAL,None
2026-02-18 02:00:00,7.459,70.17,9.92,852.3,28.4,Decreasing,NORMAL,None
2026-02-18 03:00:00,7.329,98.33,10.18,845.06,29.22,Increasing,NORMAL,None
2026-02-18 04:00:00,7.147,72.98,11.28,840.32,29.25,Decreasing,NORMAL,None
2026-02-18 05:00:00,7.364,65.28,9.33,842.16,29.57,Decreasing,NORMAL,None
2026-02-18 06:00:00,7.442,72.61,8.33,855.94,29.69,Increasing,NORMAL,None
2026-02-18 07:00:00,7.377,59.52,8.48,847.9,30.76,Decreasing,NORMAL,None
2026-02-18 08:00:00,7.165,63.08,6.83,851.46,31.02,Decreasing,NORMAL,None
2026-02-18 09:00:00,7.416,39.84,7.03,850.9,30.28,Decreasing,NORMAL,None
2026-02-18 10:00:00,7.265,88.11,6.44,846.12,31.61,Increasing,NORMAL,None
2026-02-18 11:00:00,7.189,44.69,8.17,841.78,31.86,Decreasing,NORMAL,None
2026-02-18 12:00:00,7.442,68.94,7.71,825.5,31.78,Decreasing,NORMAL,None
2026-02-18 13:00:00,7.435,84.27,8.79,828.72,32.42,Increasing,NORMAL,None
2026-02-18 14:00:00,7.452,53.53,9.17,801.84,31.42,Decreasing,NORMAL,None
2026-02-18 15:00:00,7.117,89.19,8.33,788.13,30.91,Increasing,NORMAL,None
2026-02-18 16:00:00,7.374,45.67,8.34,789.35,31.3,Decreasing,NORMAL,None
2026-02-18 17:00:00,7.5,87.76,6.62,775.07,30.88,Increasing,NORMAL,None
2026-02-18 18:00:00,7.413,83.89,6.63,793.54,30.4,Increasing,NORMAL,None
2026-02-18 19:00:00,7.44,89.34,6.73,835.78,29.77,Increasing,NORMAL,None
2026-02-18 20:00:00,7.258,48.18,6.11,834.7,29.28,Decreasing,NORMAL,None
2026-02-18 21:00:00,7.423,35.77,5.32,817.96,28.66,Decreasing,NORMAL,None
2026-02-18 22:00:00,7.404,30.0,4.48,808.76,28.57,Decreasing,NORMAL,None
2026-02-18 23:00:00,7.375,43.3,3.34,805.48,28.42,Decreasing,NORMAL,None
2026-02-19 00:00:00,7.256,30.0,2.99,781.61,28.38,Decreasing,NORMAL,None
2026-02-19 01:00:00,7.436,116.91,1.59,775.74,28.91,Increasing,NORMAL,None
2026-02-19 02:00:00,7.231,72.28,4.49,766.8,29.12,Increasing,NORMAL,None
2026-02-19 03:00:00,7.405,45.48,2.85,776.52,29.15,Increasing,NORMAL,None
2026-02-19 04:00:00,7.392,68.98,3.64,772.06,29.37,Increasing,NORMAL,None
2026-02-19 05:00:00,7.494,60.5,4.72,783.17,29.33,Increasing,NORMAL,None
2026-02-19 06:00:00,7.354,39.7,6.68,773.38,30.04,Increasing,NORMAL,None
2026-02-19 07:00:00,7.292,57.58,6.02,769.28,30.23,Decreasing,NORMAL,None
2026-02-19 08:00:00,7.42,93.58,4.8,778.64,31.24,Increasing,NORMAL,None
2026-02-19 09:00:00,7.457,59.46,4.88,760.23,31.38,Increasing,NORMAL,None
2026-02-19 10:00:00,7.582,65.22,7.35,764.45,31.55,Decreasing,NORMAL,None
2026-02-19 11:00:00,7.43,34.4,6.43,762.31,31.8,Decreasing,NORMAL,None
2026-02-19 12:00:00,7.373,30.0,6.4,771.91,31.71,Decreasing,NORMAL,None
2026-02-19 13:00:00,7.381,73.53,6.26,777.96,31.64,Increasing,NORMAL,None
2026-02-19 14:00:00,7.28,34.15,5.19,770.6,31.68,Decreasing,NORMAL,None
2026-02-19 15:00:00,7.438,44.81,6.77,767.75,31.33,Decreasing,NORMAL,None
2026-02-19 16:00:00,7.404,55.77,9.25,759.8,30.8,Decreasing,NORMAL,None
2026-02-19 17:00:00,7.35,92.19,9.89,787.37,31.07,Increasing,NORMAL,None
2026-02-19 18:00:00,7.317,138.55,10.42,804.56,29.99,Increasing,NORMAL,None
2026-02-19 19:00:00,7.223,90.93,9.85,812.97,30.3,Increasing,NORMAL,None
2026-02-19 20:00:00,7.334,73.71,8.61,835.1,29.07,Increasing,NORMAL,None
2026-02-19 21:00:00,7.438,78.1,11.89,815.33,29.46,Increasing,NORMAL,None
2026-02-19 22:00:00,7.377,86.23,9.35,796.83,28.8,Increasing,NORMAL,None
2026-02-19 23:00:00,7.304,87.1,8.8,821.06,28.97,Decreasing,NORMAL,None
2026-02-20 00:00:00,7.289,78.86,9.83,804.14,27.95,Decreasing,NORMAL,None
2026-02-20 01:00:00,7.337,76.66,9.96,803.09,28.47,Decreasing,NORMAL,None
2026-02-20 02:00:00,7.348,71.14,7.92,821.68,28.39,Decreasing,NORMAL,None
2026-02-20 03:00:00,7.354,93.72,9.31,817.55,29.05,Increasing,NORMAL,None
2026-02-20 04:00:00,7.301,30.0,6.45,815.28,29.19,Decreasing,NORMAL,None
2026-02-20 05:00:00,7.311,61.96,5.55,813.97,29.75,Decreasing,NORMAL,None
2026-02-20 06:00:00,7.412,49.15,4.65,805.09,29.81,Decreasing,NORMAL,None
2026-02-20 07:00:00,7.268,68.88,5.47,789.77,30.73,Decreasing,NORMAL,None
2026-02-20 08:00:00,7.434,33.76,3.47,769.88,31.0,Decreasing,NORMAL,None
2026-02-20 09:00:00,7.37,53.86,4.17,773.9,31.02,Decreasing,NORMAL,None
2026-02-20 10:00:00,7.483,48.59,4.11,779.83,31.73,Increasing,NORMAL,None
2026-02-20 11:00:00,7.407,67.82,5.08,770.13,31.77,Increasing,NORMAL,None
2026-02-20 12:00:00,7.447,81.63,5.35,770.6,32.01,Increasing,NORMAL,None
2026-02-20 13:00:00,7.413,66.94,4.99,745.95,32.01,Stable,NORMAL,None
2026-02-20 14:00:00,7.342,56.77,3.72,732.35,31.46,Increasing,NORMAL,None
2026-02-20 15:00:00,7.523,30.0,3.6,733.75,31.36,Decreasing,NORMAL,None
2026-02-20 16:00:00,7.355,30.0,6.62,751.43,30.93,Decreasing,NORMAL,None
2026-02-20 17:00:00,7.418,40.43,4.89,770.93,30.65,Decreasing,NORMAL,None
2026-02-20 18:00:00,7.394,31.65,3.91,752.42,30.08,Decreasing,NORMAL,None
2026-02-20 19:00:00,7.339,30.0,3.84,753.26,30.07,Decreasing,NORMAL,None
2026-02-20 20:00:00,7.252,158.94,30.17,774.8,29.22,Increasing,NORMAL,None
2026-02-20 21:00:00,7.35,113.55,26.48,781.98,28.87,Increasing,NORMAL,None
2026-02-20 22:00:00,7.392,136.24,24.23,775.13,28.42,Increasing,NORMAL,None
2026-02-20 23:00:00,7.412,82.34,21.65,768.99,28.6,Increasing,NORMAL,None
2026-02-21 00:00:00,7.213,151.65,21.29,785.64,28.36,Increasing,NORMAL,None
2026-02-21 01:00:00,7.317,115.63,19.87,838.9,28.32,Increasing,NORMAL,None
2026-02-21 02:00:00,7.205,136.84,18.19,844.16,28.27,Decreasing,NORMAL,None
2026-02-21 03:00:00,7.203,176.97,16.66,869.38,29.34,Increasing,NORMAL,None
2026-02-21 04:00:00,7.237,143.53,15.77,887.27,28.62,Increasing,NORMAL,None
2026-02-21 05:00:00,7.433,94.21,14.11,883.9,29.25,Increasing,NORMAL,None
2026-02-21 06:00:00,7.319,118.36,13.65,892.47,29.82,Decreasing,NORMAL,None
2026-02-21 07:00:00,7.261,93.22,12.51,865.89,30.71,Decreasing,NORMAL,None
2026-02-21 08:00:00,7.229,82.13,10.09,861.38,30.76,Decreasing,NORMAL,None
2026-02-21 09:00:00,7.491,46.48,8.76,862.86,30.72,Decreasing,NORMAL,None
2026-02-21 10:00:00,7.336,43.73,10.43,863.11,31.64,Decreasing,NORMAL,None
2026-02-21 11:00:00,7.247,35.68,10.4,853.87,31.96,Decreasing,NORMAL,None
2026-02-21 12:00:00,7.336,136.79,11.04,847.25,32.09,Increasing,NORMAL,None
2026-02-21 13:00:00,7.266,102.5,11.61,843.04,31.47,Increasing,NORMAL,None
2026-02-21 14:00:00,7.4,68.74,10.91,825.57,31.93,Decreasing,NORMAL,None
2026-02-21 15:00:00,7.401,82.39,9.41,838.89,30.65,Increasing,NORMAL,None
